[
    {
        "number": 1,
        "timestamp_start": "00:00:00,000",
        "timestamp_end": "00:02:43,780",
        "text": "La inflación y el pleno empleo están en conflicto debido a que intentar controlar la inflación puede perjudicar la plena ocupación. Por otro lado, favorecer la plena ocupación puede perjudicar la inflación. El control de la inflación está en conflicto con la plena ocupación, ya que si se favorece la plena ocupación, habrá más dinero en circulación, lo cual puede llevar a un aumento de la inflación. Por otro lado, una baja inflación o incluso una deflación están asociadas a una baja demanda. Es importante tener en cuenta que la inflación no es algo deseable en una economía, ya que puede afectar el poder adquisitivo de la moneda y generar incertidumbre en los agentes económicos.",
        "old_text": "¿Por qué la inflación y el pleno empleo están en conflicto? ¿Por qué? ¿Qué pensáis? ¿Por qué intentar controlar la inflación nos perjudica la plena ocupación? ¿Sería esto? Y al revés, ¿no? ¿Por qué favorecer la plena ocupación nos va a perjudicar la inflación? Esa es tu pregunta, ¿no? Venga, va, un minuto. A ver. Venga, va. ¿Quién nos dice algo? Vale. Arturo, te lo voy a pasar y os lo vais pasando, ¿vale? No os rompáis que te vale una pasta esto. Venga, Arturo. No, no, ya está, ya está. Porque si tenemos plena ocupación significa que, bueno, si estamos favoreciendo la plena ocupación, Habrá más... Habrá más pasta, ¿no? Sí, habrá más dinero en circulación. ¿Eh? ¿Eh? No, no, no. La inflación no es algo deseable. El control de la inflación está en conflicto con la plena ocupación. El control, ¿vale? ¿Sí? Espera, espera. Pásale a un bebé. No, no, no es el turno, ¿eh? Sí, pásaselo, pásaselo. Tú querías decir algo también, ¿no? ¿Era esto o no? Sí, sí. Ah, era esto. Sí. Vale. Yo iba a decir que, bueno, una baja inflación o incluso una deflación estaba asociada a muy poca demanda. Inflación. Bueno, pues una baja inflación está asociada a una baja demanda. Aquí te has llevado todo un lío, ¿eh? Porque él no habla de deflación. Su pregunta no tenía nada que ver con la deflación. Hablaba de la inflación, solo de la inflación. Entonces, tú tienes razón en lo que le estás diciendo, ¿eh? Pero él nos preguntaba otra cosa, ¿no? Pero de todas maneras...",
        "kind": "online_video",
        "file_number": "1",
        "filename": "1 1 Planteando objetivos politica economica-wav.json",
        "url": "https://www.youtube.com/watch?v=GU1DMwlPIZo&t=0s",
        "source": "1 1 Planteando objetivos politica economica-wav"
    },
    {
        "number": 2,
        "timestamp_start": "00:02:48,160",
        "timestamp_end": "00:04:32,500",
        "text": "La inflación puede ser de dos tipos: de demanda o de costes. Para controlar la inflación de demanda, que ocurre cuando todos compran de forma descontrolada, se pueden aplicar medidas como aumentar los impuestos para desincentivar el consumo. Sin embargo, esto puede llevar a que las empresas vendan menos si la gente compra menos. Por otro lado, la inflación de costes se refiere a cuando los costes de producción son muy altos. En este caso, se pueden abaratar costes despidiendo empleados, lo cual puede ser una medida drástica pero efectiva en ciertas circunstancias. En resumen, el control de la inflación puede requerir diferentes estrategias dependiendo del tipo de inflación que se esté enfrentando.",
        "old_text": "es decir, si quiero, también depende de qué tipo de inflación, ¿vale? Bueno, da igual, las dos. Mira, las dos. Si yo quiero controlar la inflación, ¿qué se llama? De demanda. ¿Qué es que tú? Todo el mundo está comprando cosas como locos. ¿Qué voy a hacer? Por ejemplo, ¿eh? Voy a meter un mogollón de impuestos. ¿Vale? Entonces, la gente no va a comprar tanto. Pero si la gente no compra tanto, las empresas no la van a vender tanto. ¿Ves? Ya estamos fastidiándola, ¿no? Y si tengo una inflación que se llama de costes, que es que los costes son muy altos, lo que dice Alejandro, ¿no? Voy a abaratar costes, ¿vale? Pues voy a echar gente a la calle. ¿Entiendes? Podría ser, ¿no? Una de las cosas. ¿Vale? ¿Ok? Lo dejamos aquí, ¿eh? Si os parece. No sé si... No sé. Uno de vosotros quería participar, pero... Ah. Sí, pero no vamos a tirar del hilo sobre la misma pregunta. ¿Entiendes? Vamos a responderle la pregunta a él. Pero si a la hora, si te ocurre a otra, ¿sabes? No podemos. Me sabe mal, ¿eh? Pero no podemos. Te lo guardas por ahí y con que... Habrá más gente que lo tendrá que utilizar. ¿Vale? Sí. Estábamos... Bueno, hay alguna duda más sobre lo que habéis leído, ¿eh? ¿No? Ok. Pues si os acordáis, estábamos que teníamos una rueda de prensa, ¿no? 450 periodistas dentro de cinco minutos y teníamos que decirles varios objetivos de política económica, ¿no? Nosotros ya habíamos puesto algunos, ¿no? Pero nos faltan, seguramente nos faltan, ¿no? Porque si no, si les decimos esto, hacemos el ridículo de una forma exagerada, ¿no? Entonces, ahí los tendremos, ¿no? Y tengo que hacer algo más, pero no tengo muy claro el qué.",
        "kind": "online_video",
        "file_number": "1",
        "filename": "1 1 Planteando objetivos politica economica-wav.json",
        "url": "https://www.youtube.com/watch?v=GU1DMwlPIZo&t=168s",
        "source": "1 1 Planteando objetivos politica economica-wav"
    },
    {
        "number": 3,
        "timestamp_start": "00:04:32,500",
        "timestamp_end": "00:06:22,940",
        "text": "En la economía española, uno de los objetivos clave en la actualidad es reducir la tasa de desempleo. Además, es fundamental mantener el equilibrio en la balanza de pagos, es decir, no importar más de lo que exportamos. También se ha mencionado la importancia de promover las energías renovables y subvencionar el sector agrario para impulsar las exportaciones y reducir las importaciones. Otras medidas incluyen aumentar el salario mínimo y combatir el fraude fiscal.\n\nPara aumentar la riqueza per cápita en un país, es necesario que la población en general tenga un mayor poder adquisitivo. Esto se logra a través de políticas que fomenten el crecimiento económico, la creación de empleo y el aumento de la productividad. Es importante que la riqueza se distribuya de manera equitativa para que todos los ciudadanos se vean beneficiados.",
        "old_text": "Sí, sí, ya está bien. Vale. Entonces, ¿qué habíamos dicho? Habíamos dicho que uno muy importante en estos momentos de la economía española es reducir la tasa de paro. Eso es evidente, ¿no? Creo que es obvio para todos. Habíamos hablado del equilibrio de la banca de pagos, que era que no importásemos mucho más de lo que exportábamos, ¿no? Y entonces, habíamos hablado también de más energías renovables, subvencionar el sector agrario. Creo que alguien nos ha dicho que no. Yo he dicho, ¿no? Ayudar a los agricultores, más exportaciones, menos importaciones, que yo resumía con esto, aumentar el salario mínimo, eliminar el fraude fiscal, ¿no? Pero seguro que nos quedan cosas, estoy segurísimo, ¿no? Entonces... Prometer, tú puedes prometer lo que quieras, ¿no? Pero prometer estabilidad económica, acuérdate, es decir, que seamos felices, ¿no? Es lo mismo que no decir nada, ¿vale? No, no, no, no. Lo que quiero ahora es que me propongáis cosas, ¿no? Las tenéis, ¿no? Seguro, ¿eh? Va, venga. ¿Quién quiere? Hostia, espera, ¿eh? Vamos a intentar ir por el micro, ¿vale? Si no te importa, ¿eh? Pero de seguida arribaremos a tú. ¿Es que no tenías tú el micro o ya no lo tienes? Sí. Ya tendrías que conseguir pasar a él. Aumentar la renta... Aumentar la renta per cápita. Es decir, aumentar... La gente gana más pasta, ¿no? ¿Sí? Bueno, veremos... Josep, que no es exactamente así, ¿eh? Que la gente sea más rica. Dilo así, ¿no? Si quieres... ¿Todo Dios quieres que sea más rico o no? ¿Eh? ¿Todos? No, no, a mí me parece bien, ¿eh? ¿Cómo lo podemos hacer esto? Para que todo Dios sea más rico en un país, ¿cómo lo podemos hacer, Josep? Pues se trata de aumentar el...",
        "kind": "online_video",
        "file_number": "1",
        "filename": "1 1 Planteando objetivos politica economica-wav.json",
        "url": "https://www.youtube.com/watch?v=GU1DMwlPIZo&t=272s",
        "source": "1 1 Planteando objetivos politica economica-wav"
    },
    {
        "number": 4,
        "timestamp_start": "00:06:27,440",
        "timestamp_end": "00:08:47,080",
        "text": "Uno de los objetivos más importantes en macroeconomía es el crecimiento económico. Esto se refiere al aumento en la producción de bienes y servicios de un país, lo cual conlleva a un aumento en la riqueza nacional. Otro objetivo relevante es la equidad en la distribución de la renta, lo cual implica que aquellos con mayores ingresos contribuyan más a través de impuestos que aquellos con menores ingresos. \n\nAdemás, es fundamental promover un mayor flujo de crédito por parte de los bancos hacia las pequeñas y medianas empresas (pymes). Esto contribuye al desarrollo de las pymes y, por ende, a la economía en general. Por otro lado, es importante mantener un equilibrio en la financiación de instituciones como la iglesia y el ejército, evitando caer en discursos demagógicos y asegurando una gestión responsable de los recursos públicos.",
        "old_text": "No, un objetivo muy importante. Muy importante, ¿eh? Muy importante. Será... ¿Cómo le decimos esto? Hostia... Bueno, da igual, ¿eh? Crecimiento. ¿No? Queremos crecer, ¿no? Crecimiento del PIB, ¿vale? Producir más bienes y servicios, ¿no? Esto hará que seamos más ricos en nuestro país, ¿no? ¿Vale? Eso es un objetivo importante, ¿no? Seguramente, ¿no? Dime, dime. No, aquí. Sí. Vale, esto lo voy a poner aquí. Bajar. Mirad, impuestos a partir de ahora, una T mayúscula, ¿vale? Sergi, más que bajarlos sería... ¿Equilibrarlos? ¿Cómo se equilibran los impuestos? Hombre, quien tiene más que pague más y quien tiene menos que pague menos. Distribución equitativa de la renta. ¿Hay que quedar bien esto? ¿Vale? Bueno, si lo pasamos a él, por favor. Mayor flujo de crédito de los bancos a las pymes. Vale. Más crédito, vamos a decir así, ¿vale? Más crédito, ¿no? Muy importante, ¿no? Seguramente. Vale, va. Vale. ¿Algo más así que alguien diga? O sea, yo quiero decir... Ya tenemos que entrar, ¿eh? O sea, vienen ya los periodistas, ¿eh? Vale. Intentamos que... Bueno, dímelo así y yo lo repetiré. Cuidado. Cuidado, cuidado, cuidado, cuidado. Genial, ¿eh? Reducir la financiación de la iglesia y el ejército, dices, ¿no? Sí, sí, pero... Bueno, el ejército... Yo no... No te voy a negar que sí, ¿eh? Pero la iglesia... Mira, es esto, ¿eh? Lo que recibe la iglesia del Estado español es... Mira, de mi uña, la punta de la punta de la punta, ¿no? Entonces, ¿qué quiero decirte con esto? Que no caigamos en demagogias, ¿no? ¿Vale? Lo del ejército también es demagógico.",
        "kind": "online_video",
        "file_number": "1",
        "filename": "1 1 Planteando objetivos politica economica-wav.json",
        "url": "https://www.youtube.com/watch?v=GU1DMwlPIZo&t=387s",
        "source": "1 1 Planteando objetivos politica economica-wav"
    },
    {
        "number": 5,
        "timestamp_start": "00:08:47,080",
        "timestamp_end": "00:10:09,880",
        "text": "La pertenencia a la Unión Europea implica ciertas condiciones, como el gasto en defensa exigido por la OTAN. Esto puede considerarse un \"kit\" que se debe cumplir para formar parte de la Unión Europea. Por ejemplo, países como Argentina, Bolivia y Perú han experimentado altos niveles de inflación en el pasado, llegando incluso al 10.000% en el caso de Perú. La inflación es un fenómeno económico que se caracteriza por el aumento generalizado y sostenido de los precios de los bienes y servicios en una economía. Es importante tener en cuenta estos aspectos al analizar las políticas económicas y la integración en organizaciones internacionales como la Unión Europea.",
        "old_text": "¿Por qué? ¿Por qué? Porque estamos en una estructura, una superestructura, ¿no? Que es la Unión Europea. Y la Unión Europea, el pertenecer a la Unión Europea, es condición sine qua non pertenecer a nuestra historia, que se llama OTAN. O NATO, ¿no? Y estos tíos te dicen... Tienes que gastar tanta pasta. Entonces, es un kit, ¿me entiendes? Es que es un problema, ¿no? Yo estoy de acuerdo contigo, ¿eh? Yo no hice la mil, yo soy objetor y todo lo que tú quieras, ¿no? Y cuando veo a un militar me pongo nervioso, ¿no? Pero, pero, pero, es un kit. Entonces, claro, el kit es... ¿Tú quieres pertenecer a la Unión Europea o no? No. Ah, vale, entonces... Pero si quieres pertenecer a la Unión Europea, no te queda más remedio. ¿Entiendes? Entonces, claro, tenemos que tener cuidado con estas cosas, ¿no? Vale, eh, mirad. Bien, eh, hemos hecho cosas muy interesantes, ¿eh? Pero, por ejemplo, hemos estado hablando... Ya no me acuerdo de tu nombre, ¿eh? Xavi, ¿no? Xavi nos ha contado una historia interesante, ¿no? Nos ha hablado de inflación, ¿no? ¿Tú, tú, tu origen es argentino o no? No, ¿eh? De Canarias. Ah, de Canarias. Bueno, claro. Vale, pero me parecía, ¿no? Que podía ser, ¿no? No, no, ¿por qué lo digo? Porque, mirad, en Argentina, en Argentina tuvieron inflaciones del 300%. Y eso es un mal rollo, que te cagas, ¿vale? En Bolivia tuvieron inflaciones del 4.800%. 4.800%. En Perú llegaron a tener una inflación del 10.000%.",
        "kind": "online_video",
        "file_number": "1",
        "filename": "1 1 Planteando objetivos politica economica-wav.json",
        "url": "https://www.youtube.com/watch?v=GU1DMwlPIZo&t=527s",
        "source": "1 1 Planteando objetivos politica economica-wav"
    },
    {
        "number": 6,
        "timestamp_start": "00:10:09,880",
        "timestamp_end": "00:11:41,620",
        "text": "En Mozambique, se han registrado inflaciones del trillón por ciento. Esto nos lleva a reflexionar sobre la importancia de la estabilidad de precios en una economía. En España, actualmente tenemos una inflación proyectada del 0,7%, lo cual se considera bajo y cercano a la deflación, lo cual es peligroso. Por tanto, la estabilidad de precios es un objetivo crucial en macroeconomía. En el pasado, España ha experimentado inflaciones del 30%, lo cual es altamente indeseable. Por lo tanto, la estabilidad de precios es un objetivo fundamental para evitar situaciones económicas desfavorables.",
        "old_text": "En Mozambique, tenéis un artículo por ahí colgado, de Mozambique, que han tenido inflaciones del trillones, no sé cuántos por ciento. ¿Os imagináis esto? ¿Vale? Yo he vivido la del 4.800, ¿no? El 4.800 significaba que yo iba andando por la calle, ¿no? Y de golpe veía, pues eso, ¿no? Veía esto. Y decía, oh, posición Galaxy 3, qué guapo. ¿Qué vale, no? Y tú me decías, 15, ¿no? Y yo te decía, a ver si me hacen un café, tal, ¿no? Volvía al cabo de un rato, ¿no? De un cuarto de hora, media hora, ¿no? Y ya valía 17. Ahora imaginaos vivir en un país así, terrible, ¿no? Terrible, ¿no? Por lo tanto, un objetivo muy importante, seguro, ¿no? Lo que pasa es que nosotros la tenemos, ¿no? Tenemos estabilidad de precios, la tenemos, ¿vale? La inflación para este año será... Nada, ¿vale? De 0,7%. De 0,7%, que es muy peligroso, ¿eh? Porque eso es casi una deflación, eso es un mal... Pero bueno, veis que está muy controlado, ¿no? Por lo tanto, claro, ahora no es un objetivo en España. Pero es un objetivo muy importante. Pensad que en España hemos tenido inflaciones del 30%, ¿no? Y eso no es deseable. Luego lo hablamos, ¿eh? Pero un objetivo importante sería lo que se llama la estabilidad... ...de precios. ¿Vale? Estabilidad de precios. Y otro que no hemos dicho, pero que es muy importante, yo creo, ¿no? Y es que, claro, con esta historia que tenemos ahora, ¿no? De la globalización y todas esas películas...",
        "kind": "online_video",
        "file_number": "1",
        "filename": "1 1 Planteando objetivos politica economica-wav.json",
        "url": "https://www.youtube.com/watch?v=GU1DMwlPIZo&t=609s",
        "source": "1 1 Planteando objetivos politica economica-wav"
    },
    {
        "number": 7,
        "timestamp_start": "00:11:41,620",
        "timestamp_end": "00:13:30,520",
        "text": "La empresa Nokia es un claro ejemplo de lo que puede suceder cuando una compañía deja de ser eficiente y competitiva en el mercado. En este caso, Microsoft logró hundir a Nokia y comprarla a un precio mucho más bajo que su valor anterior. Nokia, que en su momento fue líder mundial en teléfonos, sufrió pérdidas significativas debido a su falta de eficiencia y competitividad.\n\nEs importante destacar que, a pesar de que Nokia seguía fabricando buenos teléfonos, no logró adaptarse a los cambios del mercado y mantenerse a la vanguardia en términos de innovación y eficiencia. Esto nos lleva a reflexionar sobre la importancia de la eficiencia en el mundo empresarial actual, donde la competencia y la evolución constante son factores determinantes para el éxito de una empresa.",
        "old_text": "¿Os suena...? Seguro que os suena, ¿eh? Una empresa que se llama Nokia. ¿Y qué le ha pasado a Nokia? ¿Vale? Microsoft puso allí a un espía, ¿no? A mandar, no sé cómo lo consiguió, pero lo consiguió, ¿no? Ha conseguido hundir a Microsoft y que Microsoft la compre mucho más barata de lo que valía hace dos años, ¿no? ¿Vale? Pero la ha hundido, ¿no? La pregunta que os voy a hacer es la siguiente. ¿Qué pasa? Claro, Nokia dejó de ser eficiente, ¿no? Seguramente, ¿no? Porque ha tenido unas pérdidas bestiales, ¿no? Claro, es que hace una mierda de teléfonos Nokia, ¿no? ¿Sí? ¿Tú tienes un Nokia? No. Ni loco lo tendrías, ¿no? Bueno, quizás sí se te lo regalan, ¿no? Pero ¿tú te irías ahora a comprar un Nokia? Sí, pero ¿tú te lo comprarías o no? Vale. Vale. Entonces, mi pregunta es, claro, ¿qué pasa? Nokia era el líder mundial, ¿no? De teléfonos. Y de golpe, ¿qué pasó? ¿Qué pasó con estos tipos, no? Claro, dejaron de hacer buenos teléfonos. La verdad es que no. Hicieron muy buenos teléfonos, ¿no? Pero dejaron de ser eficientes. Dejaron de ser competitivos. Claro. ¿Por qué? ¿Por el precio? No, porque evolucionó todo, pero ellos no evolucionaron sus modos. Los últimos Nokia son la rehostia. Lo que pasa es que van con un programa raro y tal, no sé qué. Hostia. Por lo tanto, ¿qué quiero decir con esto? Fijaros, ¿eh? Que el mundo que vivimos es vital, vital, pero vital, ¿eh? Ser eficientes.",
        "kind": "online_video",
        "file_number": "1",
        "filename": "1 1 Planteando objetivos politica economica-wav.json",
        "url": "https://www.youtube.com/watch?v=GU1DMwlPIZo&t=701s",
        "source": "1 1 Planteando objetivos politica economica-wav"
    },
    {
        "number": 8,
        "timestamp_start": "00:13:30,520",
        "timestamp_end": "00:19:05,840",
        "text": "La eficiencia en economía es un concepto fundamental que se refiere a la capacidad de obtener el máximo provecho o producto de los recursos disponibles. En el caso de una empresa, la eficiencia se traduce en la capacidad de utilizar de manera óptima los recursos para maximizar la producción o los beneficios. \n\nEn el ejemplo mencionado sobre Apple, se destaca como una empresa eficiente. Esto se debe a que Apple ha logrado optimizar sus procesos productivos, su cadena de suministro, su marketing, entre otros aspectos, para ofrecer productos innovadores y de alta calidad a sus clientes, lo que se traduce en una posición destacada en el mercado y en la generación de altos beneficios.\n\nEs importante entender que la eficiencia no solo se aplica a nivel empresarial, sino que también es un concepto clave a nivel macroeconómico. En el contexto de la economía de un país, la eficiencia se refiere a la asignación óptima de los recursos disponibles para maximizar el bienestar de la sociedad en su conjunto. \n\nPor lo tanto, la eficiencia en macroeconomía implica que la economía está operando en su nivel máximo de producción, de manera que no es posible aumentar la producción de un bien sin disminuir la producción de otro. En este sentido, la eficiencia económica se relaciona con la idea de utilizar de forma óptima los recursos escasos de los que se dispone. \n\nEn resumen, la eficiencia es un concepto central en economía, tanto a nivel microeconómico como macroeconómico, y su comprensión es fundamental para analizar el funcionamiento de las empresas, los mercados y la economía en su conjunto.",
        "old_text": "¿No? Si no somos eficientes, ¡oh, terrible! Y, claro, ¿qué significa eficiencia? ¿No? Todos sabríamos definir, ¿no? Lo que es eficiente, ¿no? ¿No? El máximo, ¿cómo es decirlo? El máximo provecho o el máximo producto de los recursos que tengamos, ¿no? Eso sería ser la máxima eficiencia posible, ¿no? Ya, ya, pero fijaros que en economía el concepto de eficiencia es muy complejo. No es fácil, ¿no? Yo siempre pienso en ese concepto. Sé cuando una empresa es eficiente y cuando no lo es, pero el secreto de por qué lo es me cuesta mucho entenderlo. Me cuesta, ¿no? Os voy a poner ejemplos para que me entendáis, ¿no? Yo qué sé. Eso es un iPad, ¿no? Hoy casi, ¿no? No, no, volvía a un iPad. Apple, ¿no? Apple es eficiente. Y tan, ¿no? Y tan, ¿no? Y tan, ¿no? Y tan, ¿no? Y tan, ¿no? Y tan, ¿no? Y tan, ¿no? Y tan, ¿no? Y tan, ¿no? Y tan, ¿no? Y tan, ¿no? Y tan, ¿no? Y tan, ¿no? Y tan, ¿no? Y tan, ¿no? Y tan, ¿no? Y tan, ¿no? Y tan, ¿no? Y tan, ¿no? Y tan, ¿no? Y tan, ¿no? Y tan, ¿no? Y tan, ¿no? Y tan, ¿no? Y tan, ¿no? Y tan, ¿no? Y tan, ¿no? Y tan, ¿no? Y tan, ¿no? Y tan, ¿no? Y tan, Y tan, ¿no? Y tan, ¿no? Y tan, ¿no? Y tan, ¿no? Y tan, ¿no? Y tan, ¿no? Y tan, ¿no? Y tan, ¿no? Y tan, ¿no? Y tan, ¿no? Y tan, ¿no? Y tan, ¿no? Y tan, ¿no? Y tan, ¿no? Y tan, ¿no? Y tan, ¿no? Y tan, ¿no? Y tan, ¿no? Y tan, ¿no? Y tan, ¿no? Y tan, ¿no? Y tan, ¿no? Y tan, ¿no? Y tan, ¿no? Y tan, ¿no? Y tan, ¿no? Y tan, ¿no? Y tan, ¿no? Y tan, ¿no? Y tan, ¿no? Y tan, ¿no? Y tan, ¿no? Y tan, ¿no? Y tan, Y tan, ¿no? Y tan, ¿no? Y tan, ¿no? Y tan, ¿no? Y tan, ¿no? Lo que sí sé es que es vital ser eficiente.",
        "kind": "online_video",
        "file_number": "1",
        "filename": "1 1 Planteando objetivos politica economica-wav.json",
        "url": "https://www.youtube.com/watch?v=GU1DMwlPIZo&t=810s",
        "source": "1 1 Planteando objetivos politica economica-wav"
    },
    {
        "number": 9,
        "timestamp_start": "00:19:05,840",
        "timestamp_end": "00:21:02,380",
        "text": "La eficiencia en el mercado se refiere a la capacidad de una empresa para maximizar sus ingresos o beneficios, siendo líder en su sector y generando una gran cantidad de dinero. Por ejemplo, una empresa que sea la primera a nivel mundial en la venta de calzado deportivo se consideraría eficiente en el mercado. Sin embargo, la eficiencia puede cambiar con el tiempo, como en el caso de Nokia, que hace 15 años era considerada eficiente pero actualmente ha perdido esa posición. En resumen, la eficiencia en el mercado se basa en la capacidad de una empresa para generar ingresos y mantenerse competitiva a lo largo del tiempo.",
        "old_text": "Es vital. Dime. ¿Tenemos el micro por ahí? Piénsaselo ahí, por favor. Pero la... Y son los primeros en el mercado. No, son el number one, ¿no? Esto es ser eficiente, ¿no? ¿O no? No, no, no, no, no. Yo no digo eso, ¿eh? Yo no digo eso. ¿La eficiencia en qué te basas? Ganan mogollón de dinero o tienen muchos ingresos y que son la primera empresa mundial en calzado deportivo. En eso me baso, ¿no? Eso es ser eficiente. Claro. Nokia era eficiente, ¿no? Hace 15 años era super eficiente, ¿no? Ya ha dejado de serlo, ¿no? A ese nivel me refiero. Yo no intento vendrán re, te lo juro, ¿eh? Pero bueno. Marc, según lo que nos estás diciendo, yo puedo estar eficiente, pero no puedo ser ¿WhatsApp va a ser eficiente o no? ¿WhatsApp? No conozco la historia. No, yo tampoco, pero el WhatsApp gratis y va a ser eficiente que el producto. Sí. Sí. ¿Era el número uno a nivel mundial de enviarse mensajes en el mundo? No. Por lo tanto, olvídate, ¿vale? Yo no soy un experto en eficiencia. No soy ningún experto en eficiencia. ¿Vale? Olvídate. Así una historia. No os quedéis con lo que yo digo. Tú sabes lo que es ser eficiente, ¿no? Más o menos, ¿no? No, no es un entorno económico. Yo tampoco. ¿Por qué no? ¿Por qué no? ¿Por qué no? ¿Por qué no? ¿Por qué no? Por eso te he dado todas esas dudas. Por eso te he dado todas esas dudas.",
        "kind": "online_video",
        "file_number": "1",
        "filename": "1 1 Planteando objetivos politica economica-wav.json",
        "url": "https://www.youtube.com/watch?v=GU1DMwlPIZo&t=1145s",
        "source": "1 1 Planteando objetivos politica economica-wav"
    },
    {
        "number": 10,
        "timestamp_start": "00:21:02,380",
        "timestamp_end": "00:22:30,340",
        "text": "La eficiencia es un concepto fundamental en el ámbito de la macroeconomía. Si una empresa o un país no son eficientes en la producción de bienes y servicios, corren el riesgo de ser desplazados en el mercado. Incluso si se produce un producto de alta calidad, si no se es eficiente, el mercado puede no mostrar interés en él. Por lo tanto, la eficiencia se convierte en un factor determinante para el éxito económico.\n\nUn ejemplo de cómo la eficiencia puede ser crucial para un país es el caso del costo energético en España. España se encuentra entre los países con mayores costos energéticos a nivel mundial. En este sentido, el fomento de las energías renovables se plantea como un instrumento para mejorar la eficiencia energética y reducir los costos en el largo plazo. Es importante considerar que los recursos no renovables, como el petróleo, tienen un límite en su producción. De hecho, se estima que en 2005 se alcanzó el pico de producción de petróleo a nivel mundial, lo que implica la necesidad de buscar alternativas sostenibles y eficientes en el uso de la energía.",
        "old_text": "¿Entiendes? Lo que sí sé es que si no eres eficiente, mal rollo. El mercado te va a desplazar. Por más producto de calidad que tú hagas, da igual. El mercado no le interesará para nada tu producto. Porque no lo conoce por 80.000 posibles razones. ¿Vale? Pero lo que sí sé es que si tú no eres eficiente, que has desplazado el mercado. Ya está. Por lo tanto, por lo tanto, esto es básico. Para un país. ¿No? ¿Eh? ¿Eh? ¿Eh? ¿Eh? Bueno. No soy eficiente, ¿lo ves? ¿Sí o no? ¿Y a vos qué es la fe por ser eficiente? Yo qué sé. Al que sé es que lo hemos de ser, ¿no? Vale. Entonces, vamos a intentar pensar en cosas, ¿no? Por ejemplo, por ejemplo, ¿eh? Mira, yo no sé quién de vosotros decía el otro día de las energías renovables, ¿no? ¿No? Alejandro. Vale. Alejandro, sí, ¿eh? Pero claro, ¿es un objetivo principal? No. Es un instrumento. ¿Para qué? Para bastantes cosas. Una, posiblemente para empezar a ser eficientes, pero nuestro costo energético es muy alto en España, ¿no? Somos, ¿no? De los primeros del ranking mundial, ¿no? De lo que nos cuesta la energía en España, ¿no? Por lo tanto, ostras, como no apostemos por esto, ¿no? Dejaremos de ser eficientes, ¿no? ¿Por qué? Porque, mira, el petróleo se acaba. Es que se acaba, ¿eh? El pic de producción del petróleo, 2005. ¿Por qué? ¿Por qué? ¿Por qué? ¿Por qué? Desde el 2005 ya no somos capaces de producir tanto petróleo.",
        "kind": "online_video",
        "file_number": "1",
        "filename": "1 1 Planteando objetivos politica economica-wav.json",
        "url": "https://www.youtube.com/watch?v=GU1DMwlPIZo&t=1262s",
        "source": "1 1 Planteando objetivos politica economica-wav"
    }
]