[
    {
        "number": 1,
        "timestamp_start": "00:00:00,000",
        "timestamp_end": "00:02:14,500",
        "text": "La inflación es el aumento generalizado de los precios de bienes y servicios en una economía durante un período de tiempo. Esto provoca una pérdida de poder adquisitivo, tanto para las familias como para las empresas. Por ejemplo, si suben los precios de alimentos básicos como el pollo, los huevos, la leche, el pan, la carne, la harina y el tabaco, se puede decir que hay inflación. \n\nEs importante tener en cuenta que no todos los aumentos de precios implican inflación. Por ejemplo, si los precios suben durante un corto período y luego vuelven a bajar, no se considera inflación. Sin embargo, si el precio del petróleo aumenta, esto puede tener un impacto significativo en la economía, ya que el petróleo es un insumo fundamental en la mayoría de los procesos productivos. \n\nEl aumento en el precio del petróleo puede afectar los costos de transporte y de energía, lo cual a su vez puede llevar a aumentos en los precios de otros productos, como los tomates. Por lo tanto, el precio del petróleo puede ser un indicador clave para prever la inflación en una economía.",
        "old_text": "¿Qué es la inflación? ¿Qué significa esto? Esto significa que suben la mayoría de cosas. Que tú pierdes poder adquisitivo. Que las familias pierden poder adquisitivo. Esto es la inflación. Eso significa que si suben los precios durante 15 días y luego vuelven a bajar, no ha habido inflación. Eso significa que sube el precio del pollo y de los huevos y de la leche y del pan y de la carne y de la harina. Y del tabaco. ¿Hay inflación? No hay inflación. Es posible que no haya inflación. Porque esos productos para la alimentación tienen un peso que no llega al 20%. La cesta de la compra, que es en lo que gasta una familia española durante un año. Por lo tanto, puede ocurrir que eso es importante. Porque es casi el 20%. No tiene por qué provocar esa historia. Si sube el precio del petróleo... Ah, ahí sí que va a haber inflación. ¿Por qué? Porque el petróleo es una especie de virus que se introduce en todos los sistemas productivos. Si sube el petróleo es heavy, pero sube el precio de los tomates. Dices, los tomates, ¿no? Claro, ya son artificiales. No, no, sube el precio de los tomates. ¿Por qué? Por el transporte. Por el coste de la luz, de 80.000 cosas que utilizamos mucho en la energía. Derivada del petróleo, ¿no? Dime, Josep. Una pregunta que siempre me hace. Espera, espera, espera. Ten paciencia conmigo ahora. ¿Vale? Porque si quieres saber cómo calculamos esto, yo te lo explico dentro de un momento.",
        "kind": "online_video",
        "file_number": "2",
        "filename": "1 2 Inflación-wav.json",
        "url": "https://www.youtube.com/watch?v=1IBhEwQZX2M&t=0s",
        "source": "1 2 Inflación-wav"
    },
    {
        "number": 2,
        "timestamp_start": "00:02:14,500",
        "timestamp_end": "00:09:23,920",
        "text": "En macroeconomía, uno de los conceptos fundamentales es el de la ponderación de los bienes en el índice de precios. Esto significa que no todos los bienes tienen el mismo peso en el cálculo del nivel general de precios de un país. Por ejemplo, si en España sube el precio del aguacate, esto puede tener un impacto menor en la inflación total debido a que el aguacate no es un producto de consumo diario en comparación con otros alimentos como el aceite de oliva. \n\nLa ponderación de los bienes en el índice de precios es crucial para comprender cómo los cambios en los precios afectan la economía en su conjunto. En el caso mencionado, si el precio del aceite de oliva sube en España, esto podría tener un impacto más significativo en la inflación debido a la importancia de este producto en la dieta y el consumo diario de los españoles. \n\nPor otro lado, en países como Finlandia donde el aceite de oliva no es un producto de consumo común, un aumento en su precio no tendría un impacto tan relevante en la inflación. Esto ejemplifica cómo la ponderación de los bienes en el índice de precios varía según las preferencias y hábitos de consumo de cada país.",
        "old_text": "¿Vale? ¿Sí? Claro, si sube el precio del aguacate... Mira, en España el aguacate no es un producto muy importante. Nos gusta mucho el guacamole y toda esta historia, ¿no? Pero no es... No lo consumimos cada día, ¿no? Entonces, claro, es evidente que la ponderación del aguacate tendrá un peso muy inferior a si sube el precio del aceite de oliva. ¿No? En el caso español, ¿no? En cambio, si en Finlandia sube el precio del aceite de oliva, mira, los finlandeses no saben lo que es aceite de oliva. ¿Vale? Bueno, es la gran delicadeza, ¿no? Pero ellos no consumen aceite de oliva. Por lo tanto, para ellos no es importante. ¿Ok? Por lo tanto, vuelvo, ¿eh? ¿Vale? ¿Vale? ¿Vale? ¿Vale? ¿Vale? ¿Vale? ¿Vale? ¿Vale? ¿Vale? ¿Vale? ¿Vale? ¿Vale? ¿Vale? ¿Vale? ¿Vale? ¿Vale? ¿Vale? ¿Vale? ¿Vale? ¿Vale? ¿Vale? ¿Vale? ¿Vale? ¿Vale? ¿Vale? ¿Vale? ¿Vale? ¿Vale? ¿Vale? ¿Vale? ¿Vale? ¿Vale? ¿Vale? ¿Vale? ¿Vale? ¿Vale? ¿Vale ¿Vale? ¿Vale? ¿Vale? ¿Vale? ¿Vale? ¿Vale? ¿Vale? ¿Vale? ¿Vale? ¿Vale? ¿Vale? ¿Vale? ¿Vale? ¿Vale? ¿Vale? ¿Vale? ¿Vale? ¿Vale? ¿Vale? ¿Vale? ¿Vale? ¿Vale? ¿Vale? ¿Vale? ¿Vale? ¿Vale? ¿Vale? ¿Vale? ¿Vale? ¿Vale? ¿Vale? ¿Vale? ¿Vale? ¿Vale? ¿Vale? ¿Vale? ¿Vale ¿Vale? ¿Vale? ¿Vale? ¿Vale? ¿Vale? ¿Vale? ¿Vale? ¿Vale? ¿Vale? ¿Vale? ¿Vale? ¿Vale? ¿Vale? ¿Vale? ¿Vale? ¿Vale? ¿Vale? ¿Vale? ¿Vale? ¿Vale? ¿Vale? ¿Vale? ¿Vale? ¿Vale? ¿Vale? ¿Vale? ¿Vale? ¿Vale? ¿Vale? ¿Vale? ¿Vale? ¿Vale? ¿Vale? ¿Vale? ¿Vale? ¿Vale? ¿Vale ¿Vale? ¿Vale? ¿Vale? ¿Vale? ¿Vale? ¿Vale? ¿Vale? ¿Vale? ¿Vale? ¿Vale? ¿Vale? ¿Vale? ¿Vale? ¿Vale? ¿Vale? ¿Vale? ¿Vale? ¿Vale? ¿Vale? ¿Vale? ¿Vale? ¿Vale? ¿Vale? ¿Vale? ¿Vale? ¿Vale? ¿Vale? ¿Vale? ¿Vale? ¿Vale? ¿Vale? ¿Vale? ¿Vale? ¿Vale? ¿Vale? ¿Vale? ¿Vale? ¿Vale? ¿Vale? ¿Vale? ¿Vale? ¿Vale? ¿Vale? ¿Vale ¿Vale? ¿Vale? ¿Vale? ¿Vale? ¿Vale? ¿Vale? ¿Vale? ¿Vale? ¿Vale? ¿Vale? ¿Vale? ¿Vale? ¿Vale? ¿Vale? ¿Vale? ¿Vale? ¿Vale? ¿Vale? ¿Vale? ¿Vale? ¿Vale? ¿Vale? ¿Vale? ¿Vale? ¿Vale? ¿Vale? ¿Vale? ¿Vale? ¿Vale? ¿Vale? ¿Vale? ¿Vale? ¿Vale? ¿Vale? ¿Vale? ¿Vale? ¿Vale? ¿Vale? ¿Vale? ¿Vale? ¿Vale? ¿Vale ¿Vale? ¿Vale? ¿Vale? ¿Vale? ¿Vale? ¿Vale? ¿Vale? ¿Vale? ¿Vale? ¿Vale? ¿Vale? ¿Vale? ¿Vale? ¿Vale? ¿Vale? ¿Vale? ¿Vale? ¿Vale? ¿Vale? ¿Vale? ¿Vale? ¿Vale? ¿Vale? ¿Vale? ¿Vale? ¿Vale? ¿Vale? ¿Vale? ¿Vale? ¿Vale? ¿Vale? ¿Vale? ¿Vale? ¿Vale? ¿Vale? ¿Vale? ¿Vale ¿Vale? ¿Vale? ¿Vale? ¿Vale? ¿Vale? ¿Vale? ¿Vale? ¿Vale? ¿Vale? ¿Vale? ¿Vale? ¿Vale? ¿Vale? ¿Vale? ¿Vale? ¿Vale? ¿Vale? ¿Vale? ¿Vale? ¿Vale? ¿Vale? ¿Vale? ¿Vale? ¿Vale? ¿Vale? ¿Vale? ¿Vale? ¿Vale? ¿Vale? ¿Vale? ¿Vale? ¿Vale? ¿Vale? ¿Vale? ¿Vale? ¿Vale? ¿Vale ¿Vale? ¿Vale? ¿Vale? ¿Vale? ¿Vale? ¿Vale? ¿Vale? ¿Vale? ¿Vale? ¿Vale? ¿Vale? ¿Vale? ¿Vale? ¿Vale? ¿Vale? ¿Vale? ¿Vale? ¿Vale? ¿Vale? ¿Vale? ¿Vale? ¿Vale? ¿Vale? ¿Vale? ¿Vale? ¿Vale? ¿Vale? ¿Vale? ¿Vale? ¿Vale? ¿Vale? ¿Vale? ¿Vale? ¿Vale? ¿Vale? ¿Vale? ¿Vale ¿Vale? ¿Vale? ¿Vale? ¿Vale? ¿Vale? ¿Vale? ¿Vale? ¿Vale? ¿Vale? ¿Vale? ¿Vale? ¿Vale? ¿Vale? ¿Vale? ¿Vale? ¿Vale? ¿Vale? ¿Vale? ¿Vale? ¿Vale? ¿Vale? ¿Vale? ¿Vale? ¿Vale? ¿Vale? ¿Vale? ¿Vale? ¿Vale? ¿Vale? ¿Vale? ¿Vale? ¿Vale? ¿Vale? ¿Vale? ¿Vale? ¿Vale? ¿Vale ¿Vale? ¿Vale? ¿Vale? ¿Vale? ¿Vale? ¿Vale? ¿Vale? ¿Vale? Soy Alejandro.",
        "kind": "online_video",
        "file_number": "2",
        "filename": "1 2 Inflación-wav.json",
        "url": "https://www.youtube.com/watch?v=1IBhEwQZX2M&t=134s",
        "source": "1 2 Inflación-wav"
    },
    {
        "number": 3,
        "timestamp_start": "00:09:30,480",
        "timestamp_end": "00:11:33,620",
        "text": "La estabilidad de la inflación es un tema fundamental en macroeconomía. Cuando los precios suben de manera constante y los salarios no aumentan en la misma proporción, se genera un desequilibrio en la economía. Es importante analizar cuál es el nivel de inflación ideal para una economía, es decir, un nivel que permita el crecimiento económico sin generar distorsiones en los precios. \n\nLa inflación en el ámbito de los alimentos suele tener un impacto negativo, ya que afecta directamente el poder adquisitivo de los consumidores. Por lo tanto, es necesario estudiar cómo afecta la inflación en diferentes sectores de la economía y cómo puede influir en el crecimiento económico de un país. \n\nEn resumen, la inflación estable es un factor clave para mantener el equilibrio económico y promover un crecimiento sostenible a largo plazo. Es importante que los economistas analicen detenidamente este fenómeno y busquen soluciones que beneficien a la sociedad en su conjunto.",
        "old_text": "No, no, no. Sí, pero con una subida de un 4% siguen subiendo los precios. Yo estoy estudiando. Mira bien el cielo. Mira el cielo. Mira bien, ¿eh? ¿Ves algún cerdo volando o no? ¿Ves o no? Mira, mira bien. No, todavía no. Vale. Por lo tanto, hipótesis. Los cerdos vuelan. Montamos modelo cojonudo. Pero no es verdad, ¿no? ¿Verdad que no funciona? No. Vale. Por lo tanto, esto es muy bonito, ¿no? Pero el sí es que los economistas tenemos una tendencia a decir, si la gente fuera guay del Paraguay, si no se... Ya, pero es que la gente no es guay del Paraguay, si... ¿Entiendes? Los precios no son estables. Pero los sueldos no suben, los precios sí suben, y luego no bajan. ¿Quién dice que los sueldos no suben? O sea, mi padre lleva congelado el sueldo, es funcional. Pero te aseguro que mi sueldo... ¿Qué? Mi sueldo ha subido mogollón desde que yo empecé a trabajar en la universidad. Sí, sí, de verdad, de verdad. Entonces, olvídate, es importante que la inflación sea estable. Hay un artículo, léetelo y ya está, Alejandro, que se llama, ¿cuál es la inflación ideal? Léetelo y luego discutimos. ¿No vale ir al crecimiento esto, la inflación? Pregunto. Sí, sí, sí, guay, ¿eh? Pásale a él. Tú comentas que un panorama de inflación en el ámbito de los alimentos es negativo porque... Y a partir de aquí, haced la derivada que a vosotros os roti, que a mí ya me parece bien.",
        "kind": "online_video",
        "file_number": "2",
        "filename": "1 2 Inflación-wav.json",
        "url": "https://www.youtube.com/watch?v=1IBhEwQZX2M&t=570s",
        "source": "1 2 Inflación-wav"
    },
    {
        "number": 4,
        "timestamp_start": "00:11:33,620",
        "timestamp_end": "00:22:49,340",
        "text": "error",
        "old_text": "Precisamente porque los alimentos son necesarios y los consumimos en el día a día. Sí, pero a ver... ¿La pasta es diariamente que la compra Tamara? ¿O que se aman almen la pasta y el arroz y el café? ¿Seguro? Entonces, Tamara es muy espacial, pero yo, que no me agrada, de vez en cuando me voy a los supermercados estos grandes y yo veo a la gente flipando, copian unos carros, ¿no? Que aquello dice pasada, ¿no? Y allí van tropecientos papeles de váter. Coca-Cola. Tropecientos o sé qué, ¿no? ¿Vemos o no? Haz una cosa. Cuando salgas de aquí, te vas a Las Glorias. ¿Vale? Y allá hay... ¿Qué hay allá? Al Carrefour. Y has tirado allá... ¿Qué? ¿Vale? ¿Qué? ¿Qué? ¿Qué? ¿Qué? ¿Qué? ¿Qué? ¿Qué? ¿Qué? ¿Qué? ¿Qué? ¿Qué? ¿Qué? ¿Qué? ¿Qué? ¿Qué? ¿Qué? ¿Qué? ¿Qué? ¿Qué? ¿Qué? ¿Qué? ¿Qué? ¿Qué? ¿Qué? ¿Qué? ¿Qué? ¿Qué? ¿Qué? ¿Qué? ¿Qué? ¿Qué? ¿Qué? ¿Qué? ¿Qué? ¿Qué? ¿Qué? ¿Qué? ¿Qué? ¿Qué? ¿Qué? ¿Qué? ¿Qué? ¿Qué? ¿Qué? ¿Qué? ¿Qué? ¿Qué? ¿Qué? ¿Qué? ¿Qué? ¿Qué? ¿Qué? ¿Qué? ¿Qué? ¿Qué? ¿Qué? ¿Qué? ¿Qué? ¿Qué? ¿Qué? ¿Qué? ¿Qué? ¿Qué? ¿Qué? ¿Qué? ¿Qué? ¿Qué? ¿Qué? ¿Qué? ¿Qué? ¿Qué? ¿Qué? ¿Qué? ¿Qué? ¿Qué? ¿Qué? ¿Qué? ¿Qué? ¿Qué? ¿Qué? ¿Qué? ¿Qué? ¿Qué? ¿Qué? ¿Qué? ¿Qué? ¿Qué? ¿Qué? ¿Qué? ¿Qué? ¿Qué? ¿Qué? ¿Qué? ¿Qué? ¿Qué? ¿Qué? ¿Qué? ¿Qué? ¿Qué? ¿Qué? ¿Qué? ¿Qué? ¿Qué? ¿Qué? ¿Qué? ¿Qué? ¿Qué? ¿Qué? ¿Qué? ¿Qué? ¿Qué? ¿Qué? ¿Qué? ¿Qué? ¿Qué? ¿Qué? ¿Qué? ¿Qué? ¿Qué? ¿Qué? ¿Qué? ¿Qué? ¿Qué? ¿Qué? ¿Qué? ¿Qué? ¿Qué? ¿Qué? ¿Qué? ¿Qué? ¿Qué? ¿Qué? ¿Qué? ¿Qué? ¿Qué? ¿Qué? ¿Qué? ¿Qué? ¿Qué? ¿Qué? ¿Qué? ¿Qué? ¿Qué? ¿Qué? ¿Qué? ¿Qué? ¿Qué? ¿Qué? ¿Qué? ¿Qué? ¿Qué? ¿Qué? ¿Qué? ¿Qué? ¿Qué? ¿Qué? ¿Qué? ¿Qué? ¿Qué? ¿Qué? ¿Qué? ¿Qué? ¿Qué? ¿Qué? ¿Qué? ¿Qué? ¿Qué? ¿Qué? ¿Qué? ¿Qué? ¿Qué? ¿Qué? ¿Qué? ¿Qué? ¿Qué? ¿Qué? ¿Qué? ¿Qué? ¿Qué? ¿Qué? ¿Qué? ¿Qué? ¿Qué? ¿Qué? ¿Qué? ¿Qué? ¿Qué? ¿Qué? ¿Qué? ¿Qué? ¿Qué? ¿Qué? ¿Qué? ¿Qué? ¿Qué? ¿Qué? ¿Qué? ¿Qué? ¿Qué? ¿Qué? ¿Qué? ¿Qué? ¿Qué? ¿Qué? ¿Qué? ¿Qué? ¿Qué? ¿Qué? ¿Qué? ¿Qué? ¿Qué? ¿Qué? ¿Qué? ¿Qué? ¿Qué? ¿Qué? ¿Qué? ¿Qué? ¿Qué? ¿Qué? ¿Qué? ¿Qué? ¿Qué? ¿Qué? ¿Qué? ¿Qué? ¿Qué? ¿Qué? ¿Qué? ¿Qué? ¿Qué? ¿Qué? ¿Qué? ¿Qué? ¿Qué? ¿Qué? ¿Qué? ¿Qué? ¿Qué? ¿Qué? ¿Qué? ¿Qué? ¿Qué? ¿Qué? ¿Qué? ¿Qué? ¿Qué? ¿Qué? ¿Qué? ¿Qué? ¿Qué? ¿Qué? ¿Qué? ¿Qué? ¿Qué? ¿Qué? ¿Qué? ¿Qué? ¿Qué? ¿Qué? ¿Qué? ¿Qué? ¿Qué? ¿Qué? ¿Qué? ¿Qué? ¿Qué? ¿Qué? ¿Qué? ¿Qué? ¿Qué? ¿Qué? ¿Qué? ¿Qué? ¿Qué? ¿Qué? ¿Qué? ¿Qué? ¿Qué? ¿Qué? ¿Qué? ¿Qué? ¿Qué? ¿Qué? ¿Qué? ¿Qué? ¿Qué? ¿Qué? ¿Qué? ¿Qué? ¿Qué? ¿Qué? ¿Qué? ¿Qué? ¿Qué? ¿Qué? ¿Qué? ¿Qué? ¿Qué? ¿Qué? ¿Qué? ¿Qué? ¿Qué? ¿Qué? ¿Qué? ¿Qué? ¿Qué? ¿Qué? ¿Qué? ¿Qué? ¿Qué? ¿Qué? ¿Qué? ¿Qué? ¿Qué? ¿Qué? ¿Qué? ¿Qué? ¿Qué? ¿Qué? ¿Qué? ¿Qué? ¿Qué? ¿Qué? ¿Qué? ¿Qué? ¿Qué? ¿Qué? ¿Qué? ¿Qué? ¿Qué? ¿Qué? ¿Qué? ¿Qué? ¿Qué? ¿Qué? ¿Qué? ¿Qué? ¿Qué? ¿Qué? ¿Qué? ¿Qué? ¿Qué? ¿Qué? ¿Qué? ¿Qué? ¿Qué? ¿Qué? ¿Qué? ¿Qué? ¿Qué? ¿Qué? ¿Qué? ¿Qué? ¿Qué? ¿Qué? ¿Qué? ¿Qué? ¿Qué? ¿Qué? ¿Qué? ¿Qué? ¿Qué? ¿Qué? ¿Qué? ¿Qué? ¿Qué? ¿Qué? ¿Qué? ¿Qué? ¿Qué? ¿Qué? ¿Qué? ¿Qué? ¿Qué? ¿Qué? ¿Qué? ¿Qué? ¿Qué? ¿Qué? ¿Qué? ¿Qué? ¿Qué? ¿Qué? ¿Qué? ¿Qué? ¿Qué? ¿Qué? ¿Qué? ¿Qué? ¿Qué? ¿Qué? ¿Qué? ¿Qué? ¿Qué? ¿Qué? ¿Qué? ¿Qué? ¿Qué? ¿Qué?",
        "kind": "online_video",
        "file_number": "2",
        "filename": "1 2 Inflación-wav.json",
        "url": "https://www.youtube.com/watch?v=1IBhEwQZX2M&t=693s",
        "source": "1 2 Inflación-wav"
    }
]