[
    {
        "number": 1,
        "timestamp_start": "00:00:00,000",
        "timestamp_end": "00:01:37,840",
        "text": "Los costes laborales en España han sido tema de discusión, con recomendaciones de reducirlos. En comparación con otros países como Portugal, se observa una diferencia significativa. Mientras que en España el coste laboral es de 20 euros, en Portugal es de 12 euros. Incluso en Portugal se llegó a plantear una reducción del sueldo a los trabajadores en un 7%, lo que generó tensiones en el país vecino. Estas diferencias en los costes laborales pueden tener implicaciones en la competitividad de las economías y en las decisiones de política económica que se tomen.",
        "old_text": "Costes laborales en España. ¿Os acordáis que nos han dicho que son muy altos y que los tenemos que bajar? Vinieron aquí los hombres de negro en el mes de agosto del FMI. ¿Cómo se atreve? ¿Lo veis o no? En España mirad el coste laboral que tiene. España, España, España. 20 euros. Y el tío era alemán. ¿Lo veis o no? ¿Por qué nos dicen esto? Y se lo han dicho a Portugal. A Portugal. Que eso ya es un cinismo bestial. Mirad Portugal, pobrecillos. ¿Lo veis o no? 12 euros. Pues a Portugal incluso estuvieron a punto, no es broma, de provocar una revolución en Portugal porque el gobierno portugués quería rebajar el sueldo a todos los portugueses en un 7%. ¿Vale? Porque si lo habían dicho a Merkel, lo había dicho a Bájalo. ¿Pero por qué? ¿Por qué? ¿Por qué? ¿Por qué? ¿Por qué? ¿Por qué? ¿Por qué? ¿Por qué? ¿Por qué? ¿Por qué? ¿Por qué? ¿Por qué? ¿Por qué? ¿Por qué? ¿Por qué? ¿Por qué? ¿Por qué? ¿Por qué? ¿Por qué? ¿Por qué? ¿Por qué? ¿Por qué? ¿Por qué? ¿Por qué? ¿Por qué? ¿Por qué? ¿Por qué? ¿Por qué? ¿Por qué? ¿Por qué? ¿Por qué? ¿Por qué? ¿Por qué? ¿Por qué? ¿Por qué? ¿Por qué? ¿Por qué? ¿Por qué? ¿Por qué? ¿Por qué? ¿Por qué? ¿Por qué? ¿Por qué? ¿Por qué? ¿Por qué ¿Por qué? ¿Por qué? ¿Por qué? ¿Por qué? ¿Por qué? Sí, pero mandan mogollón, ¿eh? ¿Sabes por qué mandan? Porque tienen la pasta, tienen la pasta, tienen el poder.",
        "kind": "online_video",
        "file_number": "3",
        "filename": "1 3 Competitividad y salario-wav.json",
        "url": "https://www.youtube.com/watch?v=fIwrt0oPY1k&t=0s",
        "source": "1 3 Competitividad y salario-wav"
    },
    {
        "number": 2,
        "timestamp_start": "00:01:37,840",
        "timestamp_end": "00:03:07,520",
        "text": "En el ámbito de la macroeconomía, es fundamental comprender la noción de competitividad de los países. A menudo se tiende a asociar la competitividad únicamente con los precios de los productos, sin embargo, esta visión es limitada. La competitividad de un país no radica únicamente en ofrecer los precios más bajos en el mercado, como se menciona en el artículo sobre agroalimentación y competitividad.\n\nPor ejemplo, al observar marcas reconocidas a nivel mundial como Apple o Nike, queda claro que su estrategia de competitividad va más allá de simplemente ofrecer precios bajos. Estas empresas líderes no compiten en el mercado global basándose únicamente en precios, sino que se enfocan en la calidad, la innovación, el marketing, entre otros aspectos.\n\nEn el contexto occidental, la competitividad se construye sobre la base de la diferenciación de productos, la calidad, la marca y la innovación. Los consumidores no eligen un producto únicamente por ser el más barato, sino que valoran otros aspectos como la reputación de la marca, la calidad del producto, el diseño, entre otros.\n\nEs importante entender que la competitividad en el mercado global se juega en diferentes niveles y no se limita únicamente a ofrecer precios bajos. Por tanto, los países y las empresas deben enfocarse en desarrollar estrategias que les permitan destacar en aspectos más allá del precio, como la calidad, la innovación y la diferenciación para ser competitivos a nivel internacional.",
        "old_text": "Pero tienen el poder sobre nosotros. Para nada. Noruega no está ni en la Unión Europea, imagínate. No, no. Alemania pinta mucho. Francia pinta mucho. Francia pinta mucho o pintaba mucho, ¿no? Ahora la verdad es que pobrecillos... No, salió Holand y dijo... Yo lo arreglo, ¿no? Y la otra dijo... Que te apartes. No, que te apartes. Es así, ¿no? Entonces, una cosa. Hay un artículo, el de 7, 7, 7, 7, 7 falacias, ¿vale? Sobre agroalimentación y competitividad que habla de esto, ¿no? Y yo creo que eso es importante entenderlo. Olvidaros de que los países son competitivos por precios. Nosotros no somos competitivos por precios. Ni tiene ningún sentido que busquemos la competitividad de nuestros productos por precios. No tiene ningún sentido. Ninguno. Pensad en la cantidad de productos que tenemos. La cantidad de cosas que tenéis vosotros encima de la mesa y compráis cada día. No las compráis porque son las más baratas. Eso es mentira. La Ducati no se vende porque es la moto más barata. Ni el móvil que llevas tú aquí encima se vende porque es el más barato. Ni la cantidad de cosas que vosotros compráis. No las compráis porque son las más baratas. En Occidente, la competitividad se juega de otra manera. Es imposible competir con Indonesia. Es imposible competir con Tailandia. Es imposible competir con Vietnam. Entonces, yo qué sé. Apple no juega a precios. Nike no juega a precios. Y son líderes mundiales. ¿No? Ducati, yo qué sé. Las cafeteras Alessio.",
        "kind": "online_video",
        "file_number": "3",
        "filename": "1 3 Competitividad y salario-wav.json",
        "url": "https://www.youtube.com/watch?v=fIwrt0oPY1k&t=97s",
        "source": "1 3 Competitividad y salario-wav"
    },
    {
        "number": 3,
        "timestamp_start": "00:03:07,520",
        "timestamp_end": "00:04:37,780",
        "text": "El salario mínimo es un tema importante en el ámbito de la macroeconomía. En España, se considera que el salario mínimo es muy bajo en comparación con otros países europeos como Luxemburgo, Bélgica e Irlanda. Estos países han tenido que reducir sus salarios mínimos debido a diversas circunstancias económicas que los han afectado. Por ejemplo, en el caso de Irlanda, se ha enfrentado a dificultades económicas que han impactado en la percepción de su nivel de vida. \n\nEs relevante mencionar que el salario mínimo tiene implicaciones en la distribución del ingreso, la pobreza y la desigualdad en un país. Por lo tanto, es un tema que genera debate y discusión en la sociedad y entre los expertos en economía. La fijación del salario mínimo es una decisión que debe ser tomada considerando diversos factores económicos y sociales para lograr un equilibrio que beneficie tanto a los trabajadores como a las empresas.",
        "old_text": "¿Suena a las cafeteras Alessi? No, ¿no? Pues las cafeteras valen una pasta. Hoy he ido, por casualidad, pero he tenido una reunión. Fijaos qué lugar más raro. En el Hypercore de Cornellá, ¿no? ¿Vale? Y luego se me ha ocurrido ir a comprar, porque aquí hay una N-Express, ¿no? En mi despacho. Bueno, en mi despacho, en mi departamento. Y yo tengo cápsula. Entonces, he pensado. Ah, las compro. Había una cola que tenía. Numeritos. Había numeritos. El café es carísimo. ¿Vale? Es mucho. Ahora hay un montón de cápsula. Fíjate. La cola estaba en el Expreso. ¿Sabes? ¿Entendéis? Olvidémonos de que tenemos que competir por precios o por costes. Eso ya no es cierto. Eso ya no es cierto. ¿Vale? Ok. Paso, paso, paso. Bueno, el salario mínimo. Yo creo que ahora hablamos de la comida. Hablamos de esto varias veces. En España es muy bajo. ¿Lo veis que es muy bajo? Pues quieren que lo bajemos más. Dices, ¿pero de qué vais? ¿De qué vais? Que bajen los máximos. No, que bajen el de Luxemburgo, los belgas, los irlandeses. Que, pobrecillos, ya lo han bajado, ¿eh? Pobrecillos. Pobrecillos. Lo han pasado muy mal, ¿eh? Los irlandeses. Muy mal. Irlanda lo ha pasado muy mal, ¿eh? Bueno, les ha pasado como a nosotros, ¿no? Se pensaban que eran muy guapos. Aunque todo el mundo les empezó a decir. Hostia, qué guapo que eres. Claro, si te lo repiten 30 veces, tú te miras al espejo y dices, pero si he sido feo toda tu vida, ¿no? Pero claro, si te lo dicen 30 veces, te acabas creyendo que eres guapo, ¿no? Y de golpe descubres un día que no.",
        "kind": "online_video",
        "file_number": "3",
        "filename": "1 3 Competitividad y salario-wav.json",
        "url": "https://www.youtube.com/watch?v=fIwrt0oPY1k&t=187s",
        "source": "1 3 Competitividad y salario-wav"
    },
    {
        "number": 4,
        "timestamp_start": "00:04:37,780",
        "timestamp_end": "00:05:37,040",
        "text": "En el ámbito de la macroeconomía, es fundamental analizar indicadores como el Producto Interno Bruto (PIB), la tasa de desempleo, la inflación, entre otros, para comprender el funcionamiento de la economía de un país. Estos datos nos proporcionan información valiosa sobre el crecimiento económico, la estabilidad de los precios y la situación del mercado laboral.\n\nUno de los conceptos clave en macroeconomía es la oferta y la demanda agregada. La oferta agregada representa la cantidad total de bienes y servicios que las empresas están dispuestas a producir y vender en un país en un determinado periodo de tiempo. Por otro lado, la demanda agregada refleja la cantidad total de bienes y servicios que los consumidores, las empresas y el gobierno están dispuestos a adquirir a diferentes niveles de precios.\n\nOtro aspecto relevante en macroeconomía es la política fiscal, que se refiere al conjunto de medidas que toma el gobierno en relación con sus ingresos y gastos públicos para influir en la economía. Por ejemplo, el gobierno puede aumentar el gasto público o reducir impuestos para estimular la demanda agregada en épocas de recesión.\n\nEn este sentido, es importante mencionar la importancia de mantener un equilibrio en las cuentas públicas para garantizar la sostenibilidad de la economía a largo plazo. Un desequilibrio fiscal prolongado puede llevar a un aumento de la deuda pública y a problemas económicos graves en el futuro.\n\nEn resumen, la macroeconomía se encarga de estudiar el comportamiento de la economía en su conjunto, analizando variables clave para comprender cómo funcionan los mercados, cómo se distribuye la riqueza y cuál es el impacto de las políticas económicas en el bienestar de la sociedad.",
        "old_text": "Que es que te lo han dicho por decir. Porque eres más feo que nadie, ¿no? Pues eso es lo que pasó a los irlandeses y es lo que nos ha pasado a nosotros, seguramente. Bueno, esto es una chorrada, pero no es una chorrada. Fijaros. Esto es de 100 pesetas. De 100 euros, ¿no? 100 pesetas es feo, ¿no? De 100 euros. ¿Qué gana un espejo? ¿Un español? Hay 27 que van a las cotizaciones estas de la seguridad social, que se utilizan para pagar pensiones y toda esta historia, ¿no? Bueno, pues esto que a nosotros nos parece muy normal, en otros países es inferior, ¿vale? En España es muy alto, ¿no? Muy alto. Entonces, ahí hay una... Sí que hay un problema ahí de competencia con otras. Pero claro, si lo bajamos, terrible, ¿eh? Porque eso es dinero que utilizamos para pagar a los pensionistas, que ayer salió, no sé si lo habéis leído en los diarios, ¿no? Pero ayer salió que... Que os olvidéis. Pero así de claro. Vale, el tipo, además de un cinismo absoluto. No, no, no, no vamos a reducir el poder adquisitivo de la gente, ¿no? Dices, ¿cómo que no, tío? Es evidente, ¿no? Y el tío, no sé, se debe haber tomado algo...",
        "kind": "online_video",
        "file_number": "3",
        "filename": "1 3 Competitividad y salario-wav.json",
        "url": "https://www.youtube.com/watch?v=fIwrt0oPY1k&t=277s",
        "source": "1 3 Competitividad y salario-wav"
    }
]