[
    {
        "number": 1,
        "timestamp_start": "00:00:00,000",
        "timestamp_end": "00:01:40,940",
        "text": "El crecimiento económico es un tema fundamental en el estudio de la macroeconomía. En el caso de España, es importante comprender la relevancia de su economía a nivel global. A pesar de ciertas percepciones negativas, es crucial reconocer que España no es un país sin importancia en el escenario internacional. \n\nPor ejemplo, si observamos el caso de Grecia, que forma parte de la Unión Monetaria y del euro, podemos ver que incluso si un país decide abandonar esta unión, como se planteó en el texto, no necesariamente tiene un impacto significativo en el conjunto. En contraste, si un país como España, con una economía más grande y relevante, se viera afectado de manera severa, la estabilidad del euro estaría en riesgo. \n\nEs esencial tener en cuenta que las decisiones económicas y políticas de los países miembros de la Unión Europea, especialmente de aquellos con mayor peso económico, pueden tener repercusiones importantes en la estabilidad de la moneda única. Por lo tanto, es fundamental analizar y comprender el papel de cada economía en el contexto europeo y global para anticipar posibles escenarios y tomar decisiones informadas.",
        "old_text": "aquí no cobrarán, ¿no? Entonces, claro, difícil, ¿no? Bueno, el crecimiento, claro, en España... Bueno, esto os lo enseño porque, hombre, para que entendáis la importancia de la economía española, ¿no? Porque nosotros, yo defiendo que no somos ningunos pringados, ¿vale? Aunque nos han vendido la moto, que somos los pringados, que no servimos para nada, que si se van, pues que se vayan, ¿no? No es verdad, ¿eh? ¿Vale? Mirad, si Grecia se va de la Unión Monetaria, se va del euro, Grecia es esto. ¿Veis que al pastelito no le pasa nada? Hombre, de golpe dices, le falta un trocito. No, no, sí, no, no pasa nada, ¿lo veis? No hubiera pasado nada. De hecho, a Grecia la invitaron a que se fuera, ¿eh? De verdad, ¿eh? En reuniones secretas, Alemania, que no era Comisión Europea, era Alemania, ¿no? Le dijo, ven, no vete, que no, no, y bueno, ¿vale? ¿Eh? ¿Chipre? Sí, pero son estos, ¿no? ¿Vale? Esto lo hemos hundido en la miseria, ¿eh? No es broma, ¿eh? Los hemos hundido en la miseria absoluta, ¿no? Están hechos polvo, están aún que no entienden lo que les ha pasado, ¿no? No pasa nada, ¿lo veis? No pasa nada. Pero, pero, si nos hunden, si realmente nos hunden, nos empiezan a fastidiar mogollón, que vayan con cuidado, porque el euro se va al carajo. Y nosotros nunca nos hemos atrevido a jugar esa moneda, de decir, hey, tío, hasta aquí hemos llegado, ¿vale? Al revés, ¿eh? ¿Vale? La diosa Merkel llama, el zapatero de la Constitución, es flipante.",
        "kind": "online_video",
        "file_number": "4",
        "filename": "1 4 Otras cifras del mundo-wav.json",
        "url": "https://www.youtube.com/watch?v=YSmHW6SrPvA&t=0s",
        "source": "1 4 Otras cifras del mundo-wav"
    },
    {
        "number": 2,
        "timestamp_start": "00:01:40,940",
        "timestamp_end": "00:03:09,880",
        "text": "La situación en España en términos macroeconómicos ha sido impactante y preocupante. Se ha mencionado que se modificó la Constitución debido a una llamada de Merkel, lo cual llevó a priorizar el pago de intereses de la deuda pública por encima de otras necesidades. Esto se debe a la percepción de que una alta deuda pública puede resultar problemática, ya que al prestar dinero, lo primero que se espera es que se devuelva. \n\nEn cuanto al déficit público y el crecimiento económico, se observa que en años anteriores como el 2006 o 2007 se tenían superávits, pero la situación cambió drásticamente en 2008 y especialmente en 2009, un año fatídico donde la economía se contrajo significativamente. Esto llevó a una reflexión sobre el exceso de gasto en el pasado, con ejemplos como la construcción de infraestructuras innecesarias que reflejan una falta de prudencia y responsabilidad en la gestión de recursos públicos. \n\nEn resumen, la crisis económica ha sido un recordatorio de la importancia de mantener un equilibrio en las finanzas públicas, evitando caer en la sobreconfianza y el despilfarro que pueden llevar a consecuencias negativas a largo plazo.",
        "old_text": "Lo de España es flipante y patético a ese nivel, ¿no? Hemos cambiado la Constitución porque la Merkel llamó por teléfono, ¿vale? Y hemos dicho que prioridad absoluta de los ingenieros españoles van a pagar los intereses de la deuda pública. ¿Por qué? ¿Por qué pensar? ¿Por qué pensarais? Porque mucha deuda pública sale mal. Yo te dejo pasta, pero, tío, lo primero que tienes que hacer es devolverme la mía, ¿no? Bueno. Mal, ¿no? La verdad es que estamos mal, ¿no? Esto es el déficit público, esto es el crecimiento. ¿Veis el déficit público? Qué pasada, porque nosotros tuvimos super hábits. Super hábits, ¿eh? El 2006 o el 2007. El 2008 va mal. Y el 2009, que es el año fatídico, la economía, ¿vale? La economía se hunde, ¿no? Recordad, ¿eh? La economía cae. Aquí sale un 3,7, en otros lados sale un 3,4, da igual. Cae mucho, ¿no? ¿Vale? Entonces, claro, otra historia que a mí me parece durísima y que nos han vendido siempre, ¿no? Nos hemos pasado, tíos, nos hemos pasado. Nos pensábamos que éramos muy guapos, el Estado empezó a gastar como loco, la gente iba con los cargas, ¿no? Ya, pues, ahora somos mucho más pobres, toque de humildad, porque se nos fue la olla a todos. ¿No? Seguro lo habéis oído 30.000 veces, ¿no? El tan, tan, tan, tan comentado aeropuerto de Castellón, ¿no? El aeropuerto de Alguaira, las carreteras que no llevan a ningún lado, etcétera, etcétera. Se nos había dado la olla.",
        "kind": "online_video",
        "file_number": "4",
        "filename": "1 4 Otras cifras del mundo-wav.json",
        "url": "https://www.youtube.com/watch?v=YSmHW6SrPvA&t=100s",
        "source": "1 4 Otras cifras del mundo-wav"
    },
    {
        "number": 3,
        "timestamp_start": "00:03:09,880",
        "timestamp_end": "00:04:36,880",
        "text": "Hoy vamos a hablar sobre el déficit público, que es un tema muy importante en macroeconomía. El déficit público es la diferencia entre los ingresos y los gastos del Estado. Cuando esta diferencia es negativa, se dice que hay déficit público. En la evolución del PIB español, podemos observar que durante unos años iba bien, pero luego hubo un hundimiento en la economía. A partir del 2008, el déficit público comenzó a dispararse, llegando a un 11% en 2009. Esto significa que el Estado estaba gastando más de lo que estaba ingresando. Es común que la mayoría de los países tengan déficit público, ya que tienden a gastar más de lo que recaudan. Sin embargo, es importante controlar el déficit para mantener la estabilidad económica.",
        "old_text": "Yo hoy, muy rápidamente, os enseñaré que eso no es verdad, que es mentira, ¿vale? Que es mentira. Lo veremos luego, ¿eh? ¿Qué es esto? ¿Qué es eso? No, no, no, no, no. Pam, pam, pam, pam, pam, pam, pam. Esto es la evolución del PIB español. Durante unos años íbamos muy bien y de golpe nos hundimos en la miseria y parece que no levantamos cabeza. Dicen que sí, que la levantamos, ¿no? El 2014 todo irá muy bien, ¿eh? El 2014 deben haber contratado, no sé, un vidente o algo así, ¿no? Que dice que todo irá bien, ¿no? ¿Qué llevan diciendo? ¿Que la norma de interés está en la mano? Una cosa importante, ¿no? Porque, no sé si os habéis fijado, que es a partir del 2008 que empieza a dispararse el déficit público, ¿no? Hasta el 2008 el déficit público no existe, ¿vale? Y al 2008 se provoca 4,8 y el 2010, no, el 2009 ya es del 11 y pico por ciento, ¿no? ¿Vale? Vamos a intentar entender qué significa esto. ¿Qué es esto del déficit público, no? Que es lo que nos pone nerviosos a todos, ¿no? Siempre se habla del déficit público. Mirad. El déficit público es la diferencia entre los ingresos y los gastos del Estado. Si esa diferencia es negativa, se dice déficit público. ¿Vale? Casi siempre es negativa. ¿Vale? Casi siempre. Casi siempre todos los países gastan más pasta de la que tienen. Pero no pasa nada. No pasa nada.",
        "kind": "online_video",
        "file_number": "4",
        "filename": "1 4 Otras cifras del mundo-wav.json",
        "url": "https://www.youtube.com/watch?v=YSmHW6SrPvA&t=189s",
        "source": "1 4 Otras cifras del mundo-wav"
    },
    {
        "number": 4,
        "timestamp_start": "00:04:36,880",
        "timestamp_end": "00:06:18,880",
        "text": "El dinero se obtiene a través de la deuda pública, la cual es solicitada a bancos y países. La deuda pública es la cantidad de dinero que un gobierno debe a terceros. Es importante tener en cuenta los ingresos y los gastos, incluyendo los intereses de la deuda, para mantener un equilibrio financiero. A pesar de que algunos países puedan tener niveles altos de deuda pública, como por ejemplo el 110%, es posible gestionarla adecuadamente. En el caso de Grecia, se menciona que en 2013 podría caer aún más, pero eventualmente se espera que se recupere. Es importante destacar que un país no puede hundirse indefinidamente, por lo que la recuperación es una posibilidad real. Por otro lado, se menciona el caso de Irlanda, que experimentó una crisis en 2009 pero logró recuperarse de manera significativa.",
        "old_text": "¿De dónde es ahí el dinero? Si lo pedimos a la gente, ¿eh? A los bancos, a los países, pedimos, pedimos pasta. Y esa pasta que pedimos es lo que se llama deuda pública. O sea que no puede parar de ser deuda pública siempre. El 3. Y la deuda pública era una tendencia... ¿Eh? Sí, era una tendencia... Porque hubieron países que entraron en el Maastricht y tenían deuda pública del 110%, ¿vale? Tranquilos, tranquilos, tranquilos, tranquilos. Yo os explicaré que no pasa nada. ¿Vale? Tranquilos, de verdad os lo digo. Esperad, paciencia. ¿Vale? No pasa nada. De verdad os lo digo. No pasa nada. ¿Vale? No pasa nada. Sí. Ingresos menos gastos. Ingresos menos gastos. Contarás los intereses de la deuda. Los intereses de la deuda sí. ¿Entiendes? Pero son gastos, ¿no? Entra la deuda, ¿no? La deuda es el total acumulado, ¿no? ¿Vale? ¿Ok? Muy bien. Pero eso no es importante hoy. Ahora hablaremos mucho más adelante. Hoy estamos intentando hacer flashes rápidos de cosas, ¿no? ¿Vale? Esto es lo de Grecia, de pobrecitos. Eso es mentira, ¿vale? Grecia en 2013 va a caer más, seguramente, ¿no? Claro, algún día se recuperará. Es evidente, ¿no? ¿Vale? No se puede hundir hasta el infinito un país, ¿no? Eso es evidente, ¿no? ¿Vale? Sí. No, no, no. Eso es imposible, ¿no? De verdad, es imposible. Entonces, por ejemplo, se habla de que Irlanda se ha recuperado de una forma bestial. Bueno, o no. Lo que le pasó en el 2009, ¿no? Claro, se hundió, pero es que se hundió.",
        "kind": "online_video",
        "file_number": "4",
        "filename": "1 4 Otras cifras del mundo-wav.json",
        "url": "https://www.youtube.com/watch?v=YSmHW6SrPvA&t=276s",
        "source": "1 4 Otras cifras del mundo-wav"
    },
    {
        "number": 5,
        "timestamp_start": "00:06:18,880",
        "timestamp_end": "00:39:18,880",
        "text": "error",
        "old_text": "Se hundió, se hundió. Entonces, claro, ¿qué ahora? Empieza a recuperarse. Esto es mentira, ¿vale? Esto es mentira, ¿eh? En el 2012 parece ser que creció el cero y pico por ciento. Ya estamos. Claro, si es que partes de ahí abajo, ¿no? Entonces, es fácil, ¿no? ¿Entendéis? ¿Vale? Bueno, aquí vemos lo que me parece... Bueno, aquí había una cosa que me parece interesante y es esto, ¿no? ¿Veis que en el 2009 todos, todos estamos mal, no? Todos, todos, todos, todos. ¿Qué pasa? ¿Qué pasa? ¿Qué pasa? ¿Qué pasa? ¿Qué pasa? ¿Qué pasa? ¿Qué pasa? ¿Qué pasa? ¿Qué pasa? ¿Qué pasa? ¿Qué pasa? ¿Qué pasa? ¿Qué pasa? ¿Qué pasa? ¿Qué pasa? ¿Qué pasa? ¿Qué pasa? ¿Qué pasa? ¿Qué pasa? ¿Qué pasa? ¿Qué pasa? ¿Qué pasa? ¿Qué pasa? ¿Qué pasa? ¿Qué pasa? ¿Qué pasa? ¿Qué pasa? ¿Qué pasa? ¿Qué pasa? ¿Qué pasa? ¿Qué pasa? ¿Qué pasa? ¿Qué pasa? ¿Qué pasa? ¿Qué pasa? ¿Qué pasa? ¿Qué pasa? ¿Qué pasa? ¿Qué pasa? ¿Qué pasa? ¿Qué pasa? ¿Qué pasa? ¿Qué pasa? ¿Qué pasa? ¿Qué pasa? ¿Qué pasa? ¿Qué pasa? ¿Qué pasa? ¿Qué pasa? ¿Qué pasa? ¿Qué pasa? ¿Qué pasa? ¿Qué pasa? ¿Qué pasa? ¿Qué pasa? ¿Qué pasa? ¿Qué pasa? ¿Qué pasa? ¿Qué pasa? ¿Qué pasa? ¿Qué pasa? ¿Qué pasa? ¿Qué pasa? ¿Qué pasa? ¿Qué pasa? ¿Qué pasa? ¿Qué pasa? ¿Qué pasa? ¿Qué pasa? ¿Qué pasa? ¿Qué pasa? ¿Qué pasa? ¿Qué pasa? ¿Qué pasa? ¿Qué pasa? ¿Qué pasa? ¿Qué pasa? ¿Qué pasa? ¿Qué pasa? ¿Qué pasa? ¿Qué pasa? ¿Qué pasa? ¿Qué pasa? ¿Qué pasa? ¿Qué pasa? ¿Qué pasa? ¿Qué pasa? ¿Qué pasa? ¿Qué pasa? ¿Qué pasa? ¿Qué pasa? ¿Qué pasa? ¿Qué pasa? ¿Qué pasa? ¿Qué pasa? ¿Qué pasa? ¿Qué pasa? ¿Qué pasa? ¿Qué pasa? ¿Qué pasa? ¿Qué pasa? ¿Qué pasa? ¿Qué pasa? ¿Qué pasa? ¿Qué pasa? ¿Qué pasa? ¿Qué pasa? ¿Qué pasa? ¿Qué pasa? ¿Qué pasa? ¿Qué pasa? ¿Qué pasa? ¿Qué pasa? ¿Qué pasa? ¿Qué pasa? ¿Qué pasa? ¿Qué pasa? ¿Qué pasa? ¿Qué pasa? ¿Qué pasa? ¿Qué pasa? ¿Qué pasa? ¿Qué pasa? ¿Qué pasa? ¿Qué pasa? ¿Qué pasa? ¿Qué pasa? ¿Qué pasa? ¿Qué pasa? ¿Qué pasa? ¿Qué pasa? ¿Qué pasa? ¿Qué pasa? ¿Qué pasa? ¿Qué pasa? ¿Qué pasa? ¿Qué pasa? ¿Qué pasa? ¿Qué pasa? ¿Qué pasa? ¿Qué pasa? ¿Qué pasa? ¿Qué pasa? ¿Qué pasa? ¿Qué pasa? ¿Qué pasa? ¿Qué pasa? ¿Qué pasa? ¿Qué pasa? ¿Qué pasa? ¿Qué pasa? ¿Qué pasa? ¿Qué pasa? ¿Qué pasa? ¿Qué pasa? ¿Qué pasa? ¿Qué pasa? ¿Qué pasa? ¿Qué pasa? ¿Qué pasa? ¿Qué pasa? ¿Qué pasa? ¿Qué pasa? ¿Qué pasa? ¿Qué pasa? ¿Qué pasa? ¿Qué pasa? ¿Qué pasa? ¿Qué pasa? ¿Qué pasa? ¿Qué pasa? ¿Qué pasa? ¿Qué pasa? ¿Qué pasa? ¿Qué pasa? ¿Qué pasa? ¿Qué pasa? ¿Qué pasa? ¿Qué pasa? ¿Qué pasa? ¿Qué pasa? ¿Qué pasa? ¿Qué pasa? ¿Qué pasa? ¿Qué pasa? ¿Qué pasa? ¿Qué pasa? ¿Qué pasa? ¿Qué pasa? ¿Qué pasa? ¿Qué pasa? ¿Qué pasa? ¿Qué pasa? ¿Qué pasa? ¿Qué pasa? ¿Qué pasa? ¿Qué pasa? ¿Qué pasa? ¿Qué pasa? ¿Qué pasa? ¿Qué pasa? ¿Qué pasa? ¿Qué pasa? ¿Qué pasa? ¿Qué pasa? ¿Qué pasa? ¿Qué pasa? ¿Qué pasa? ¿Qué pasa? ¿Qué pasa? ¿Qué pasa? ¿Qué pasa? ¿Qué pasa? ¿Qué pasa? ¿Qué pasa? ¿Qué pasa? ¿Qué pasa? ¿Qué pasa? ¿Qué pasa? ¿Qué pasa? ¿Qué pasa? ¿Qué pasa? ¿Qué pasa? ¿Qué pasa? ¿Qué pasa? ¿Qué pasa? ¿Qué pasa? ¿Qué pasa? ¿Qué pasa? ¿Qué pasa? ¿Qué pasa? ¿Qué pasa? ¿Qué pasa? ¿Qué pasa? ¿Qué pasa? ¿Qué pasa? ¿Qué pasa? ¿Qué pasa? ¿Qué pasa? ¿Qué pasa? ¿Qué pasa? ¿Qué pasa? ¿Qué pasa? ¿Qué pasa? ¿Qué pasa? ¿Qué pasa? ¿Qué pasa? ¿Qué pasa? ¿Qué pasa? ¿Qué pasa? ¿Qué pasa? ¿Qué pasa? ¿Qué pasa? ¿Qué pasa? ¿Qué pasa? ¿Qué pasa? ¿Qué pasa? ¿Qué pasa? ¿Qué pasa? ¿Qué pasa? ¿Qué pasa? ¿Qué pasa? ¿Qué pasa? ¿Qué pasa? ¿Qué pasa? ¿Qué pasa? ¿Qué pasa? ¿Qué pasa? ¿Qué pasa? ¿Qué pasa? ¿Qué pasa? ¿Qué pasa? ¿Qué pasa? ¿Qué pasa? ¿Qué pasa? ¿Qué pasa? ¿Qué pasa? ¿Qué pasa? ¿Qué pasa? ¿Qué pasa? ¿Qué pasa? ¿Qué pasa? ¿Qué pasa? ¿Qué pasa? ¿Qué pasa? ¿Qué pasa? ¿Qué pasa? ¿Qué pasa? ¿Qué pasa? ¿Qué pasa? ¿Qué pasa? ¿Qué pasa? ¿Qué pasa? ¿Qué pasa? ¿Qué pasa? ¿Qué pasa? ¿Qué pasa? ¿Qué pasa? ¿Qué pasa? ¿Qué pasa? ¿Qué pasa? ¿Qué pasa? ¿Qué pasa? ¿Qué pasa? ¿Qué pasa? ¿Qué pasa? ¿Qué pasa? ¿Qué pasa? ¿Qué pasa? ¿Qué pasa? ¿Qué pasa? ¿Qué pasa? ¿Qué pasa? ¿Qué pasa? ¿Qué pasa? ¿Qué pasa? ¿Qué pasa? ¿Qué pasa? ¿Qué pasa? ¿Qué pasa? ¿Qué pasa? ¿Qué pasa? ¿Qué pasa? ¿Qué pasa? ¿Qué pasa? ¿Qué pasa? ¿Qué pasa? ¿Qué pasa? ¿Qué pasa? ¿Qué pasa? ¿Qué pasa? ¿Qué pasa? ¿Qué pasa? ¿Qué pasa? ¿Qué pasa? ¿Qué pasa? ¿Qué pasa? ¿Qué pasa? ¿Qué pasa? ¿Qué pasa? ¿Qué pasa? ¿Qué pasa? ¿Qué pasa? ¿Qué pasa? ¿Qué pasa? ¿Qué pasa? ¿Qué pasa? ¿Qué pasa? ¿Qué pasa? ¿Qué pasa? ¿Qué pasa? ¿Qué pasa? ¿Qué pasa? ¿Qué pasa? ¿Qué pasa? ¿Qué pasa? ¿Qué pasa? ¿Qué pasa? ¿Qué pasa? ¿Qué pasa? ¿Qué pasa? ¿Qué pasa? ¿Qué pasa? ¿Qué pasa? ¿Qué pasa? ¿Qué pasa? ¿Qué pasa? ¿Qué pasa? ¿Qué pasa? ¿Qué pasa? ¿Qué pasa? ¿Qué pasa? ¿Qué pasa? ¿Qué pasa? ¿Qué pasa? ¿Qué pasa? ¿Qué pasa? ¿Qué pasa? ¿Qué pasa? ¿Qué pasa? ¿Qué pasa? ¿Qué pasa? ¿Qué pasa? ¿Qué pasa? ¿Qué pasa? ¿Qué pasa? ¿Qué pasa? ¿Qué pasa? ¿Qué pasa? ¿Qué pasa? ¿Qué pasa? ¿Qué pasa? ¿Qué pasa? ¿Qué pasa? ¿Qué pasa? ¿Qué pasa? ¿Qué pasa? ¿Qué pasa? ¿Qué pasa? ¿Qué pasa? ¿Qué pasa? ¿Qué pasa? ¿Qué pasa? ¿Qué pasa? ¿Qué pasa? ¿Qué pasa? ¿Qué pasa? ¿Qué pasa? ¿Qué pasa? ¿Qué pasa? ¿Qué pasa? ¿Qué pasa? ¿Qué pasa? ¿Qué pasa? ¿Qué pasa? ¿Qué pasa? ¿Qué pasa? ¿Qué pasa? ¿Qué pasa? ¿Qué pasa? ¿Qué pasa? ¿Qué pasa? ¿Qué pasa? ¿Qué pasa? ¿Qué pasa? ¿Qué pasa? ¿Qué pasa? ¿Qué pasa? ¿Qué pasa? ¿Qué pasa? ¿Qué pasa? ¿Qué pasa? ¿Qué pasa? ¿Qué pasa? ¿Qué pasa? ¿Qué pasa? ¿Qué pasa? ¿Qué pasa? ¿Qué pasa? ¿Qué pasa? ¿Qué pasa? ¿Qué pasa? ¿Qué pasa? ¿Qué pasa? ¿Qué pasa? ¿Qué pasa? ¿Qué pasa? ¿Qué pasa? ¿Qué pasa? ¿Qué pasa? ¿Qué pasa? ¿Qué pasa? ¿Qué pasa? ¿Qué pasa? ¿Qué pasa? ¿Qué pasa? ¿Qué pasa? ¿Qué pasa? ¿Qué pasa? ¿Qué pasa? ¿Qué pasa? ¿Qué pasa? ¿Qué pasa? ¿Qué pasa? ¿Qué pasa? ¿Qué pasa? ¿Qué pasa? ¿Qué pasa? ¿Qué pasa? ¿Qué pasa? ¿Qué pasa? ¿Qué pasa? ¿Qué pasa? ¿Qué pasa? ¿Qué pasa? ¿Qué pasa? ¿Qué pasa? ¿Qué pasa? ¿Qué pasa? ¿Qué pasa? ¿Qué pasa? ¿Qué pasa? ¿Qué pasa? ¿Qué pasa? ¿Qué pasa? ¿Qué pasa? ¿Qué pasa? ¿Qué pasa? ¿Qué pasa? ¿Qué pasa? ¿Qué pasa? ¿Qué pasa? ¿Qué pasa? ¿Qué pasa? ¿Qué pasa? ¿Qué pasa? ¿Qué pasa? ¿Qué pasa? ¿Qué pasa? ¿Qué pasa? ¿Qué pasa? ¿Qué pasa? ¿Qué pasa? ¿Qué pasa? ¿Qué pasa? ¿Qué pasa? ¿Qué pasa? ¿Qué pasa? ¿Qué pasa? ¿Qué pasa? ¿Qué pasa? ¿Qué pasa? ¿Qué pasa? ¿Qué pasa? ¿Qué pasa? ¿Qué pasa? ¿Qué pasa? ¿Qué pasa? ¿Qué pasa? ¿Qué pasa? ¿Qué pasa? ¿Qué pasa? ¿Qué pasa? ¿Qué pasa? ¿Qué pasa? ¿Qué pasa? ¿Qué pasa? ¿Qué pasa? ¿Qué pasa? ¿Qué pasa? ¿Qué pasa? ¿Qué pasa? ¿Qué pasa? ¿Qué pasa? ¿Qué pasa? ¿Qué pasa? ¿Qué pasa? ¿Qué pasa? ¿Qué pasa? ¿Qué pasa? ¿Qué pasa? ¿Qué pasa? ¿Qué pasa? ¿Qué pasa? ¿Qué pasa? ¿Qué pasa? ¿Qué pasa? ¿Qué pasa? ¿Qué pasa? ¿Qué pasa? ¿Qué pasa? ¿Qué pasa? ¿Qué pasa? ¿Qué pasa? ¿Qué pasa? ¿Qué pasa? ¿Qué pasa? ¿Qué pasa? ¿Qué pasa? ¿Qué pasa? ¿Qué pasa? ¿Qué pasa? ¿Qué pasa? ¿Qué pasa? ¿Qué pasa? ¿Qué pasa? ¿Qué pasa? ¿Qué pasa? ¿Qué pasa? ¿Qué pasa? ¿Qué pasa? ¿Qué pasa? ¿Qué pasa? ¿Qué pasa? ¿Qué pasa? ¿Qué pasa? ¿Qué pasa? ¿Qué pasa? ¿Qué pasa? ¿Qué pasa? ¿Qué pasa? ¿Qué pasa? ¿Qué pasa? ¿Qué pasa? ¿Qué pasa? ¿Qué pasa? ¿Qué pasa? ¿Qué pasa? ¿Qué pasa? ¿Qué pasa? ¿Qué pasa? ¿Qué pasa? ¿Qué pasa? ¿Qué pasa? ¿Qué pasa? ¿Qué pasa? ¿Qué pasa? ¿Qué pasa? ¿Qué pasa? ¿Qué pasa? ¿Qué pasa? ¿Qué pasa? ¿Qué pasa? ¿Qué pasa? ¿Qué pasa? ¿Qué pasa? ¿Qué pasa? ¿Qué pasa? ¿Qué pasa? ¿Qué pasa? ¿Qué pasa? ¿Qué pasa? ¿Qué pasa? ¿Qué pasa? ¿Qué pasa? ¿Qué pasa? ¿Qué pasa? ¿Qué pasa? ¿Qué pasa? ¿Qué pasa? ¿Qué pasa? ¿Qué pasa? ¿Qué pasa? ¿Qué pasa? ¿Qué pasa? ¿Qué pasa? ¿Qué pasa? ¿Qué pasa? ¿Qué pasa? ¿Qué pasa? ¿Qué pasa? ¿Qué pasa? ¿Qué pasa? ¿Qué pasa? ¿Qué pasa? ¿Qué pasa? ¿Qué pasa? ¿Qué pasa? ¿Qué pasa? ¿Qué pasa? ¿Qué pasa? ¿Qué pasa? ¿Qué pasa? ¿Qué pasa? ¿Qué pasa? ¿Qué pasa? ¿Qué pasa? ¿Qué pasa? ¿Qué pasa? ¿Qué pasa? ¿Qué pasa? ¿Qué pasa? ¿Qué pasa? ¿Qué pasa? ¿Qué pasa? ¿Qué pasa? ¿Qué pasa? ¿Qué pasa? ¿Qué pasa? ¿Qué pasa? ¿Qué pasa? ¿Qué pasa? ¿Qué pasa? ¿Qué pasa? ¿Qué pasa? ¿Qué pasa? ¿Qué pasa? ¿Qué pasa? ¿Qué pasa? ¿Qué pasa? ¿Qué pasa? ¿Qué pasa? ¿Qué pasa? ¿Qué pasa? ¿Qué pasa? ¿Qué pasa? ¿Qué pasa? ¿Qué pasa? ¿Qué pasa? ¿Qué pasa? ¿Qué pasa? ¿Qué pasa? ¿Qué pasa? ¿Qué pasa? ¿Qué pasa? ¿Qué pasa? ¿Qué pasa? ¿Qué pasa? ¿Qué pasa? ¿Qué pasa? ¿Qué pasa? ¿Qué pasa? ¿Qué pasa? ¿Qué pasa? ¿Qué pasa? ¿Qué pasa? ¿Qué pasa? ¿Qué pasa? ¿Qué pasa? ¿Qué pasa? ¿Qué pasa? ¿Qué pasa? ¿Qué pasa? ¿Qué pasa? ¿Qué pasa? ¿Qué pasa? ¿Qué pasa? ¿Qué pasa? ¿Qué pasa? ¿Qué pasa? ¿Qué pasa? ¿Qué pasa? ¿Qué pasa? ¿Qué pasa? ¿Qué pasa? ¿Qué pasa? ¿Qué pasa? ¿Qué pasa? ¿Qué pasa? ¿Qué pasa? ¿Qué pasa? ¿Qué pasa? ¿Qué pasa? ¿Qué pasa? ¿Qué pasa? ¿Qué pasa? ¿Qué pasa? ¿Qué pasa? ¿Qué pasa? ¿Qué pasa? ¿Qué pasa? ¿Qué pasa? ¿Qué pasa? ¿Qué pasa? ¿Qué pasa? ¿Qué pasa? ¿Qué pasa? ¿Qué pasa? ¿Qué pasa? ¿Qué pasa? ¿Qué pasa? ¿Qué pasa? ¿Qué pasa? ¿Qué pasa? ¿Qué pasa? ¿Qué pasa? ¿Qué pasa? ¿Qué pasa? ¿Qué pasa? ¿Qué pasa? ¿Qué pasa? ¿Qué pasa? ¿Qué pasa? ¿Qué pasa? ¿Qué pasa? ¿Qué pasa? ¿Qué pasa? ¿Qué pasa? ¿Qué pasa? ¿Qué pasa? ¿Qué pasa? ¿Qué pasa? ¿Qué pasa? ¿Qué pasa? ¿Qué pasa? ¿Qué pasa? ¿Qué pasa? ¿Qué pasa? ¿Qué pasa? ¿Qué pasa? ¿Qué pasa? ¿Qué pasa? ¿Qué pasa? ¿Qué pasa? ¿Qué pasa? ¿Qué pasa? ¿Qué pasa? ¿Qué pasa? ¿Qué pasa? ¿Qué pasa? ¿Qué pasa? ¿Qué pasa? ¿Qué pasa? ¿Qué pasa? ¿Qué pasa? ¿Qué pasa? ¿Qué pasa? ¿Qué pasa? ¿Qué pasa? ¿Qué pasa? ¿Qué pasa? ¿Qué pasa? ¿Qué pasa? ¿Qué pasa? ¿Qué pasa? ¿Qué pasa? ¿Qué pasa? ¿Qué pasa? ¿Qué pasa? ¿Qué pasa? ¿Qué pasa? ¿Qué pasa? ¿Qué pasa? ¿Qué pasa? ¿Qué pasa? ¿Qué pasa? ¿Qué pasa? ¿Qué pasa? ¿Qué pasa? ¿Qué pasa? ¿Qué pasa? ¿Qué pasa? ¿Qué pasa? ¿Qué pasa? ¿Qué pasa? ¿Qué pasa? ¿Qué pasa? ¿Qué pasa? ¿Qué pasa? ¿Qué pasa? ¿Qué pasa? ¿Qué pasa? ¿Qué pasa? ¿Qué pasa? ¿Qué pasa? ¿Qué pasa? ¿Qué pasa? ¿Qué pasa? ¿Qué pasa? ¿Qué pasa? ¿Qué pasa? ¿Qué pasa? ¿Qué pasa? ¿Qué pasa? ¿Qué pasa? ¿Qué pasa? ¿Qué pasa? ¿Qué pasa? ¿Qué pasa? ¿Qué pasa? ¿Qué pasa? ¿Qué pasa? ¿Qué pasa? ¿Qué pasa? ¿Qué pasa? ¿Qué pasa? ¿Qué pasa? ¿Qué pasa? ¿Qué pasa? ¿Qué pasa? ¿Qué pasa? ¿Qué pasa? ¿Qué pasa? ¿Qué pasa? ¿Qué pasa? ¿Qué pasa? ¿Qué pasa? ¿Qué pasa? ¿Qué pasa? ¿Qué pasa? ¿Qué pasa? ¿Qué pasa? ¿Qué pasa? ¿Qué pasa? ¿Qué pasa? ¿Qué pasa? ¿Qué pasa? ¿Qué pasa? ¿Qué pasa? ¿Qué pasa? ¿Qué pasa? ¿Qué pasa? ¿Qué pasa? ¿Qué pasa? ¿Qué pasa? ¿Qué pasa? ¿Qué pasa? ¿Qué pasa? ¿Qué pasa? ¿Qué pasa? ¿Qué pasa? ¿Qué pasa? ¿Qué pasa? ¿Qué pasa? ¿Qué pasa? ¿Qué pasa? ¿Qué pasa? ¿Qué pasa? ¿Qué pasa? ¿Qué pasa? ¿Qué pasa? ¿Qué pasa? ¿Qué pasa? ¿Qué pasa? ¿Qué pasa? ¿Qué pasa? ¿Qué pasa? ¿Qué pasa? ¿Qué pasa? ¿Qué pasa? ¿Qué pasa? ¿Qué pasa? ¿Qué pasa? ¿Qué pasa? ¿Qué pasa? ¿Qué pasa? ¿Qué pasa? ¿Qué pasa? ¿Qué pasa? ¿Qué pasa? ¿Qué pasa? ¿Qué pasa? ¿Qué pasa? ¿Qué pasa? ¿Qué pasa? ¿Qué pasa? ¿Qué pasa? ¿Qué pasa? ¿Qué pasa? ¿Qué pasa? ¿Qué pasa? ¿Qué pasa? ¿Qué pasa? ¿Qué pasa? ¿Qué pasa? ¿Qué pasa? ¿Qué pasa? ¿Qué pasa? ¿Qué pasa? ¿Qué pasa? ¿Qué pasa? ¿Qué pasa? ¿Qué pasa? ¿Qué pasa? ¿Qué pasa? ¿Qué pasa? ¿Qué pasa? ¿Qué pasa? ¿Qué pasa? ¿Qué pasa? ¿Qué pasa? ¿Qué pasa? ¿Qué pasa? ¿Qué pasa? ¿Qué pasa? ¿Qué pasa? ¿Qué pasa? ¿Qué pasa? ¿Qué pasa? ¿Qué pasa? ¿Qué pasa? ¿Qué pasa? ¿Qué pasa? ¿Qué pasa? ¿Qué pasa? ¿Qué pasa? ¿Qué pasa? ¿Qué pasa? ¿Qué pasa? ¿Qué pasa? ¿Qué pasa? ¿Qué pasa? ¿Qué pasa? ¿Qué pasa? ¿Qué pasa? ¿Qué pasa? ¿Qué pasa? ¿Qué pasa? ¿Qué pasa? ¿Qué pasa? ¿Qué pasa? ¿Qué pasa? ¿Qué pasa? ¿Qué pasa? ¿Qué pasa? ¿Qué pasa? ¿Qué pasa? ¿Qué pasa? ¿Qué pasa? ¿Qué pasa? ¿Qué pasa? ¿Qué pasa? ¿Qué pasa? ¿Qué pasa? ¿Qué pasa? ¿Qué pasa? ¿Qué pasa? ¿Qué pasa? ¿Qué pasa? ¿Qué pasa? ¿Qué pasa? ¿Qué pasa? ¿Qué pasa? ¿Qué pasa? ¿Qué pasa? ¿Qué pasa? ¿Qué pasa? ¿Qué pasa? ¿Qué pasa? ¿Qué pasa? ¿Qué pasa? ¿Qué pasa? ¿Qué pasa? ¿Qué pasa? ¿Qué pasa? ¿Qué pasa? ¿Qué pasa? ¿Qué pasa? ¿Qué pasa? ¿Qué pasa? ¿Qué pasa? ¿Qué pasa? ¿Qué pasa? ¿Qué pasa? ¿Qué pasa? ¿Qué pasa? ¿Qué pasa? ¿Qué pasa? ¿Qué pasa? ¿Qué pasa? ¿Qué pasa? ¿Qué pasa? ¿Qué pasa? ¿Qué pasa? ¿Qué pasa? ¿Qué pasa? ¿Qué pasa? ¿Qué pasa? ¿Qué pasa? ¿Qué pasa? ¿Qué pasa? ¿Qué pasa? ¿Qué pasa? ¿Qué pasa? ¿Qué pasa? ¿Qué pasa? ¿Qué pasa? ¿Qué pasa? ¿Qué pasa? ¿Qué pasa? ¿Qué pasa? ¿Qué pasa? ¿Qué pasa? ¿Qué pasa? ¿Qué pasa? ¿Qué pasa? ¿Qué pasa? ¿Qué pasa? ¿Qué pasa? ¿Qué pasa? ¿Qué pasa? ¿Qué pasa? ¿Qué pasa? ¿Qué pasa? ¿Qué pasa? ¿Qué pasa? ¿Qué pasa? ¿Qué pasa? ¿Qué pasa? ¿Qué pasa? ¿Qué pasa? ¿Qué pasa? ¿Qué pasa? ¿Qué pasa? ¿Qué pasa? ¿Qué pasa? ¿Qué pasa? ¿Qué pasa? ¿Qué pasa? ¿Qué pasa? ¿Qué pasa? ¿Qué pasa? ¿Qué pasa? ¿Qué pasa? ¿Qué pasa? ¿Qué pasa? ¿Qué pasa? ¿Qué pasa? ¿Qué pasa? ¿Qué pasa? ¿Qué pasa? ¿Qué pasa? ¿Qué pasa? ¿Qué pasa? ¿Qué pasa? ¿Qué pasa? ¿Qué pasa? ¿Qué pasa? ¿Qué pasa? ¿Qué pasa? ¿Qué pasa? ¿Qué pasa? ¿Qué pasa? ¿Qué pasa? ¿Qué pasa? ¿Qué pasa? ¿Qué pasa? ¿Qué pasa? ¿Qué pasa? ¿Qué pasa? ¿Qué pasa? ¿Qué pasa? ¿Qué pasa? ¿Qué pasa? ¿Qué pasa? ¿Qué pasa? ¿Qué pasa? ¿Qué pasa? ¿Qué pasa? ¿Qué pasa? ¿Qué pasa? ¿Qué pasa? ¿Qué pasa? ¿Qué pasa? ¿Qué pasa? ¿Qué pasa? ¿Qué pasa? ¿Qué pasa? ¿Qué pasa? ¿Qué pasa? ¿Qué pasa? ¿Qué pasa? ¿Qué pasa? ¿Qué pasa? ¿Qué pasa? ¿Qué pasa? ¿Qué pasa? ¿Qué pasa? ¿Qué pasa? ¿Qué pasa? ¿Qué pasa? ¿Qué pasa? ¿Qué pasa? ¿Qué pasa? ¿Qué pasa? ¿Qué pasa? ¿Qué pasa? ¿Qué pasa? ¿Qué pasa? ¿Qué pasa? ¿Qué pasa? ¿Qué pasa? ¿Qué pasa? ¿Qué pasa? ¿Qué pasa? ¿Qué pasa? ¿Qué pasa? ¿Qué pasa? ¿Qué pasa? ¿Qué pasa? ¿Qué pasa? ¿Qué pasa? ¿Qué pasa? ¿Qué pasa? ¿Qué pasa? ¿Qué pasa? ¿Qué pasa? ¿Qué pasa? ¿Qué pasa? ¿Qué pasa? ¿Qué pasa? ¿Qué pasa? ¿Qué pasa? ¿Qué pasa? ¿Qué pasa? ¿Qué pasa? ¿Qué pasa? ¿Qué pasa? ¿Qué pasa? ¿Qué pasa? ¿Qué pasa? ¿Qué pasa? ¿Qué pasa? ¿Qué pasa? ¿Qué pasa? ¿Qué pasa? ¿Qué pasa? ¿Qué pasa? ¿Qué pasa? ¿Qué pasa? ¿Qué pasa? ¿Qué pasa? ¿Qué pasa? ¿Qué pasa? ¿Qué pasa? ¿Qué pasa? ¿Qué pasa? ¿Qué pasa? ¿Qué pasa? ¿Qué pasa? ¿Qué pasa? ¿Qué pasa? ¿Qué pasa? ¿Qué pasa? ¿Qué pasa? ¿Qué pasa? ¿Qué pasa? ¿Qué pasa? ¿Qué pasa? ¿Qué pasa? ¿Qué pasa? ¿Qué pasa? ¿Qué pasa? ¿Qué pasa? ¿Qué pasa? ¿Qué pasa? ¿Qué pasa? ¿Qué pasa? ¿Qué pasa? ¿Qué pasa? ¿Qué pasa? ¿Qué pasa? ¿Qué pasa? ¿Qué pasa? ¿Qué pasa? ¿Qué pasa? ¿Qué pasa? ¿Qué pasa? ¿Qué pasa? ¿Qué pasa? ¿Qué pasa? ¿Qué pasa? ¿Qué pasa? ¿Qué pasa? ¿Qué pasa? ¿Qué pasa? ¿Qué pasa? ¿Qué pasa? ¿Qué pasa? ¿Qué pasa? ¿Qué pasa? ¿Qué pasa? ¿Qué pasa? ¿Qué pasa? ¿Qué pasa? ¿Qué pasa? ¿Qué pasa? ¿Qué pasa? ¿Qué pasa? ¿Qué pasa? ¿Qué pasa? ¿Qué pasa? ¿Qué pasa? ¿Qué pasa? ¿Qué pasa? ¿Qué pasa? ¿Qué pasa? ¿Qué pasa? ¿Qué pasa? ¿Qué pasa? ¿Qué pasa? ¿Qué pasa? ¿Qué pasa? ¿Qué pasa? ¿Qué pasa? ¿Qué pasa? ¿Qué pasa? ¿Qué pasa? ¿Qué pasa? ¿Qué pasa? ¿Qué pasa? ¿Qué pasa? ¿Qué pasa? ¿Qué pasa? ¿Qué pasa? ¿Qué pasa? ¿Qué pasa? ¿Qué pasa? ¿Qué pasa? ¿Qué pasa? ¿Qué pasa? ¿Qué pasa? ¿Qué pasa? ¿Qué pasa? ¿Qué pasa? ¿Qué pasa? ¿Qué pasa? ¿Qué pasa? ¿Qué pasa? ¿Qué pasa? ¿Qué pasa? ¿Qué pasa? ¿Qué pasa? ¿Qué pasa? ¿Qué pasa? ¿Qué pasa? ¿Qué pasa? ¿Qué pasa? ¿Qué pasa? ¿Qué pasa? ¿Qué pasa? ¿Qué pasa? ¿Qué pasa? ¿Qué pasa? ¿Qué pasa? ¿Qué pasa? ¿Qué pasa? ¿Qué pasa? ¿Qué pasa? ¿Qué pasa? ¿Qué pasa? ¿Qué pasa? ¿Qué pasa? ¿Qué pasa? ¿Qué pasa? ¿Qué pasa? ¿Qué pasa? ¿Qué pasa? ¿Qué pasa? ¿Qué pasa? ¿Qué pasa? ¿Qué pasa? ¿Qué pasa? ¿Qué pasa? ¿Qué pasa? ¿Qué pasa? ¿Qué pasa? ¿Qué pasa? ¿Qué pasa? ¿Qué pasa? ¿Qué pasa? ¿Qué pasa? ¿Qué pasa? ¿Qué pasa? ¿Qué pasa? ¿Qué pasa? ¿Qué pasa? ¿Qué pasa? ¿Qué pasa? ¿Qué pasa? ¿Qué pasa? ¿Qué pasa? ¿Qué pasa? ¿Qué pasa? ¿Qué pasa? ¿Qué pasa? ¿Qué pasa? ¿Qué pasa? ¿Qué pasa? ¿Qué pasa? ¿Qué pasa? ¿Qué pasa? ¿Qué pasa? ¿Qué pasa? ¿Qué pasa? ¿Qué pasa? ¿Qué pasa? ¿Qué pasa? ¿Qué pasa? ¿Qué pasa? ¿Qué pasa? ¿Qué pasa? ¿Qué pasa? ¿Qué pasa? ¿Qué pasa? ¿Qué pasa? ¿Qué pasa? ¿Qué pasa? ¿Qué pasa? ¿Qué pasa? ¿Qué pasa? ¿Qué pasa? ¿Qué pasa? ¿Qué pasa? ¿Qué pasa? ¿Qué pasa? ¿Qué pasa? ¿Qué pasa? ¿Qué pasa? ¿Qué pasa? ¿Qué pasa? ¿Qué pasa? ¿Qué pasa? ¿Qué pasa? ¿Qué pasa? ¿Qué pasa? ¿Qué pasa? ¿Qué pasa? ¿Qué pasa? ¿Qué pasa? ¿Qué pasa? ¿Qué pasa? ¿Qué pasa? ¿Qué pasa? ¿Qué pasa? ¿Qué pasa? ¿Qué pasa? ¿Qué pasa? ¿Qué pasa? ¿Qué pasa? ¿Qué pasa? ¿Qué pasa? ¿Qué pasa? ¿Qué pasa? ¿Qué pasa? ¿Qué pasa? ¿Qué pasa? ¿Qué pasa? ¿Qué pasa? ¿Qué pasa? ¿Qué pasa? ¿Qué pasa? ¿Qué pasa? ¿Qué pasa? ¿Qué pasa? ¿Qué pasa? ¿Qué pasa? ¿Qué pasa? ¿Qué pasa? ¿Qué pasa? ¿Qué pasa? ¿Qué pasa? ¿Qué pasa? ¿Qué pasa? ¿Qué pasa? ¿Qué pasa? ¿Qué pasa? ¿Qué pasa? ¿Qué pasa? ¿Qué pasa? ¿Qué pasa? ¿Qué pasa? ¿Qué pasa? ¿Qué pasa? ¿Qué pasa? ¿Qué pasa? ¿Qué pasa? ¿Qué pasa? ¿Qué pasa? ¿Qué pasa? ¿Qué pasa? ¿Qué pasa? ¿Qué pasa? ¿Qué pasa? ¿Qué pasa? ¿Qué pasa? ¿Qué pasa? ¿Qué pasa? ¿Qué pasa? ¿Qué pasa? ¿Qué pasa? ¿Qué pasa? ¿Qué pasa? ¿Qué pasa? ¿Qué pasa? ¿Qué pasa? ¿Qué pasa? ¿Qué pasa? ¿Qué pasa? ¿Qué pasa? ¿Qué pasa? ¿Qué pasa? ¿Qué pasa? ¿Qué pasa? ¿Qué pasa? ¿Qué pasa? ¿Qué pasa? ¿Qué pasa? ¿Qué pasa? ¿Qué pasa? ¿Qué pasa? ¿Qué pasa? ¿Qué pasa? ¿Qué pasa? ¿Qué pasa? ¿Qué pasa? ¿Qué pasa? ¿Qué pasa? ¿Qué pasa? ¿Qué pasa? ¿Qué pasa? ¿Qué pasa? ¿Qué pasa? ¿Qué pasa? ¿Qué pasa? ¿Qué pasa? ¿Qué pasa? ¿Qué pasa? ¿Qué pasa? ¿Qué pasa? ¿Qué pasa? ¿Qué pasa? ¿Qué pasa? ¿Qué pasa? ¿Qué pasa? ¿Qué pasa? ¿Qué pasa? ¿Qué pasa? ¿Qué pasa? ¿Qué pasa? ¿Qué pasa? ¿Qué pasa? ¿Qué pasa? ¿Qué pasa? ¿Qué pasa? ¿Qué pasa? ¿Qué pasa? ¿Qué pasa? ¿Qué pasa? ¿Qué pasa? ¿Qué pasa? ¿Qué pasa? ¿Qué pasa? ¿Qué pasa? ¿Qué pasa? ¿Qué pasa? ¿Qué pasa? ¿Qué pasa? ¿Qué pasa? ¿Qué pasa? ¿Qué pasa? ¿Qué pasa? ¿Qué pasa? ¿Qué pasa? ¿Qué pasa? ¿Qué pasa? ¿Qué pasa? ¿Qué pasa? ¿Qué pasa? ¿Qué pasa? ¿Qué pasa? ¿Qué pasa? ¿Qué pasa? ¿Qué pasa? ¿Qué pasa? ¿Qué pasa? ¿Qué pasa? ¿Qué pasa? ¿Qué pasa? ¿Qué pasa? ¿Qué pasa? ¿Qué pasa? ¿Qué pasa? ¿Qué pasa? ¿Qué pasa? ¿Qué pasa? ¿Qué pasa? ¿Qué pasa? ¿Qué pasa? ¿Qué pasa? ¿Qué pasa? ¿Qué pasa? ¿Qué pasa? ¿Qué pasa? ¿Qué pasa? ¿Qué pasa? ¿Qué pasa? ¿Qué pasa? ¿Qué pasa? ¿Qué pasa? ¿Qué pasa? ¿Qué pasa? ¿Qué pasa? ¿Qué pasa? ¿Qué pasa? ¿Qué pasa? ¿Qué pasa? ¿Qué pasa? ¿Qué pasa? ¿Qué pasa? ¿Qué pasa? ¿Qué pasa? ¿Qué pasa? ¿Qué pasa? ¿Qué pasa? ¿Qué pasa? ¿Qué pasa? ¿Qué pasa? ¿Qué pasa? ¿Qué pasa? ¿Qué pasa? ¿Qué pasa? ¿Qué pasa? ¿Qué pasa? ¿Qué pasa? ¿Qué pasa? ¿Qué pasa? ¿Qué pasa? ¿Qué pasa? ¿Qué pasa? ¿Qué pasa? ¿Qué pasa? ¿Qué pasa? ¿Qué pasa? ¿Qué pasa? ¿Qué pasa? ¿Qué pasa? ¿Qué pasa? ¿Qué pasa? ¿Qué pasa? ¿Qué pasa? ¿Qué pasa? ¿Qué pasa? ¿Qué pasa? ¿Qué pasa? ¿Qué pasa? ¿Qué pasa? ¿Qué pasa? ¿Qué pasa? ¿Qué pasa? ¿Qué pasa? ¿Qué pasa? ¿Qué pasa? ¿Qué pasa? ¿Qué pasa? ¿Qué pasa? ¿Qué pasa? ¿Qué pasa? ¿Qué pasa? ¿Qué pasa? ¿Qué pasa? ¿Qué pasa? ¿Qué pasa? ¿Qué pasa? ¿Qué pasa? ¿Qué pasa? ¿Qué pasa? ¿Qué pasa? ¿Qué pasa? ¿Qué pasa? ¿Qué pasa? ¿Qué pasa? ¿Qué pasa? ¿Qué pasa? ¿Qué pasa? ¿Qué pasa? ¿Qué pasa? ¿Qué pasa? ¿Qué pasa? ¿Qué pasa? ¿Qué pasa? ¿Qué pasa? ¿Qué pasa? ¿Qué pasa? ¿Qué pasa? ¿Qué pasa? ¿Qué pasa? ¿Qué pasa? ¿Qué pasa? ¿Qué pasa? ¿Qué pasa? ¿Qué pasa? ¿Qué pasa? ¿Qué pasa? ¿Qué pasa? ¿Qué pasa? ¿Qué pasa? ¿Qué pasa? ¿Qué pasa? ¿Qué pasa? ¿Qué pasa? ¿Qué pasa? ¿Qué pasa? ¿Qué pasa? ¿Qué pasa? ¿Qué pasa? ¿Qué pasa? ¿Qué pasa? ¿Qué pasa? ¿Qué pasa? ¿Qué pasa? ¿Qué pasa? ¿Qué pasa? ¿Qué pasa? ¿Qué pasa? ¿Qué pasa? ¿Qué pasa? ¿Qué pasa? ¿Qué pasa? ¿Qué pasa? ¿Qué pasa? ¿Qué pasa? ¿Qué pasa? ¿Qué pasa? ¿Qué pasa? ¿Qué pasa? ¿Qué pasa? ¿Qué pasa? ¿Qué pasa? ¿Qué pasa? ¿Qué pasa? ¿Qué pasa? ¿Qué pasa? ¿Qué pasa? ¿Qué pasa? ¿Qué pasa? ¿Qué pasa? ¿Qué pasa? ¿Qué pasa? ¿Qué pasa? ¿Qué pasa? ¿Qué pasa? ¿Qué pasa? ¿Qué pasa? ¿Qué pasa? ¿Qué pasa? ¿Qué pasa? ¿Qué pasa? ¿Qué pasa? ¿Qué pasa? ¿Qué pasa? ¿Qué pasa? ¿Qué pasa? ¿Qué pasa? ¿Qué pasa? ¿Qué pasa? ¿Qué pasa? ¿Qué pasa? ¿Qué pasa? ¿Qué pasa? ¿Qué pasa? ¿Qué pasa? ¿Qué pasa? ¿Qué pasa? ¿Qué pasa? ¿Qué pasa? ¿Qué pasa? ¿Qué pasa? ¿Qué pasa? ¿Qué pasa? ¿Qué pasa? ¿Qué pasa? ¿Qué pasa? ¿Qué pasa? ¿Qué pasa? ¿Qué pasa? ¿Qué pasa? ¿Qué pasa? ¿Qué pasa? ¿Qué pasa? ¿Qué pasa? ¿Qué pasa? ¿Qué pasa? ¿Qué pasa? ¿Qué pasa? ¿Qué pasa? ¿Qué pasa? ¿Qué pasa? ¿Qué pasa? ¿Qué pasa? ¿Qué pasa? ¿Qué pasa? ¿Qué pasa? ¿Qué pasa? ¿Qué pasa? ¿Qué pasa? ¿Qué pasa? ¿Qué pasa? ¿Qué pasa? ¿Qué pasa? ¿Qué pasa? ¿Qué pasa? ¿Qué pasa? ¿Qué pasa? ¿Qué pasa? ¿Qué pasa? ¿Qué pasa? ¿Qué pasa? ¿Qué pasa? ¿Qué pasa? ¿Qué pasa? ¿Qué pasa? ¿Qué pasa? ¿Qué pasa? ¿Qué pasa? ¿Qué pasa? ¿Qué pasa? ¿Qué pasa? ¿Qué pasa? ¿Qué pasa? ¿Qué pasa? ¿Qué pasa? ¿Qué pasa? ¿Qué pasa? ¿Qué pasa? ¿Qué pasa? ¿Qué pasa? ¿Qué pasa? ¿Qué pasa? ¿Qué pasa? ¿Qué pasa? ¿Qué pasa? ¿Qué pasa? ¿Qué pasa? ¿Qué pasa? ¿Qué pasa? ¿Qué pasa? ¿Qué pasa? ¿Qué pasa? ¿Qué pasa? ¿Qué pasa? ¿Qué pasa? ¿Qué pasa? ¿Qué pasa? ¿Qué pasa? ¿Qué pasa? ¿Qué pasa? ¿Qué pasa? ¿Qué pasa? ¿Qué pasa? ¿Qué pasa? ¿Qué pasa? ¿Qué pasa? ¿Qué pasa? ¿Qué pasa? ¿Qué pasa? ¿Qué pasa? ¿Qué pasa? ¿Qué pasa? ¿Qué pasa? ¿Qué pasa? ¿Qué pasa? ¿Qué pasa? ¿Qué pasa? ¿Qué pasa? ¿Qué pasa? ¿Qué pasa? ¿Qué pasa? ¿Qué pasa? ¿Qué pasa? ¿Qué pasa? ¿Qué pasa? ¿Qué pasa? ¿Qué pasa? ¿Qué pasa? ¿Qué pasa? ¿Qué pasa? ¿Qué pasa? ¿Qué pasa? ¿Qué pasa? ¿Qué pasa? ¿Qué pasa? ¿Qué pasa? ¿Qué pasa? ¿Qué pasa? ¿Qué pasa? ¿Qué pasa? ¿Qué pasa? ¿Qué pasa? ¿Qué pasa? ¿Qué pasa? ¿Qué pasa? ¿Qué pasa? ¿Qué pasa? ¿Qué pasa? ¿Qué pasa? ¿Qué pasa? ¿Qué pasa? ¿Qué pasa? ¿Qué pasa? ¿Qué pasa? ¿Qué pasa? ¿Qué pasa? ¿Qué pasa? ¿Qué pasa? ¿Qué pasa? ¿Qué pasa? ¿Qué pasa? ¿Qué pasa? ¿Qué pasa? ¿Qué pasa? ¿Qué pasa? ¿Qué pasa? ¿Qué pasa? ¿Qué pasa? ¿Qué pasa? ¿Qué pasa? ¿Qué pasa? ¿Qué pasa? ¿Qué pasa? ¿Qué pasa? ¿Qué pasa? ¿Qué pasa? ¿Qué pasa? ¿Qué pasa? ¿Qué pasa? ¿Qué pasa? ¿Qué pasa? ¿Qué pasa? ¿Qué pasa? ¿Qué pasa? ¿Qué pasa? ¿Qué pasa? ¿Qué pasa? ¿Qué pasa? ¿Qué pasa? ¿Qué pasa? ¿Qué pasa? ¿Qué pasa? ¿Qué pasa? ¿Qué pasa? ¿Qué pasa? ¿Qué pasa? ¿Qué pasa? ¿Qué pasa? ¿Qué pasa? ¿Qué pasa? ¿Qué pasa? ¿Qué pasa? ¿Qué pasa? ¿Qué pasa? ¿Qué pasa? ¿Qué pasa? ¿Qué pasa? ¿Qué pasa? ¿Qué pasa? ¿Qué pasa? ¿Qué pasa? ¿Qué pasa? ¿Qué pasa? ¿Qué pasa? ¿Qué pasa? ¿Qué pasa? ¿Qué pasa? ¿Qué pasa? ¿Qué pasa? ¿Qué pasa? ¿Qué pasa? ¿Qué pasa? ¿Qué pasa? ¿Qué pasa?",
        "kind": "online_video",
        "file_number": "4",
        "filename": "1 4 Otras cifras del mundo-wav.json",
        "url": "https://www.youtube.com/watch?v=YSmHW6SrPvA&t=378s",
        "source": "1 4 Otras cifras del mundo-wav"
    }
]