[
    {
        "number": 1,
        "timestamp_start": "00:00:00,000",
        "timestamp_end": "00:01:39,060",
        "text": "La función de demanda en macroeconomía es fundamental para comprender la relación entre los precios y las cantidades que las personas están dispuestas a adquirir de un bien o servicio en particular. En este sentido, la demanda de un producto, como por ejemplo las sardinas, está directamente influenciada por su precio en el mercado. \n\nCuando el precio de las sardinas es alto, la cantidad demandada tiende a ser menor, ya que los consumidores estarán menos dispuestos a adquirirlas en grandes cantidades. Por el contrario, si el precio de las sardinas disminuye, es probable que la cantidad demandada aumente, ya que resultan más accesibles y atractivas para los consumidores.\n\nPor lo tanto, la demanda de sardinas está determinada principalmente por el precio de las mismas. Este principio es válido para la mayoría de los bienes y servicios en una economía, donde la relación entre la demanda y el precio es un aspecto clave a considerar en el análisis macroeconómico.",
        "old_text": "Bueno, aquí pone angulas y cada año cambio, ¿no? Ahora son sardinas, ¿no? Y siempre me equivoco, ¿eh? Porque pienso que os gustan las sardinas y a nadie le gustan las sardinas. Pero pensé que las angulas serían interesantes y no encontraba nunca a nadie que le gustasen las angulas, ¿no? Mirad, demanda y oferta, ¿no? La función de demanda es muy fácil de entender, ¿no? Creo, ¿eh? Que es muy fácil de entender. Es una función que pone en relación, en relación, precios y cantidades de la gente, ¿vale? Distintas cantidades a distintos precios, ¿vale? Entonces serían deseos, ¿no? Deseos de, yo qué sé, de sardinas, pues a distintos precios, ¿cuántas cantidades de sardinas yo compraría? ¿Vale? Entonces, yo qué sé, pues sería que la cantidad demandada de sardinas está en función básicamente del precio de las sardinas, ¿no? Entonces, si yo pongo aquí un cuadro y aquí pongo precio de la sardina y aquí pongo cantidad de sardina, pues si la sardina va a 120 euros al kilo, pues quizás me compro la cola de la sardina, ¿no? Pero no voy a tomar demasiadas sardinas, ¿no? Voy a consumir poquísimo, ¿no? Y a medida que va bajando el precio de las sardinas, consumiré un poco más, ¿no? Y un poco más, y un poco más, y un poco más, ¿no? Esto es lógico. Lógico, ¿no? Lo veis lógico, ¿no? Me imagino, ¿no? ¿Vale? Claro, el precio de, o la demanda de sardinas solo depende del precio de las sardinas.",
        "kind": "online_video",
        "file_number": "5",
        "filename": "1 5 Demanda y Oferta Coste de oportunidad y factores no homogeneos-wav.json",
        "url": "https://www.youtube.com/watch?v=X2UItko3LRw&t=0s",
        "source": "1 5 Demanda y Oferta Coste de oportunidad y factores no homogeneos-wav"
    },
    {
        "number": 2,
        "timestamp_start": "00:01:39,060",
        "timestamp_end": "00:03:21,740",
        "text": "La demanda de un bien o servicio puede variar por diferentes factores, como los gustos y las modas. Por ejemplo, si se publica un artículo que indica que comer sardinas aumenta la vigorosidad sexual, la demanda de sardinas se dispararía. Por el contrario, si se difunde que comer muchas sardinas puede provocar cáncer de próstata, la demanda caería drásticamente. \n\nAdemás de los gustos y las modas, la presencia de productos sustitutivos en el mercado también influye en la demanda de un bien. Por ejemplo, si las sardinas tienen competidores como los boquerones, y el precio de las sardinas aumenta, es probable que los consumidores opten por comprar boquerones en lugar de sardinas. \n\nEn resumen, la demanda de un bien puede variar no solo por cambios en el precio, que provocan movimientos a lo largo de la curva de demanda, sino también por factores como los gustos, las modas y la disponibilidad de productos sustitutivos en el mercado.",
        "old_text": "No, no, no, no. También depende, por ejemplo, de los gustos, de las modas, ¿no? Por ejemplo, imaginaos que sale un artículo de Nature, ¿no? De la revista de esta científica, ¿no? Que dice que comer sardinas aumenta la vigorosidad sexual. Automáticamente, ¿qué pasa con la demanda de sardinas? ¿Qué pasa con la demanda de sardinas? Bomba, se dispara, ¿no? ¿Lo veis? Y se dispararía de forma paralela, ¿no? ¿Vale? Pero aumentaría mogollón la demanda de sardinas posiblemente, ¿no? O al revés. Sale un artículo que dice que comer muchas sardinas produce cáncer de próstata, ¿no? Dejase todas las sardinas, ¿no? Caería en picado, ¿no? Por lo tanto, la demanda de sardinas, fijaros, si varía el precio, tú te mueves, ¿no? Y te vas a comer muchas sardinas. Y te vas a comer muchas sardinas. Y te vas a comer muchas sardinas. Y te vas a comer muchas sardinas. Fijaros, si varía el precio, tú te mueves a lo largo de esta función, ¿vale? Pero si varía otra historia, que serían los gustos, se desplaza para arriba o se desplaza para abajo, ¿no? ¿Vale? Si de golpe a ti te gustan las sardinas y de golpe te fichas a Google y ganas 300.000 euros, posiblemente tu demanda de sardinas, bomba, también salte, ¿no? O si te quedas en la calle del curro, ¿vale? Caiga para abajo, ¿no? Vale, ahora otra situación. Otra, 30, ¿no? O, por ejemplo, las sardinas tienen competidores, ¿no? Los boquerones. Puede ser un competidor de las sardinas, ¿no? Entonces, tú te vas a, yo qué sé, a la boquería y vas a comprar sardinas, y ves que están caras, pero ves que algo que no está muy barato, pues compras boquerones, compras sardinas, ¿no? ¿Vale? Por lo tanto, también lo podríamos aquí, ¿no? El precio de productos, digamos, sustitutivos, etcétera, etcétera.",
        "kind": "online_video",
        "file_number": "5",
        "filename": "1 5 Demanda y Oferta Coste de oportunidad y factores no homogeneos-wav.json",
        "url": "https://www.youtube.com/watch?v=X2UItko3LRw&t=99s",
        "source": "1 5 Demanda y Oferta Coste de oportunidad y factores no homogeneos-wav"
    },
    {
        "number": 3,
        "timestamp_start": "00:03:21,740",
        "timestamp_end": "00:05:12,080",
        "text": "La oferta en macroeconomía se refiere a la cantidad de bienes o servicios que los productores están dispuestos a vender a diferentes precios en un mercado determinado. En el texto proporcionado, se hace referencia a la función de oferta utilizando el ejemplo de pescadores de sardinas. \n\nEn este caso, se menciona que los pescadores están dispuestos a pescar ciertas cantidades de sardinas en función del precio. Por ejemplo, si un pescador pesca 15 kilos de sardinas por la mañana y el precio al que puede vender esas sardinas es de 20 euros por kilo, entonces estaría obteniendo un ingreso de 300 euros al día. \n\nLa relación entre la cantidad de sardinas que un pescador está dispuesto a pescar y el precio al que puede vender es lo que determina la curva de oferta en un mercado. A medida que el precio de las sardinas aumenta, los pescadores estarán dispuestos a pescar más, lo que se reflejará en un desplazamiento de la curva de oferta hacia la derecha. Por el contrario, si el precio disminuye, la cantidad ofrecida por los pescadores también disminuirá, lo que desplazará la curva de oferta hacia la izquierda. \n\nEs importante entender que la oferta está determinada por factores como los costos de producción, la tecnología disponible, los precios de los insumos y las expectativas de los productores. La interacción entre la oferta y la demanda en un mercado es lo que determina el precio y la cantidad de equilibrio de un bien o servicio.",
        "old_text": "Yo creo que esto es muy fácil de entender, ¿no? No voy a insistir con esto. ¿Vale? Quiero saber si hay alguna duda de esto, ¿eh? No de la oferta, de esto. ¿Vale? Un minuto, va. Si hay mucha demanda, sube el precio. Si hubiera muchísima demanda, subiría el precio. Tienes razón. Muchísima. Pero no se desplaza. Es la mía, es la mía, es la mía. La mía individual. ¿Vale? Vamos a la oferta. Fíjate, que esa era la fácil. ¿Vale? Vamos a la oferta. Claro, la oferta. Ahora, ¿sí? Somos pescadores de sardinas, ¿vale? Somos pescadores, ¿eh? Vale. Y entonces, la función de oferta, yo aquí voy a poner precios, aquí es cantidades que yo estaría dispuesto a pescar en función del precio. Esa es la idea. ¿Veis? Son deseos. Y son costes, ¿no? Vamos a imaginarnos que yo vivo en la escala. ¿Vale? Y yo voy a pescar tres horas por la mañana. Cuatro horitas por la mañana. ¿Vale? Y me saco, pues no sé, con cuatro horitas por la mañana, las sardinas no se pescan así, ¿eh? Pero bueno, da igual, ¿eh? ¿Vale? Y pillo 15 kilos de sardinas. ¿Vale? Y las sardinas, esos 15 kilos, me pagan... Me pagan a... 20 euros al kilo, va. Es mucho, ¿eh? Pero me da igual, ¿no? ¿Eso qué significa? Que yo estoy sacándome 300 euritos cada día, ¿no? Pescando, ¿no? Ahora, una a cabo. Me voy a un baile de todos los colegas. Hacemos el vermutillo. ¿Vale? Buen rollito y luego hacemos una partida.",
        "kind": "online_video",
        "file_number": "5",
        "filename": "1 5 Demanda y Oferta Coste de oportunidad y factores no homogeneos-wav.json",
        "url": "https://www.youtube.com/watch?v=X2UItko3LRw&t=201s",
        "source": "1 5 Demanda y Oferta Coste de oportunidad y factores no homogeneos-wav"
    },
    {
        "number": 4,
        "timestamp_start": "00:05:12,080",
        "timestamp_end": "00:14:33,580",
        "text": "error",
        "old_text": "Vamos al mú, y a la butifarra y no sé qué rollos. Y luego me pongo una siesta y luego me miro una peli. ¿Vale? Y ya está, esa es mi vida, ¿no? Siempre me pego algún festoro con amigos y toda esa historia. ¿No? ¿Ves que yo vivo bien, no? 300 euros cada día, ¿no? Y ahora resulta que... ¿Eh? ¿Ya lo has pagado? Sí, hombre. Sí, sí. Sí, sí. El alquiler, no sé qué. Y además tengo dos niños. Sí, hombre. Pero 300 euros al día no está mal. No está mal. 300 euros... Pero te ha costado... Tres carlos a pico. Tres carlos a pico. Claro, el ratito que he estado, ¿no? La gasolina del barco. ¿No? ¿No? ¿No? ¿No? ¿No? ¿No? ¿No? ¿No? ¿No? ¿No? ¿No? ¿No? ¿No? ¿No? ¿No? ¿No? ¿No? ¿No? ¿No? ¿No? ¿No? ¿No? ¿No? ¿No? ¿No? ¿No? ¿No? ¿No? ¿No? ¿No? ¿No? ¿No? ¿No? ¿No? ¿No? ¿No? ¿No? ¿No? ¿No? ¿No? ¿No? ¿No? ¿No? ¿No? ¿No? ¿No? ¿No? ¿No? ¿No? ¿No? ¿No? ¿No? ¿No? ¿No? ¿No? ¿No? ¿No? ¿No? ¿No? ¿No? ¿No? ¿No? ¿No? ¿No? ¿No? ¿No? ¿No? ¿No? ¿No? ¿No? ¿No? ¿No? ¿No? ¿No? ¿No? ¿No? ¿No? ¿No? ¿No? ¿No? ¿No? ¿No? ¿No? ¿No? ¿No? ¿No? ¿No? ¿No? ¿No? ¿No? ¿No? ¿No? ¿No? ¿No? ¿No? ¿No? ¿No? ¿No? ¿No? ¿No? ¿No? ¿No? ¿No? ¿No? ¿No? ¿No? ¿No? ¿No? ¿No? ¿No? ¿No? ¿No? ¿No? ¿No? ¿No? ¿No? ¿No? ¿No? ¿No? ¿No? ¿No? ¿No? ¿No? ¿No? ¿No? ¿No? ¿No? ¿No? ¿No? ¿No? ¿No? ¿No? ¿No? ¿No? ¿No? ¿No? ¿No? ¿No? ¿No? ¿No? ¿No? ¿No? ¿No? ¿No? ¿No? ¿No? ¿No? ¿No? ¿No? ¿No? ¿No? ¿No? ¿No? ¿No? ¿No? ¿No? ¿No? ¿No? ¿No? ¿No? ¿No? ¿No? ¿No? ¿No? ¿No? ¿No? ¿No? ¿No? ¿No? ¿No? ¿No? ¿No? ¿No? ¿No? ¿No? ¿No? ¿No? ¿No? ¿No? ¿No? ¿No? ¿No? ¿No? ¿No? ¿No? ¿No? ¿No? ¿No? ¿No? ¿No? ¿No? ¿No? ¿No? ¿No? ¿No? ¿No? ¿No? ¿No? ¿No? ¿No? ¿No? ¿No? ¿No? ¿No? ¿No? ¿No? ¿No? ¿No? ¿No? ¿No? ¿No? ¿No? ¿No? ¿No? ¿No? ¿No? ¿No? ¿No? ¿No? ¿No? ¿No? ¿No? ¿No? ¿No? ¿No? ¿No? ¿No? ¿No? ¿No? ¿No? ¿No? ¿No? ¿No? ¿No? ¿No? ¿No? ¿No? ¿No? ¿No? ¿No? ¿No? ¿No? ¿No? ¿No? ¿No? ¿No? ¿No? ¿No? ¿No? ¿No? ¿No? ¿No? ¿No? ¿No? ¿No? ¿No? ¿No? ¿No? ¿No? ¿No? ¿No? ¿No? ¿No? ¿No? ¿No? ¿No? ¿No? ¿No? ¿No? ¿No? ¿No? ¿No? ¿No? ¿No? ¿No? ¿No? ¿No? ¿No? ¿No? ¿No? ¿No? ¿No? ¿No? ¿No? ¿No? ¿No? ¿No? ¿No? ¿No? ¿No? ¿No? ¿No? ¿No? ¿No? ¿No? ¿No? ¿No? ¿No? ¿No? ¿No? ¿No? ¿No? ¿No? ¿No? ¿No? ¿No? ¿No? ¿No? ¿No? ¿No? ¿No? ¿No? ¿No? ¿No? ¿No? ¿No? ¿No? ¿No? ¿No? ¿No? ¿No? ¿No? ¿No? ¿No? ¿No? ¿No? ¿No? ¿No? ¿No? ¿No? ¿No? ¿No? ¿No? ¿No? ¿No? ¿No? ¿No? ¿No? ¿No? ¿No? ¿No? ¿No? ¿No? ¿No? ¿No? ¿No? ¿No? ¿No? ¿No? ¿No? ¿No? ¿No? ¿No? ¿No? ¿No? ¿No? ¿No? ¿No? ¿No? ¿No? ¿No? ¿No? ¿No? ¿No? ¿No? ¿No? ¿No? ¿No? ¿No? ¿No? ¿No? ¿No? ¿No? ¿No? ¿No? ¿No? ¿No? ¿No? ¿No? ¿No? ¿No? ¿No? ¿No? ¿No? ¿No? ¿No? ¿No? ¿No? ¿No? ¿No? ¿No? ¿No? ¿No? ¿No? ¿No? ¿No? ¿No? ¿No? ¿No? ¿No? ¿No? ¿No? ¿No? ¿No? ¿No? ¿No? ¿No? ¿No? ¿No? ¿No? ¿No? ¿No? ¿No? ¿No? ¿No? ¿No? ¿No? ¿No? ¿No? ¿No? ¿No? ¿No? ¿No? ¿No? ¿No? ¿No? ¿No? ¿No? ¿No? ¿No? ¿No? ¿No? ¿No? ¿No? ¿No? ¿No? ¿No? ¿No? ¿No? ¿No? ¿No? ¿No? ¿No? ¿No? ¿No? ¿No? ¿No? ¿No? ¿No? ¿No? ¿No? ¿No? ¿No? ¿No? ¿No? ¿No? ¿No? ¿No? ¿No? ¿No? ¿No? ¿No? ¿No? ¿No? ¿No?",
        "kind": "online_video",
        "file_number": "5",
        "filename": "1 5 Demanda y Oferta Coste de oportunidad y factores no homogeneos-wav.json",
        "url": "https://www.youtube.com/watch?v=X2UItko3LRw&t=312s",
        "source": "1 5 Demanda y Oferta Coste de oportunidad y factores no homogeneos-wav"
    }
]