[
    {
        "number": 1,
        "timestamp_start": "00:00:00,000",
        "timestamp_end": "00:01:20,500",
        "text": "La especialización laboral en una sociedad como la nuestra ha llevado a que las personas se enfoquen en tareas muy específicas. Por ejemplo, hay individuos que se especializan en actividades altamente concretas, como el caso de un trabajador en Italia en la empresa Ferrari, quien es experto en cambiar las ruedas de un coche de Fórmula 1. Esta especialización extrema es posible gracias a la estructura organizativa de empresas como Ferrari, que cuentan con miles de empleados dedicados a diferentes funciones. En este sentido, la división del trabajo ha llevado a que las personas se especialicen en áreas muy particulares, lo que puede resultar sorprendente para quienes no están familiarizados con esos campos específicos.",
        "old_text": "La primera idea de este tema es que, mirad, que lo del trueque, lo de cambiar cositas por cositas, esto es muy buen rollo, ¿no? Y los bancos estos del tiempo y toda esta historia, muy buen rollito, y todo lo que tú quieras. Pero en una sociedad como la nuestra, donde nos hemos especializado en cosas muy concretas, la gente se ha especializado en cosas concretísimas, ¿no? Hay un tipo, hay un tipo que trabaja en Italia, en una empresa que se llama Ferrari, ¿vale? Que, atención, es el experto de una especie de taladro, ¿no? Y entonces este tío lo que hace es, hace este movimiento, ¿no? ¿Y qué hace? Cambiar las ruedas de un Fórmula 1. Lo hace de una forma bestial, bestial, ¿no? Pero bestial. Pero tú le preguntas a este tío, ¿y tú qué sabes hacer? Dice yo, esto, ¿no? ¿Vale? Claro, esto es posible, ¿por qué? Porque Ferrari cuenta con 3.000 trabajadores, no sé cuántos trabajadores que están metidos allí. Si no sería imposible que hubiera un tío allí para hacer estas historias, ¿no? Entonces, claro, nos hemos especializado en cosas rarísimas. Entonces, claro, cuando nos especializamos en cosas muy, muy concretas, ¿no? Pensar en la... Bueno, yo tengo amigos que tienen trabajos que dices, ¿de qué trabajas, no? Te cuentan un rollo y dices, hostia, macho, ¿y esto, no? Por ejemplo, conozco una tipa que trabaja en la consolidación de balances de un programa que se llama SAP, ¿no? Que es un SAP, es de...",
        "kind": "online_video",
        "file_number": "6",
        "filename": "2 1 Problemas campo de prisioneros-wav.json",
        "url": "https://www.youtube.com/watch?v=iUB5ocowCvM&t=0s",
        "source": "2 1 Problemas campo de prisioneros-wav"
    },
    {
        "number": 2,
        "timestamp_start": "00:01:20,500",
        "timestamp_end": "00:02:34,820",
        "text": "La especialización en economía se refiere a la concentración de las personas, empresas o países en la producción de un bien o servicio específico en el que son más eficientes. Esto se traduce en una mayor productividad y eficiencia en la economía en su conjunto. Un ejemplo claro de los beneficios de la especialización lo encontramos en la teoría de Adam Smith, quien explicaba que al especializarnos en una tarea específica, nos volvemos más eficientes y productivos. \n\nLa especialización conlleva la necesidad de intercambiar bienes y servicios, lo cual nos lleva al surgimiento del dinero como medio de intercambio más eficiente que el trueque. El dinero uniforme es un requisito fundamental para el correcto funcionamiento de un sistema monetario. Esto significa que la moneda debe ser aceptada de manera generalizada y tener un valor establecido que sea reconocido por todos los agentes económicos. \n\nEn el contexto de un sistema monetario, es importante cumplir con ciertas reglas para garantizar su correcto funcionamiento. La introducción de una moneda dentro de un sistema, como en el caso del campus Nord, requiere de una serie de condiciones para que sea efectiva. La uniformidad del dinero, es decir, que sea aceptado de manera generalizada, es una de las reglas fundamentales para que el sistema monetario funcione adecuadamente.",
        "old_text": "Y ella es la experta en consolidar balances, ¿no? Y dices, hostia, qué interesante, ¿no? De ser un paro que te cagas, ¿no? Claro, bueno. Pues, entonces, ¿qué es lo que se llama? ¿Qué es lo que se llama? ¿Qué es lo que se llama? Pues, entonces, ¿qué es lo que se llama? ¿Qué es lo que se llama? Pues, eso. Cuando eso ocurre, necesitamos intercambiar, ¿no? ¿Lo veis? Y cuando necesitamos intercambiar, el trueque no es eficiente, ¿no? Entonces, ya visteis las razones, ¿no? Aquí os lo pone, ¿no? Necesita no sé qué. Todo esto puedo tirar para adelante, que es muy obvio, ¿no? ¿Vale? Y así es... Bueno, hay el ejemplo de Adam Smith, que es como muy, muy claro, ¿no? Nos especializamos porque nos convertimos en una sociedad muchísimo más eficiente. Esa es la razón de que nos especialicemos, ¿no? Pero, claro, la especialización exige la inclusión. Y eso hace que aparezca el dinero, etcétera, etcétera, ¿no? Y entonces aquí tenéis el primer flujo circular de la renta, que eso lo iremos complicando, ¿no? Entonces, cuando hay dinero, el otro caso, que es el del UPIC, ¿no? El de la introducción de una moneda dentro del campus Nord, ¿no? ¿Esto lo habéis mirado? ¿Sí? Vale, las conclusiones diríamos que para que un sistema monetario funcione, hay que cumplir una serie de reglas, ¿no? El dinero ha de ser uniforme. ¿Qué significa que el dinero sea uniforme? O sea, uniforme. Hombre, significa que, mirad, no mola para nada lo que teníamos en España hace...",
        "kind": "online_video",
        "file_number": "6",
        "filename": "2 1 Problemas campo de prisioneros-wav.json",
        "url": "https://www.youtube.com/watch?v=iUB5ocowCvM&t=80s",
        "source": "2 1 Problemas campo de prisioneros-wav"
    },
    {
        "number": 3,
        "timestamp_start": "00:02:34,820",
        "timestamp_end": "00:04:26,900",
        "text": "Hace 15 años, existían 86 monedas distintas en circulación. En aquel entonces, la diversidad de monedas podía generar confusiones en las transacciones cotidianas. Es fundamental que el dinero sea uniforme, es decir, que los billetes tengan características comunes como el color, el tamaño y otros elementos visuales que los hagan fácilmente reconocibles. Por ejemplo, los billetes de 100 deben ser idénticos entre sí para evitar malentendidos y posibles errores al momento de realizar pagos. \n\nLa divisibilidad del dinero también es un aspecto crucial a tener en cuenta. El dinero debe poder dividirse fácilmente en diferentes denominaciones, como billetes de 500, 100, 50, entre otros, para facilitar las transacciones comerciales y evitar situaciones incómodas como la descrita por el individuo que tomó un taxi desde el aeropuerto. En este caso, al cobrarle 29 euros, al intentar pagar con un billete de 50 euros, se generó un conflicto debido a la falta de billetes de menor denominación para facilitar el cambio exacto. \n\nEn resumen, la uniformidad y la divisibilidad del dinero son aspectos fundamentales para garantizar la eficiencia y la claridad en las transacciones económicas en una sociedad.",
        "old_text": "¿Qué hace? 15 años, ¿no? 86 monedas distintas. 86 monedas distintas, ¿no? ¿Teníamos una moneda? Tengo una moneda así, dorada, ¿vale? Con un agujerito en medio, ¿no? Yo, porque venía muchos guiris de los países del este aquí, ¿no? Que los traía, ¿no? Y decía, ¿ves esto? Esto vale 25 pesetas, ¿no? Y el tío decía, ¡ah, vale! Y tú le decías, ya, pero espera, espera. Hay otra moneda, que es plateada, que es un poco más gorda, vale menos, ¿no? Y el tío ya empezaba a flipar, dice, ¡ah, vale! ¿Cuánto vale esta? Esta vale 5. ¡Ah, vale! Sí, pero espérate, porque hay otra, ¿vale? Que es dorada, mucho más pequeñita, que vale lo mismo que esta, ¿no? Y el tío ya empezaba a cabrearse conmigo, ¿no? ¿Vale? Y al final, ¿qué hacían estos tíos? Cuando tenían que pagar, me daban... La cartilla de paga, ¿no? Porque era un lío, ¿no? El dinero ha de ser uniforme, ¿no? Es importante que los billetes de 100 sean todos iguales, del mismo colorín, etcétera, etcétera, ¿no? Demasiado iguales tampoco, ¿no? Lo de los dólares tampoco es genial, ¿no? Mismo tamaño, mismo color. Lo único que hacen es cambiar el dibujo. Eso según cómo puede inducir al engaño y al error, ¿no? El dinero ha de ser fácilmente divisible, ¿no? 500, 100... Pero lo que sabemos, ¿no? Eso es importante, ¿no? Vale, pero si no es un mal rollo, ¿no? Ayer un amigo mío venía... Ayer no, antes... No, no, ayer vino, ¿no? Venía en taxi desde el aeropuerto, ¿no? Y le cobraron 29 euros, ¿no? Y mi amigo coge y saca un billete de 50 euros, ¿no? Y el taxista por poco le parte la cara, ¿no? Dice, pero si me estás cobrando 30 euros, ¿no? Y yo te decía, deja sin cambio, ¿no? Pero si son 30 euros, te estoy dando 50, ¿no? Había un problema ahí de divisibilidad, ¿lo ves? Eh...",
        "kind": "online_video",
        "file_number": "6",
        "filename": "2 1 Problemas campo de prisioneros-wav.json",
        "url": "https://www.youtube.com/watch?v=iUB5ocowCvM&t=154s",
        "source": "2 1 Problemas campo de prisioneros-wav"
    },
    {
        "number": 4,
        "timestamp_start": "00:04:26,900",
        "timestamp_end": "00:05:40,960",
        "text": "El dinero es un elemento fundamental en la economía de cualquier país. Para que funcione adecuadamente, debe ser aceptado por todos los agentes económicos. Es decir, el dinero debe ser de curso legal y gozar de la confianza de la población. Por ejemplo, en el caso mencionado de Turmenistán, la moneda local, el Manat, no era aceptada ampliamente debido a su constante pérdida de valor, lo que llevaba a que la gente prefiriera utilizar dólares estadounidenses para sus transacciones. \n\nAdemás de ser aceptado, el dinero debe ser conveniente en términos de su denominación. Por ejemplo, la existencia de monedas de bajo valor, como el céntimo, puede resultar poco práctica en la vida cotidiana, lo que lleva a que dichas monedas dejen de utilizarse. \n\nOtro aspecto importante es que el dinero sea duradero. Esto implica que los billetes y monedas deben estar fabricados con materiales que les permitan mantenerse en circulación durante un tiempo prolongado sin deteriorarse fácilmente. De lo contrario, se generaría un problema de calidad en el dinero que afectaría su aceptación y uso en la economía.",
        "old_text": "Ha de ser aceptado por todo el mundo, eso es básico, ¿no? Es básico. Hay países que tienen un sistema monetario que más o menos podría ser aceptable y no lo quiere ni Dios, ¿vale? Yo qué sé, cuando yo iba a un país que se llamaba Turmenistán y ellos tenían una moneda que se llamaba... Manat, ¿vale? El Manat, ¿no? Claro, el Manat era una locura de moneda, ¿no? Entonces tú podías pagar en todos lados con dólares. De hecho estaban encantados y pagabas con dólares, ¿no? ¿Por qué? Porque el Manat iba perdiendo valor continuamente, entonces la gente no quería esa moneda, ¿no? Hay que ser físicamente consciente, ¿no? Hay que ser conveniente, ¿no? Por ejemplo, ¿eh? Esto, ¿esto? No es físicamente conveniente, ¿no? Un céntimo, ¿no? ¿Por qué han inventado el céntimo tan pequeño? Porque no quieren que lo usemos, eso es evidente, ¿no? Si no hubiera sido una moneda más grande, ¿no? De hecho ya no usamos esta moneda, ¿no? Y luego hay que ser duradero, creo que eso es básico, ¿no? Todos lo entendemos, que el dinero ha de ser duradero. No puede ser que el dinero esté hecho con cartones, con papel higiénico para ahorrar, ¿no? No puede ser. No, eso es una... ¿No os acordáis que al principio hablaban de que esto perdía el color y que...? ¿No os acordáis de esta historia, no? Y los billetes pierden el color. Se ponen verdes, ¿no? Y no sé qué historia, ¿no? Porque hay una reacción química, no sé qué.",
        "kind": "online_video",
        "file_number": "6",
        "filename": "2 1 Problemas campo de prisioneros-wav.json",
        "url": "https://www.youtube.com/watch?v=iUB5ocowCvM&t=266s",
        "source": "2 1 Problemas campo de prisioneros-wav"
    },
    {
        "number": 5,
        "timestamp_start": "00:05:40,960",
        "timestamp_end": "00:07:20,840",
        "text": "Un sistema monetario es un conjunto de instituciones, normas y procedimientos que regulan la oferta de dinero en una economía. En el contexto de la macroeconomía, es fundamental comprender las características que debe cumplir un sistema monetario para su correcto funcionamiento. \n\nUno de los problemas que puede generar un sistema monetario es la falta de intercambio de bienes y servicios, lo cual puede dificultar el desarrollo de la economía. Es por ello que resulta relevante estudiar cómo funciona un sistema monetario y cuáles son las implicaciones de su implementación.\n\nUn ejemplo ilustrativo de la importancia de los sistemas monetarios se puede observar en el caso del campo de prisioneros durante la Segunda Guerra Mundial, tal como lo analizó Radford en su documento. A pesar de las limitaciones de recursos en un campo de prisioneros, se observó la creación de sistemas monetarios basados en las raciones recibidas de los alemanes. Este caso ejemplifica cómo, incluso en condiciones extremas, surge la necesidad de establecer mecanismos de intercambio para facilitar la asignación de recursos disponibles. \n\nEl estudio de casos como el del campo de prisioneros permite comprender la importancia de los sistemas monetarios en la economía, así como las implicaciones que tienen en la organización y funcionamiento de los mercados. La observación de situaciones límite como esta nos brinda valiosas lecciones sobre la relevancia de contar con un sistema monetario eficiente y adaptado a las necesidades de intercambio de una sociedad.",
        "old_text": "O sea, alguien se equivocó, ¿no? Posiblemente. Vale. Una vez tenemos las características que ha de cumplir un sistema monetario, vamos a ver, ¿vale? Qué problemas genera un sistema monetario, ¿no? Y cómo funciona, ¿no? ¿No? Entonces, para hacer esto, nos va a ir genial, genial, genial, el caso del campo de prisioneros, ¿vale? Entonces, vamos a ver esto del campo de prisioneros. El caso que yo os he puesto del campo de prisioneros es una versión súper libre mía sobre el original, que es el del Radford, ¿vale? El del Radford lo tenéis ya en las lecturas, si a alguien le interesa, ¿no? Lo que pasa es que yo he adaptado eso con el tiempo y me he montado un sistema de prisioneros, ¿vale? Y me he montado una peliculeta que me va bien a mí, punto. ¿Vale? Es mucho más interesante lo del Radford, pero para lo que yo quiero es mucho más práctico lo que yo os he montado, ¿no? Entonces, vamos a imaginarnos lo siguiente, ¿no? Un campo de prisioneros, Segunda Guerra Mundial, Radford. Es un tipo que estaba ahí, ¿no? De hecho, le engancharon los alemanes, ¿no? Era un soldado, ¿no? No es un civil, no es un campo de concentración, de exterminio, no, ¿eh? Para nada, ¿eh? Es un campo de prisioneros, Convención de Ginebra y todo esos rollos, ¿no? Vale, entonces, Radford tuvo la suerte o la desgracia de ir pasando diversos campos de prisioneros y observó que en los campos de prisioneros se creaban sistemas monetarios, ¿no? Y, de hecho, escribió un documento y se hizo hiperfamoso gracias a ese documento, ¿no? Entonces, mirad, claro, en un campo de prisioneros poco habrá a intercambiar, ¿no? Por lo tanto, sistema monetario difícil, ¿no? Pero, hombre, sí que había cosas a intercambiar, ¿no? ¿Por qué? Porque había las raciones que recibían de los alemanes, ¿no? Los soldados.",
        "kind": "online_video",
        "file_number": "6",
        "filename": "2 1 Problemas campo de prisioneros-wav.json",
        "url": "https://www.youtube.com/watch?v=iUB5ocowCvM&t=340s",
        "source": "2 1 Problemas campo de prisioneros-wav"
    },
    {
        "number": 6,
        "timestamp_start": "00:07:20,840",
        "timestamp_end": "00:08:54,080",
        "text": "En el campo de prisioneros, la distribución de los productos era clave. Había una variedad de productos como carne, mantequilla, harina, arroz, café, galletas, entre otros. Sin embargo, cada persona tenía preferencias diferentes, por ejemplo, algunos fumaban y otros no. Esto generaba incentivos para el intercambio de bienes, ya que aquellos que no fumaban estaban dispuestos a cambiar su paquete de tabaco por otros productos que les fueran más útiles. Además, situaciones como la de un vegetariano que recibía una lata de carne también incentivaban el intercambio, ya que el producto no era de utilidad para él. \n\nEn este contexto, la disciplina era fundamental y estaba a cargo de un coronel de la SS llamado Otton von Bismarck. Este personaje era conocido por su crueldad y su énfasis en la disciplina dentro del campo de prisioneros. La disciplina era esencial para mantener el orden y asegurar que las normas fueran respetadas por todos los prisioneros.",
        "old_text": "Y había los paquetes que les llegaba de la clonología, ¿no? De hecho, había una serie de productos, ¿no? Aquí podemos ver, ¿no? Carne, bueno, mantequilla, harina, carne en lata, zanahoria en lata, arroz, cafete, galletas, etcétera, etcétera, ¿no? ¿Vale? Entonces, por ejemplo, había tabaco, ¿no? Entonces, claro, el que no fuma, ¿paquete de tabaco? Para nada, ¿no? Entonces, ¿tú fumas, Enric? Tú sí, vale. Yo he dejado de fumar hace tres días, ¿no? Entonces, te cambio, ¿no? Yo no quiero para nada mi paquete de tabaco, ¿no? ¿Vale? ¿Lo veis? Y, además, yo, por ejemplo, soy vegetariano. Entonces, ¿qué hago con una lata de carne? No hago nada, ¿lo veis? Ya hay un incentivo a intercambiar cosas, ¿no? ¿Lo veis? Entonces, claro, esto es cómo estaba distribuido el campo de prisioneros, ¿vale? Había los pabellones, el pabellón de los franceses, de los ingleses, de los indios sir, de los australianos, etcétera, etcétera, ¿no? Cada pabellón cabía la tira de gente, ¿eh? Cabían más de mil personas en cada pabellón, ¿vale? Entonces, este campo de prisioneros estaba gobernado por un señor que era un coronel. Era un coronel de la SS que se llamaba Otton von Bismarck, ¿vale? Era un tío de estos malos, ¿no? Cruel, cruel, cruel, muy culto, ¿no? Con las botas estas brillantes, con óculo, ¿no? Todas estas historias, ¿no? Y para él era súper importante la disciplina, ¿no? Cuando a ti te hacen... Te ponen a mandar un lugar como este, la disciplina es súper importante, ¿no? Entonces, al principio lo que hizo es que para que la gente se portase bien puso todo lo así.",
        "kind": "online_video",
        "file_number": "6",
        "filename": "2 1 Problemas campo de prisioneros-wav.json",
        "url": "https://www.youtube.com/watch?v=iUB5ocowCvM&t=440s",
        "source": "2 1 Problemas campo de prisioneros-wav"
    },
    {
        "number": 7,
        "timestamp_start": "00:08:54,080",
        "timestamp_end": "00:10:25,480",
        "text": "En un contexto de intercambio y distribución de recursos, es fundamental comprender cómo se lleva a cabo la asignación de bienes y servicios. En el caso mencionado, se destaca la importancia de los incentivos en las decisiones individuales y en la interacción entre personas. \n\nEn este escenario, se plantea la idea de que cada individuo recibe una asignación de recursos, ya sea alimentos, productos o cualquier otro bien, y que esta asignación puede generar incentivos para el intercambio. Por ejemplo, se menciona el caso de un individuo vegetariano que recibe una lata de carne en su asignación. Al enterarse de esto, otro individuo le propone intercambiar la lata de carne por un paquete de galletas. Ante esta oferta, el individuo vegetariano evalúa el valor que tiene para él la lata de carne y el valor de las galletas, tomando en cuenta sus preferencias y necesidades.\n\nEste ejemplo ilustra cómo los incentivos pueden influir en las decisiones de intercambio entre individuos, ya que cada persona busca maximizar su bienestar y satisfacer sus necesidades de la mejor manera posible. Asimismo, se destaca la importancia de la asignación de recursos y cómo esta puede generar oportunidades para el intercambio voluntario entre individuos con preferencias y necesidades diferentes.",
        "old_text": "Y se llevaban alambradas donde la gente no se podía comunicar, ¿no? Estas eran garitas donde había tíos, ¿vale? Que si alguien intentaba comunicarse con otro de... del otro pabellón, pues se lo cargaban, ¿no? Entonces la gente de algún modo, con que no tenía claro que iba, pues se portaban bien, ¿no? ¿Cómo repartían los suministros, no? ¿Cómo repartía las raciones de toda esta historia? ¿Qué hacía? ¿Iba a ver a los franceses, el coronel y decía muy buenos días? ¿Cómo están ustedes? ¿Les han dormido a gustito? ¿Hoy tenemos un poco de croissants? ¿Quieren saber de ese...? Es evidente que no, ¿no? Iba en función de lo que él recibía, la cantidad de cabezas que tenía en cada pabellón y él repartía y se acabó el rollo, ¿no? ¿Vale? Por lo tanto, a cada uno de nosotros vamos a imaginar que nosotros estamos en uno de estos pabellones, ¿no? A cada uno de nosotros nos tocará una serie de cosas. Nos guste o no nos guste. Y esto habrá... provocará un incentivo a intercambiar, ¿vale? Yo os he dicho que yo... Por ejemplo, soy vegetariano, ¿vale? Y Enric lo sabe. Entonces Enric me viene a ver y me dice Pues José, ¿qué vas a hacer con tu lata de carne, no? Y yo digo, pues... Con mi lata de carne... Te lo cambio por un paquete de galletas, ¿no? Y yo digo, ah, ah, no está mal, ¿no? Una lata de carne por un paquete de galletas. Claro, me lo pienso y digo, a ver, valor para mí, ¿no? De una lata de carne, ¿no? Menos 20, ¿no? ¿Vale? Valor de un paquete de galletas.",
        "kind": "online_video",
        "file_number": "6",
        "filename": "2 1 Problemas campo de prisioneros-wav.json",
        "url": "https://www.youtube.com/watch?v=iUB5ocowCvM&t=534s",
        "source": "2 1 Problemas campo de prisioneros-wav"
    },
    {
        "number": 8,
        "timestamp_start": "00:10:25,480",
        "timestamp_end": "00:11:40,260",
        "text": "La historia que se narra en el texto es un ejemplo de intercambio y valor en el contexto de la economía. En este caso, se menciona cómo una persona intercambia un objeto por otros bienes, los cuales a su vez intercambia por más bienes, hasta acumular una cantidad mayor de productos. Este proceso ilustra el concepto de intercambio y la importancia de considerar el valor relativo de los bienes en una transacción económica.\n\nEn macroeconomía, el intercambio de bienes y servicios es fundamental para el funcionamiento de la economía en su conjunto. A través de las transacciones comerciales, los individuos y las empresas satisfacen sus necesidades y deseos, generando así un flujo constante de intercambios que impulsan la actividad económica.\n\nEn el ejemplo mencionado, se observa cómo el protagonista inicialmente valora un objeto de una manera determinada, pero a medida que realiza intercambios su percepción de valor cambia. Este fenómeno refleja la teoría del valor subjetivo en economía, la cual sostiene que el valor de un bien o servicio está determinado por la percepción individual de cada persona en función de sus preferencias y circunstancias.\n\nAdemás, el relato destaca la importancia de considerar no solo el valor individual de un bien, sino también el valor relativo en comparación con otros bienes disponibles en el mercado. Este análisis comparativo es esencial en la toma de decisiones económicas, ya que permite maximizar la utilidad o beneficio derivado de las transacciones.\n\nEn resumen, el texto proporciona un ejemplo ilustrativo de cómo los intercambios económicos pueden conducir a una acumulación de bienes y a una reevaluación de los valores individuales a lo largo del proceso. Esta dinámica refleja aspectos clave de la teoría económica, como el intercambio, el valor subjetivo y la importancia de la comparación de valores en la toma de decisiones.",
        "old_text": "Tampoco es enorme, pero vamos a darle más 3, ¿no? Por lo tanto, es un buen cambio para mí. Es un buen cambio. Y te digo, vale, hecho, te lo cambio. Va pasando el día y veo que todos cuando pasáis cerca de mí, ¿no? Hacéis... ¿No? Y claro, voy intentando entender qué es lo que estáis diciendo y digo, pringado, ¿no? Pringado, pringado, ¿no? ¿No? Y al final de la tarde... No me acuerdo de tu nombre, ¿eh? Nati. Nati se apiada de mí y me dice, José, tío... ¿Sabéis lo que ha hecho Enric con tu paquete, con tu lata de carne? El tío se ha ido rápidamente y lo ha cambiado a otra persona por 2 kilos de harina y una lata de chocolate. Luego esto ha conseguido cambiarlo por 4 paquetes de tabaco. ¿Qué es lo que ha hecho? ¿Qué es lo que ha hecho? ¿Qué es lo que ha hecho? ¿Qué es lo que ha hecho? ¿Qué es lo que ha hecho? ¿Qué es lo que ha hecho? ¿Qué es lo que ha hecho? ¿Qué es lo que ha hecho? ¿Qué es lo que ha hecho? ¿Qué es lo que ha hecho? En definitiva, que al final de la tarde el tío tiene 8 paquetes de galletas, ¿no? Y claro, se le queda cara de pringado, ¿no? Claro, ¿qué ha ocurrido aquí? Que yo solo he tenido en cuenta mis valores, ¿no? Lo que yo creo, ¿no ves? Tú te has buscado el valor colectivo de todos.",
        "kind": "online_video",
        "file_number": "6",
        "filename": "2 1 Problemas campo de prisioneros-wav.json",
        "url": "https://www.youtube.com/watch?v=iUB5ocowCvM&t=625s",
        "source": "2 1 Problemas campo de prisioneros-wav"
    },
    {
        "number": 9,
        "timestamp_start": "00:11:40,260",
        "timestamp_end": "00:13:13,360",
        "text": "En un sistema monetario, es fundamental contar con un bien que cumpla con ciertas condiciones para poder ser utilizado como medio de intercambio. Este bien debe ser uniforme, fácilmente reconocible, aceptado por todos, físicamente conveniente y duradero. Uno de los bienes que mejor cumple con estas condiciones es el tabaco. A pesar de que existen diversas marcas de tabaco, para el fumador sigue siendo un bien uniforme y ampliamente aceptado. Por lo tanto, el tabaco se convierte en un buen candidato para ser utilizado como medio de intercambio en un sistema monetario.",
        "old_text": "Por lo tanto, él se lo ha currado. Pero, ¿qué va a ocurrir la próxima vez que me vengas a ver? Que tiene, mira, Enric, colega, 50-50, ¿no? Como mínimo, ¿no? Entonces, claro, al principio era muy complicado. Era muy complejo porque nadie teníamos el valor de las cosas. Pero hay un momento, incluso explica Radford, que hay una especie de tablón de anuncios que la gente ofrece, ¿no? Cambiaría esto por esto. Entonces, hay un momento que todos acabamos teniendo una especie de valor común de las cosas, ¿no? Claro, pero ¿valor común en qué? Hombre, en marcos alemanes. No, si no tenemos Honduras, ¿no? Ah, es verdad. ¿En qué? En piedrecitas. ¿En piedrecitas? ¿En piedrecitas? ¿En piedrecitas? ¿En piedrecitas? ¿En piedrecitas? ¿En piedrecitas? ¿En piedrecitas? ¿En piedrecitas? ¿En piedrecitas? ¿En piedrecitas? ¿En piedrecitas? No, en piedrecitas no puede ser, ¿no? Porque, claro, yo te digo, Nati, espera, que te invito a comer, espérate un momento, ¿no? Voy a buscar piedrecitas. Nadie va a comprar, ¿no? ¿Lo veis? Claro, tiene que ser uno de estos bienes que cumpla de la mejor forma posible las condiciones que ha de tener un sistema monetario, ¿no? Un bien de los que tenemos ahí que sea uniforme, que sea fácilmente visible, que esté aceptado por todo Dios, que sea físicamente conveniente y que sea duradero. Entonces, si observamos, de todos los bienes posibles, el que mejor lo cumple es el tabaco. Pensad, ¿eh? Es el mejor, ¿eh? El tabaco es uniforme, bueno, no siempre, ¿no? Porque hay diversas marcas de tabaco, ¿no? Entonces, para el fumador, ¿no? No es lo mismo, ¿no? ¿Tú qué fumas, Enric? Yo, tabaco negro.",
        "kind": "online_video",
        "file_number": "6",
        "filename": "2 1 Problemas campo de prisioneros-wav.json",
        "url": "https://www.youtube.com/watch?v=iUB5ocowCvM&t=700s",
        "source": "2 1 Problemas campo de prisioneros-wav"
    },
    {
        "number": 10,
        "timestamp_start": "00:13:14,860",
        "timestamp_end": "00:15:29,720",
        "text": "El tabaco, al igual que otros bienes, tiene un valor en la sociedad. Incluso en situaciones extremas, como en la guerra de Bosnia, el tabaco llegó a ser utilizado como medio de intercambio. Esto se debe a que el tabaco es un bien aceptado por la mayoría de las personas, lo que le otorga un valor intrínseco. En este caso, los paquetes de Lucky Strike se convirtieron en una forma de obtener servicios o bienes en un contexto donde el dinero en efectivo perdía su utilidad. \n\nEste ejemplo ilustra cómo en ciertas circunstancias, los bienes pueden adquirir un valor significativo y fungir como medio de intercambio, incluso reemplazando temporalmente a la moneda oficial. Es importante destacar que esta situación extrema resalta la importancia de la aceptación generalizada de un bien como requisito fundamental para que pueda desempeñar el papel de medio de intercambio.",
        "old_text": "Vale, pues... Imagínate el que fuma marboro, ¿no? Le das un cierre y se muere, ¿no? Vale, bueno, entonces no es exactamente lo mismo, ¿no? Pero vamos a fijarnos que es uniforme, no es bastante uniforme, ¿no? El tabaco es divisible, ¿no? Un paquete de 20 cigarrillos. El tabaco es aceptado por todo Dios, todos. Aceptamos que el tabaco tiene un valor, ¿vale? Un valor de cargarte tu cuerpo o un valor de lo que queramos, pero tiene un valor, ¿no? Tiene un valor, ¿no? Yo siempre explico una anécdota, ¿no? En la guerra de Bosnia... Lo que servía para moverte por ese país eran los paquetes de Lucky Strike, ¿vale? Tú podías ir con dólares, con lo que tú quisieras, con euros, ¿vale? Según qué cosas no te las iban a aceptar, ¿no? Tú llegabas a un pueblecito y pedías un sitio para dormir, ¿no? Y te decían que no había sitio. ¿Vale? Y tú sacabas pasta, ¿no? Y te decían que no había sitio. Entonces, el guía se iba al coche, sacaba cartones de Lucky y de golpe había sitio. O ibas por una carretera, te paraban, ¿no? Te decían que no se podía llegar al siguiente pueblo, que no sabías qué historias, ¿no? Lo mismo, tú podías ofrecer toda la pasta que quisieras, ¿no? Bueno, toda, es un decir, ¿no? No, pero un paquete de Lucky o lo que fuese te abría las puertas, ¿no? Yo sobre eso he pensado mucho, ¿no? ¿Por qué? ¿Por qué, no? ¿Por qué? ¿No? Llego a la conclusión, que claro, es la mía, pero ahorita a saber, ¿no? Y es que cuando estás a punto de palmarla, ¿vale? Cuando te pueden pegar un tiro al cabo de cinco minutos, ¿no? Tener mil dólares en el bolsillo, ¿para qué? Pero pegarle una calada a un cigarro, ¿sabes? Cuando estás con el culito así, ¿no? Que estás súper asustado, ¿no? Que realmente estás como muy angustiado, ¿no? Pero esto seguramente no tiene precio, ¿no? No lo sé, no tengo ni idea, ¿eh? ¿Vale? Pero, ostras, la verdad es que en muchos países con conflictos bélicos, ¿vale? El tabaco acaba sustituyendo al dinero.",
        "kind": "online_video",
        "file_number": "6",
        "filename": "2 1 Problemas campo de prisioneros-wav.json",
        "url": "https://www.youtube.com/watch?v=iUB5ocowCvM&t=794s",
        "source": "2 1 Problemas campo de prisioneros-wav"
    }
]