[
    {
        "number": 1,
        "timestamp_start": "00:05:12,940",
        "timestamp_end": "00:17:51,940",
        "text": "La macroeconomía es una rama de la economía que se encarga de estudiar el comportamiento de la economía en su conjunto. Se centra en analizar variables a nivel agregado, como el nivel de producción, el empleo, la inflación, entre otros. Uno de los principales objetivos de la macroeconomía es entender y predecir el crecimiento económico de un país, así como también analizar las causas y consecuencias de los ciclos económicos, como las recesiones y expansiones. \n\nEn este sentido, la macroeconomía se enfoca en políticas económicas a nivel nacional, como la política fiscal y la política monetaria, que buscan influir en el nivel de actividad económica y en la estabilidad de los precios. La política fiscal se refiere al uso del gasto público y de los impuestos por parte del gobierno para estimular la economía o controlar la inflación. Por otro lado, la política monetaria se centra en la regulación de la cantidad de dinero en circulación y en las tasas de interés para lograr objetivos económicos.\n\nEn resumen, la macroeconomía es fundamental para comprender el funcionamiento de la economía en su conjunto y para diseñar políticas que promuevan el crecimiento económico y la estabilidad.",
        "old_text": "¡Déjenme pasar! ¡Déjenme pasar! ¡Déjenme pasar! ¡Déjenme pasar! ¡Déjenme pasar! ¡Déjenme pasar! ¡Déjenme pasar! ¡Déjenme pasar! ¡Déjenme pasar! ¡Déjenme pasar! ¡Déjenme pasar! ¡Déjenme pasar! ¡Déjenme pasar! ¡Déjenme pasar! ¡Déjenme pasar! ¡Déjenme pasar! ¡Déjenme pasar! ¡Déjenme pasar! ¡Déjenme pasar! ¡Déjenme pasar! ¡Déjenme pasar! ¡Déjenme pasar! ¡Déjenme pasar! ¡Déjenme pasar! ¡Déjenme pasar! ¡Déjenme pasar! ¡Déjenme pasar! ¡Déjenme pasar! ¡Déjenme pasar! ¡Déjenme pasar! ¡Dé ¡Déjenme pasar! ¡Déjenme pasar! ¡Déjenme pasar! ¡Déjenme pasar! ¡Déjenme pasar! ¡Déjenme pasar! ¡Déjenme pasar! ¡Déjenme pasar! ¡Déjenme pasar! ¡Déjenme pasar! ¡Déjenme pasar! ¡Déjenme pasar! ¡Déjenme pasar! ¡Déjenme pasar! ¡Déjenme pasar! ¡Déjenme pasar! ¡Déjenme pasar! ¡Déjenme pasar! ¡Déjenme pasar! ¡Déjenme pasar! ¡Déjenme pasar! ¡Déjenme pasar! ¡Déjenme pasar! ¡Déjenme pasar! ¡Déjenme pasar! ¡Déjenme pasar! ¡Déjenme pasar! ¡Dé ¡Déjenme pasar! ¡Déjenme pasar! ¡Déjenme pasar! ¡Déjenme pasar! ¡Déjenme pasar! ¡Déjenme pasar! ¡Déjenme pasar! ¡Déjenme pasar! ¡Déjenme pasar! ¡Déjenme pasar! ¡Déjenme pasar! ¡Déjenme pasar! ¡Déjenme pasar! ¡Déjenme pasar! ¡Déjenme pasar! ¡Déjenme pasar! ¡Déjenme pasar! ¡Déjenme pasar! ¡Déjenme pasar! ¡Déjenme pasar! ¡Déjenme pasar! ¡Déjenme pasar! ¡Déjenme pasar! ¡Déjenme pasar! ¡Déjenme pasar! ¡Déjenme pasar! ¡Déjenme pasar! ¡Déjenme pasar! ¡Déjenme pasar! ¡Déjenme pasar! ¡Déjenme pasar! ¡Déjenme pasar! ¡Dé ¡Déjenme pasar! ¡Déjenme pasar! ¡Déjenme pasar! ¡Déjenme pasar! ¡Déjenme pasar! ¡Déjenme pasar! ¡Déjenme pasar! ¡Déjenme pasar! ¡Déjenme pasar! ¡Déjenme pasar! ¡Déjenme pasar! ¡Déjenme pasar! ¡Déjenme pasar! ¡Déjenme pasar! ¡Déjenme pasar! ¡Déjenme pasar! ¡Déjenme pasar! ¡Déjenme pasar! ¡Déjenme pasar! ¡Déjenme pasar! ¡Déjenme pasar! ¡Déjenme pasar! ¡Déjenme pasar! ¡Déjenme pasar! ¡Déjenme pasar! ¡Déjenme pasar! ¡Déjenme pasar! ¡Déjenme pasar! ¡Déjenme pasar! ¡Déjenme pasar! ¡Dé ¡Déjenme pasar! ¡Déjenme pasar! ¡Déjenme pasar! ¡Déjenme pasar! ¡Déjenme pasar! ¡Déjenme pasar! ¡Déjenme pasar! ¡Déjenme pasar! ¡Déjenme pasar! ¡Déjenme pasar! ¡Déjenme pasar! ¡Déjenme pasar! ¡Déjenme pasar! ¿Sí o no? ¿Enric le debe al Santander 4.500 euros o no? ¡La cagadeja 4.500 euros! ¿Qué se os regala el botín? ¿De quién? ¡No, del banco! ¡Del banco! ¿Cuánta pasa tienes tú, Sergio? 6.000, ¿no? Sergio tiene 6.000, ¿no? ¿Y yo? 4.800, ¿no? Primer milagro de la tarde.",
        "kind": "online_video",
        "file_number": "7",
        "filename": "2 2 La creación del dinero-wav.json",
        "url": "https://www.youtube.com/watch?v=0yJStjrbZ8k&t=312s",
        "source": "2 2 La creación del dinero-wav"
    },
    {
        "number": 2,
        "timestamp_start": "00:17:51,940",
        "timestamp_end": "00:19:20,760",
        "text": "La macroeconomía es una rama de la economía que se encarga de estudiar el comportamiento de la economía en su conjunto. Se centra en analizar variables a nivel agregado, como el nivel de producción total de un país, el nivel de empleo, la inflación, entre otros. Uno de los principales objetivos de la macroeconomía es entender y predecir cómo se comporta la economía en su conjunto y cómo las políticas económicas pueden influir en dicho comportamiento. \n\nDentro de la macroeconomía, se estudian conceptos como el producto interno bruto (PIB), que es el valor de mercado de todos los bienes y servicios finales producidos en un país en un periodo de tiempo determinado. El PIB es una medida clave para entender la actividad económica de un país. \n\nOtro concepto importante en macroeconomía es la tasa de desempleo, que mide el porcentaje de la fuerza laboral que se encuentra desempleada y busca activamente empleo. La tasa de desempleo es un indicador relevante para evaluar la salud del mercado laboral de un país. \n\nAdemás, en macroeconomía se analiza la inflación, que es el aumento sostenido y generalizado en el nivel de precios de bienes y servicios en una economía. La inflación puede tener impactos significativos en la economía, como la pérdida de poder adquisitivo de la moneda. \n\nEn resumen, la macroeconomía es una disciplina fundamental para comprender el funcionamiento de la economía en su conjunto, analizando variables clave como el PIB, la tasa de desempleo y la inflación, y cómo las políticas económicas pueden influir en estas variables.",
        "old_text": "Que no se ha acabado, ¿vale? Tres milagros santos. No sé si os sabéis, ¿eh? Para ser santo, tres milagros, ¿no? Todos los bancos tienen que ser Banco Sant Santander, Banco Santa Caixa, no sé cuántos, etcétera, etcétera. Porque todos los bancos hacen, no tres, hacen 300.000 milagros cada día. Vale, vamos a ir al siguiente, ¿no? Al siguiente milagro, ¿no? Vamos a imaginarnos que... Bueno, claro, aquí ocurre lo mismo, ¿eh? En San Santiago se pasa lo mismo, ¿no? El cociente de esa pasta habrá un 20% y no podrá hacer nada. No podrá tocar, ¿no? El 20% es el que no marca. Pero actualmente es un cociente. Imagínate, aún es peor. Claro, es mucho más heavy, ¿no? Yo he sido moderado, ¿vale? Claro, ¿qué ocurre? Que aquí, legales, pues 960 euros que no pueden tocar, ¿no? Excedentes. 3.840 euros que sí podemos tocar, ¿no? ¿Vale? Ahora, guay. Laura, no sé si os sabéis, ¿no? Pero, ¿quién es? Quiere montar, se le ha ocurrido un negocio potente en el Campus Nord, ¿no? Montar chiringuitos de pipas. ¿Vale? Y resulta que Kilian tiene los derechos de explotación de los chiringuitos de pipas en el Campus Nord. Y sabéis que vale justo, justo, ¿eh? 3.840 euros. ¿Vale? Entonces, Laura, me vienes a ver, tal, no sé qué, no sé cuántos, y te digo, pide la pasta de la caja de ingenieros que yo sé que la tiene, ¿no? ¿Vale? Lo mismo, ¿lo ves? La caja de ingenieros, te deja la pasta, ¿no? Pero te dice lo mismo.",
        "kind": "online_video",
        "file_number": "7",
        "filename": "2 2 La creación del dinero-wav.json",
        "url": "https://www.youtube.com/watch?v=0yJStjrbZ8k&t=1071s",
        "source": "2 2 La creación del dinero-wav"
    },
    {
        "number": 3,
        "timestamp_start": "00:19:20,760",
        "timestamp_end": "00:21:15,020",
        "text": "Una cuenta corriente es un tipo de cuenta bancaria que permite a los clientes depositar dinero, retirar fondos y realizar otras transacciones financieras. En el texto se menciona un préstamo de 3.840 euros, lo cual implica que una entidad financiera ha prestado esa cantidad de dinero a alguien, en este caso a Laura. \n\nEn el contexto de la economía, es importante entender cómo funcionan los préstamos, las cuentas corrientes y las transacciones bancarias. En este caso, se menciona que Kilian recibe un cheque por valor de 3.840 euros. Un cheque es un documento que ordena a un banco que pague una cantidad específica de dinero de la cuenta del emisor del cheque a la persona indicada en el mismo.\n\nEn el texto se hace referencia a la idea de pedir \"pasta\", que es una expresión coloquial para referirse al dinero en efectivo. También se menciona el concepto de \"multiplicador bancario\", que es un concepto importante en macroeconomía. El multiplicador bancario se refiere al efecto multiplicador que tiene un depósito inicial en la creación de dinero y crédito en la economía. \n\nEn resumen, el texto aborda temas relacionados con transacciones financieras, préstamos, cuentas corrientes, cheques y el concepto de multiplicador bancario en el contexto de la economía.",
        "old_text": "Mira, Laura, ir con pasta por el bolsillo, tal, peligroso, no sé qué. Te abre una cuenta corriente. ¿Vale? Cuenta corriente, Laura, 3.840 euros, préstamo, ¿vale? Laura, 3.840 euros, ¿vale? Y tú coges y le pagas a Kilian, ¿vale? El cheque, ¿vale? Tú, Kilian, trabajas con otro banco. Todo esto podemos hacer con el mismo banco, ¿no? Pero es para que lo entendamos mejor, ¿no? Tú trabajas con un banco que se llama Bebeba. ¿No? Y entonces Kilian coge y mete el Bebeba, pues pone el cheque este, ¿no? Por valor de 3.840 euros y te abre una cuenta corriente, Kilian, por valor de 3.840 euros, ¿no? ¿Vale? Acto seguido, vamos a imaginaros que sí, que pedimos la pasta y no sé qué películas, ¿no? ¿Vale? Aquí solo quedan las legales. Tú, Laura, ya no tienes un duro, ¿no? Tienes un chinguito de pipas, pero no tienes un duro. Y esto, queda fuera, ¿no? ¿Vale? Volvamos, ¿eh? Sergio, ¿cuánta pasta tienes? 6.000, ¿no? ¿Vale? ¿Y yo? 4.800, ¿no? ¿Y tú, Kilian? 3.000, ¿no? 3.840, ¿no? ¿Veis? Ya es segundo milagro, ¿no? Ya llevamos, de 6.000 ya hemos hecho 6 y 4, 10 y 3, 3, 14.000 y pico euros, ¿no? Podríamos continuar, no vale la pena, ¿no? No vale la pena, ¿no? Si continuásemos, veríamos que hay un multiplicador bancario, ¿vale? Ese multiplicador bancario se llama 1 partido por R. ¿Qué es R? El cociente de caja. 20%, 1 partido por 0, 2, 5, 5, bestial, 5, ¿no? 5. ¿Esto qué significa? Claro, esto significa muchas cosas, ¿no? Pero entre las cosas, ¿qué significa? Mirad, significa que, vamos a hacer un invento aquí, a ver si lo tengo.",
        "kind": "online_video",
        "file_number": "7",
        "filename": "2 2 La creación del dinero-wav.json",
        "url": "https://www.youtube.com/watch?v=0yJStjrbZ8k&t=1160s",
        "source": "2 2 La creación del dinero-wav"
    },
    {
        "number": 4,
        "timestamp_start": "00:21:20,200",
        "timestamp_end": "00:22:40,000",
        "text": "El euro es la moneda de curso legal en la zona euro, la cual está compuesta por varios países de la Unión Europea. Al tener un euro en el bolsillo, se tiene en posesión una unidad de la moneda única europea. A pesar de que pueda parecer solo un euro, al depositarlo en un banco, este adquiere la capacidad de generar más dinero a través del sistema bancario. En la actualidad, el coeficiente de caja en Europa es del 1%, lo que significa que los bancos deben mantener en reserva al menos el 1% de los depósitos que reciben. Esto permite que el sistema bancario pueda multiplicar el dinero a través de préstamos y otras operaciones financieras.",
        "old_text": "¿Sí? Lo escribo, ¿eh? ¿Quieres que lo escriba? Seguro, ¿eh? 1 euro, ¿vale? Preparados, ¿eh? 1 euro. Toc, en mi bolsillo, ¿vale? Vamos a cantarle un poquito, ¿sabéis cantar vosotros? Vamos a cantarle un poquito, vamos a ponerle musiqueta, ¿vale? Me lo llevaré de paseo, me lo llevaré que tome el sol, a mí me gusta mucho navegar, pues me lo llevaré a navegar, me lo llevaré a la montaña, este fin de semana me voy a Francia, pues me lo llevaré a Francia, me lo llevaré a Francia, ¿vale? Y, bueno, lo cuidaré, ¿no? Entonces, claro, debe estar aburrido, ¿no? Vale, lo voy a juntar con un céntimo, ¿vale? A ver si ocurre algo aquí, tal, ¿no? Pa, pa, pa, pa, pasan 6 meses, ¿no? ¿Vale? Cuando sea de nuevo verano me volveré a poner estos pantalones, ¿no? Vale, ¡boc! Pongo la mano, ¡hostia! No ha pasado nada, ¿lo veis? El euro continúa siendo el euro, ¿vale? Y, bueno, me voy a poner estos pantalones, ¿vale? Y, bueno, me voy a poner estos pantalones, ¿vale? El euro continúa siendo el euro, ¡cabrón de la leche, no! Un euro en mi bolsillo que es un euro. No es más que un euro, pero atención, este euro lo pongo en un banco flipante. Se convierte en dinero de alta potencia y el banco, el sistema bancario es capaz de este euro, en este caso, de este euro hacer 5. Y lo que decías tú, Eric, ¿no? ¿Sabéis cuál es el coeficiente de caja en estos momentos en Europa? El 1%.",
        "kind": "online_video",
        "file_number": "7",
        "filename": "2 2 La creación del dinero-wav.json",
        "url": "https://www.youtube.com/watch?v=0yJStjrbZ8k&t=1280s",
        "source": "2 2 La creación del dinero-wav"
    },
    {
        "number": 5,
        "timestamp_start": "00:22:40,000",
        "timestamp_end": "00:30:49,000",
        "text": "error",
        "old_text": "Por lo tanto, el sistema bancario es capaz de hacer 100 euros. ¡Qué locura! Es capaz de hacer 100. ¿Lo veis o no? Que es una pasada de vueltas eso, ¿no? Es exagerado, ¿no? De un euro, 100, ¿no? Claro, eso es lo que veíamos aquí. A ver si lo podemos ver. Ahí lo tenemos, ¿vale? La base monetaria, fíjate, ¿eh? ¿La base monetaria qué es? La base monetaria, ahí lo tenemos, ¿vale? La base monetaria, ¿qué es? La base monetaria, ahí lo tenemos, ¿vale? Ahí lo tenéis, ¿no? La base monetaria sería el efectivo en manos del público, que es lo que tenemos cada uno en el bolsillo, ¿no? Eso es el efectivo en manos del público, ¿no? En el bolsillo, o lo que tiene tu padre escondido debajo del colchón, o vete a saber el qué, ¿no? ¿Vale? ¿Entendéis? El dinero negro es efectivo en manos del público, ¿no? ¿Vale? No está en tus manos, no estás con dinero detrás, no sé qué, pero eso es el efectivo en manos del público, ¿no? Más las reservas de los bancos, el sistema bancario es capaz de hacer una especie de acordeón alucinante que se llama oferta monetaria, ¿vale? ¿Qué es lo más alucinante de toda esta historia? Pues mirad, ¿qué? El dinero de verdad, ¿cuál es? ¿La oferta o la base? La base. ¡No! Genial que me lo hayas dicho, pero no, no, no, no, no, no, no, no, no, no, no, no, no, no, no, no, no, no, no, no, no, no, no, no, no, no, no, no, no, no, no, no, no, no, no, no, no, no, no, no, no, no, no, no, no, no, no, no, no, no, no, no, no, no, no, no, no, no, no, no, no, no, no, no, no, no, no, no, no, no, no, no, no, no, no, no, no, no, no, no, no, no, no, no, no, no, no, no, no, no, no, no, no, no, no, no, no, no, no, no, no, no, no, no, no, no, no, no, no, no, no, no, no, no, no, no, no, no, no, no, no, no, no, no, no, no, no, no, no, no, no, no, no, no, no, no, no, no, no, no, no, no, no, no, no, no, no, no, no, no, no, no, no, no, no, no, no, no, no, no, no, no, no, no, no, no, no, no, no, no, no, no, no, no, no, no, no, no, no, no, no, no, no, no, no, no, no, no, no, no, no, no, no, no, no, no, no, no, no, no, no, no, no, no, no, no, no, no, no, no, no, no, no, no, no, no, no, no, no, no, no, no, no, no, no, no, no, no, no, no, no, no, no, no, no, no, no, no, no, no, no, no, no, no, no, no, no, no, no, no, no, no, no, no, no, no, no, no, no, no, no, no, no, no, no, no, no, no, no, no, no, no, no, no, no, no, no, no, no, no, no, no, no, no, no, no, no, no, no, no, no, no, no, no, no, no, no, no, no, no, no, no, no, no, no, no, no, no, no, no, no, no, no, no, no, no, no, no, no, no, no, no, no, no, no, no, no, no, no, no, no, no, no, no, no, no, no, no, no, no, no, no, no, no, no, no, no, no, no, no, no, no, no, no, no, no, no, no, no, no, no, no, no, no, no, no, no, no, no, no, no, no, no, no, no, no, no, no, no, no, no, no, no, no, no,",
        "kind": "online_video",
        "file_number": "7",
        "filename": "2 2 La creación del dinero-wav.json",
        "url": "https://www.youtube.com/watch?v=0yJStjrbZ8k&t=1360s",
        "source": "2 2 La creación del dinero-wav"
    }
]