[
    {
        "number": 1,
        "timestamp_start": "00:00:00,000",
        "timestamp_end": "00:01:38,840",
        "text": "En el tema 3 vamos a abordar los impuestos en España, un tema esencial aunque puede resultar pesado. Los impuestos son pagos obligatorios que todos debemos realizar sin recibir algo específico a cambio. Son fundamentales para el funcionamiento de la sociedad y de los servicios que disfrutamos. El tipo impositivo, por otro lado, es el porcentaje que se aplica a un impuesto, como por ejemplo el IVA. Los impuestos son necesarios para mantener el sistema en el que vivimos, aunque no se pagan con la intención directa de recibir un servicio o beneficio concreto a cambio.",
        "old_text": "Bueno, vamos al tema 3. Mira, este tema es un poco, la verdad, entre nosotros, ¿no? Es un poco pesado, ¿vale? Porque os tengo que contar los impuestos que hay en España, ¿no? Y la verdad es que esto no es que sea muy divertido, ¿no? ¿Vale? Pero, ostras, es esencial, ¿vale? Porque tenéis que saber los impuestos que pagamos y de qué van estos impuestos y por qué tenemos lo que tenemos y qué problemas hay, qué problemas no hay y en qué se basa un sistema impositivo y por qué tenemos que pagar impuestos y todas estas historias, ¿no? Entonces, eso es lo que vamos a hacer hoy. ¿Vale? Eso es lo que vamos a hacer hoy. Entonces, lo primero que tenemos que hacer, lo primero de todo, ponernos de acuerdo, ¿no? Entendiendo que Narices es un impuesto, ¿no? Entonces, mira, un impuesto es... Impuesto, pago obligatorio. Todo el mundo está obligado a pagar impuestos a cambio de nada en concreto. ¿Vale? Recibimos 28.000 cosas, ¿eh? 28.000, ¿eh? ¿No? El entorno donde estamos, si no se pagasen impuestos, no existiría. La sesión que estamos haciendo, si la gente no pagase impuestos, no la podríamos hacer, etcétera, etcétera, ¿no? Pero uno no paga impuestos para que hagamos esta clase, eso no existe. ¿Entendéis? Entonces, es el pago obligatorio a cambio de nada en concreto, pero sí hay muchísimas cosas. Tenemos que definir dos cosas. La primera, el tipo impositivo, que es el tanto por ciento de un impuesto, ¿no? Entonces, yo qué sé, el IVA.",
        "kind": "online_video",
        "file_number": "8",
        "filename": "3 1 Impuestos Introduccion-wav.json",
        "url": "https://www.youtube.com/watch?v=oSWPmod7Yb8&t=0s",
        "source": "3 1 Impuestos Introduccion-wav"
    },
    {
        "number": 2,
        "timestamp_start": "00:01:38,840",
        "timestamp_end": "00:03:05,880",
        "text": "El Impuesto sobre el Valor Añadido (IVA) es del 21% en la mayoría de productos en España. Sin embargo, existen productos con un tipo impositivo del 8% o del 4%. La base imponible es la cantidad de dinero a la que se aplica el tipo impositivo. Por ejemplo, al comprar un café con leche por un euro, se aplica el 10% de IVA. Es importante tener en cuenta la lista de productos y sus respectivos tipos impositivos al realizar compras, ya que pueden variar entre el 8% y el 10%.",
        "old_text": "¿De cuánto es el IVA? 21%. ¿No? El 21, la mayoría de productos, ¿no? Hay otros que no, que tiene el 8, otros que tiene el 4, ¿no? Pero la mayoría, 21, ¿no? Eso es el tipo de gravamen. Le llamamos tipo de gravamen, tipo impositivo. ¿Vale? Gravar en economía, en economía, en lo que sería hacienda, grabar significa cobrarte. ¿Vale? Tipo de gravamen, lo que te van a cobrar. ¿Ok? Vale, pues ese es el tipo impositivo. La base imponible, la cantidad de dinero sobre la que se aplica el tipo impositivo. Entonces, cuando vosotros vais al bareto, que os tomáis un café con leche, ¿qué cuesta? Un euro. ¿Sí? Vale, pues ahí hay un impuesto, ¿eh? Hay el 21% del IVA, ¿no? No sé si es el 21 o es el 8, no lo sé. 10%. ¿El 10? Creo que sí. ¿El 10? Sí, el 10. Curaría, eh, igual. ¿Vale? Luego te enseño la lista. O sea, cuando tú vas al mercado y compras, normalmente te suele poner 10% del IVA. ¿Vale? Hay una lista, yo tengo la lista. Mira, te la enseño ahora para que veas que no es tan fácil, ¿no? O sea, que están cobrando los tomates, que es un 8% o un 10%. Vamos a ver. ¿Qué ellos les gustan? ¿Qué es lo que hacen? ¿Qué es lo que hacen? ¿Qué es lo que hacen? ¿Qué es lo que hacen? ¿Qué es lo que hacen? Vale, aquí no hay alimentos, ¿vale? La mayoría de frutos y bautizos, un 10.",
        "kind": "online_video",
        "file_number": "8",
        "filename": "3 1 Impuestos Introduccion-wav.json",
        "url": "https://www.youtube.com/watch?v=oSWPmod7Yb8&t=98s",
        "source": "3 1 Impuestos Introduccion-wav"
    },
    {
        "number": 3,
        "timestamp_start": "00:03:05,880",
        "timestamp_end": "00:04:39,400",
        "text": "La intervención del Estado en la economía se justifica por la necesidad de financiar servicios públicos como la educación, la construcción de infraestructuras como carreteras, entre otros. Esta financiación proviene de los impuestos que pagan los ciudadanos. Es importante entender la diferencia entre la base imponible y el impuesto impositivo, ya que nos ayuda a comprender los diferentes tipos de impuestos que existen. La evolución hacia una mayor intervención estatal en la economía ha sido una tendencia marcada, lo cual ha llevado a un aumento en la carga impositiva. Los impuestos son fundamentales para el funcionamiento de un Estado y para garantizar la provisión de servicios públicos esenciales.",
        "old_text": "Pero, pero, y ahí es donde... ¿Veis? Depende, la leche es de un 4. ¿No? Pero sí que nos dice que la mayoría de servicios de hostelería es de un 10. Por lo tanto, debe ser un 10. En ese caso, debe ser un 10. ¿Vale? vale 9 coma algo euros. No, no, no. Cero noventa y pico euros, ¿no? ¿Vale? Cero noventa y nueve, ¿no? No, no, no, no. Sí, es un 10% igual de lo que es el número de la leche. Es que además, eso es exacto, ¿no? Cero noventa y uno. Entonces, que a vosotros se aplica el 10% y por eso os cuesta un euro. ¿Vale? Ya tenemos la base imponible y tenemos el impuesto impositivo. Eso es importante porque nos va a servir para entender los tipos de impuestos que tenemos. Bueno, eso es para que veáis, esto es mentira, la verdad es que la tendría que cambiar porque es que es mentira, ¿vale? Es una mentira, pero la pereza me hace que no la cambie, ¿no? Pero simplemente es mentira porque me inventé los números, ¿vale? Pero es para que veáis que la economía, el Estado cada vez ha intervenido más en la economía, ¿no? Y eso es lo que justifica que paguemos impuestos, ¿no? De hecho, si el Estado interviene en la economía, ¿necesita pasta? ¿No? ¿Necesita pasta para montar una universidad? ¿Necesita pasta para hacer carreteras? ¿Necesita pasta, no? ¿Y esa pasta dónde la sacamos? De los impuestos. ¿Vale? Entonces, vamos a intentar entender qué es lo que justifica que el Estado cada vez intervenga más en la economía.",
        "kind": "online_video",
        "file_number": "8",
        "filename": "3 1 Impuestos Introduccion-wav.json",
        "url": "https://www.youtube.com/watch?v=oSWPmod7Yb8&t=185s",
        "source": "3 1 Impuestos Introduccion-wav"
    },
    {
        "number": 4,
        "timestamp_start": "00:04:39,400",
        "timestamp_end": "00:06:03,920",
        "text": "Básicamente, una de las razones por las cuales interviene el Estado en la economía es la eficiencia. En un escenario ideal, donde todos los individuos tuvieran las mismas condiciones en el mercado, el funcionamiento sería óptimo. Sin embargo, la realidad es que no todos parten de la misma posición. Por ejemplo, cuando surge un problema con una empresa como Telefónica, las posibilidades de resolverlo no son las mismas para todos. Existen casos en los que las empresas pueden invadir propiedades privadas, como en el caso de la fibra óptica mencionado, y la persona afectada puede tener dificultades para solucionar la situación. En este sentido, la intervención del Estado busca corregir estas asimetrías y garantizar un funcionamiento más equitativo del mercado.",
        "old_text": "Mirad, básicamente hay tres razones, ¿vale? Tres. Tres, ¿no? A nadie nos gusta, ¿eh? Yo no conozco a nadie que diga: \"Yo pago los impuestos y me encanta pagar\", ¿no? La verdad es que de verdad que no conozco a nadie, ¿eh? Bueno, conozco uno, pero que es mentira, no los paga al final, ¿no? Y él siempre dice que él paga lo que toca y tal, y que a él no le cuesta nada pagarlos, pero yo sé que es mentira porque va de lo que puede, ¿no? Hay una razón de eficiencia de que intervenga el Estado, ¿no? En principio, en principio, si todos tuviéramos las mismas condiciones en el mercado, pues el mundo podría ser casi perfecto, ¿no? Pero es que no somos. No tenemos las mismas condiciones, ¿no? Para nada, ¿no? Por ejemplo, ¿eh? Si vosotros tenéis un problema con Telefónica, llama a Telefónica y intenta que te lo arregles, ¿no? Es evidente que tú no tienes las mismas posibilidades que los que traes el teléfono, ¿no? Que pasan de ti olímpicamente, ¿no? Yo en mi casa, yo tengo un ático, ¿no? Y tengo una... Un día me encontré como si hubiera salido una seta, y no es una seta, es un aparato así de gordo, de fibra óptica, que se habían colado, ¿vale? Una empresa se había colado por la terraza del lado y me lo habían puesto en mi terraza, ¿no? Llevo tres años, ¿vale? Llevo tres años intentando que eso no esté en mi terraza.",
        "kind": "online_video",
        "file_number": "8",
        "filename": "3 1 Impuestos Introduccion-wav.json",
        "url": "https://www.youtube.com/watch?v=oSWPmod7Yb8&t=279s",
        "source": "3 1 Impuestos Introduccion-wav"
    },
    {
        "number": 5,
        "timestamp_start": "00:06:03,920",
        "timestamp_end": "00:07:38,440",
        "text": "Es importante entender que en el ámbito de la macroeconomía, uno de los conceptos fundamentales es el de la competencia en los mercados. La competencia se refiere a la situación en la que diferentes empresas ofrecen productos o servicios similares, y compiten entre sí para ganar la preferencia de los consumidores. Cuando existe competencia en un mercado, se espera que las empresas busquen mejorar la calidad de sus productos, ofrecer precios más bajos y en general, innovar para destacarse frente a la competencia.\n\nEn el fragmento proporcionado, se menciona el caso de la liberalización del mercado aéreo, donde se buscaba que al permitir la entrada de nuevas compañías, se generara competencia y como resultado, las tarifas aéreas bajaran. Sin embargo, se hace referencia a una reunión secreta entre algunas de estas compañías para ponerse de acuerdo en subir las tarifas, lo cual va en contra de los principios de competencia y libre mercado.\n\nEste tipo de prácticas, como la colusión entre empresas para fijar precios, son consideradas como un comportamiento anticompetitivo y pueden tener consecuencias negativas para los consumidores y la economía en general. Las autoridades de competencia suelen intervenir en estos casos para sancionar a las empresas involucradas y restablecer condiciones de competencia justa en el mercado.\n\nEn resumen, la competencia es un elemento clave en el funcionamiento de los mercados desde una perspectiva macroeconómica, ya que promueve la eficiencia, la innovación y beneficia a los consumidores al ofrecerles más opciones y mejores precios.",
        "old_text": "Es imposible. Cada vez que llamo a Telefónica, entro en un bucle, ¿vale? ¿Eh? . No, no, no. ¿Por qué? Porque entonces me denuncia Telefónica y yo tengo un problema muy gordo. Pero es más. . He incluso ido a Osmosus a denunciarlo, que se han colado en mi terraza, ¿no? Y después me han dicho que ellos no pueden hacer nada. O sea, es que es surrealista, ¿no? Es surrealista, ¿no? ¿Vale? O sea, voy yo a Telefónica y me monto un despacho en ese edificio y me echan seguro, ¿no? Pues en mi terraza me han puesto esa seta y yo me aguanto, ¿no? Entonces... Bueno, me parece terrible, ¿no? En definitiva, quiero decir que hay posiciones de abuso, ¿no? Hay posiciones de abuso. Por ejemplo, ¿eh? Vosotros sabéis que antes teníamos dos compañías de avión, ¿no? Una, de hecho, que era Iberia, pero había una filial que era Aviaco, ¿no? ¿Eh? ¿Qué es eso? Bueno, no habíais nacido quizás, ¿no? Entonces, eso se libera, se libera el mercado aéreo y aparecen otras compañías. ¿Por qué se libera el mercado aéreo? Porque lo que se pretende es que bajen las tarifas. Entonces aparece una compañía que se llama Aerobropa, otra que se llama... En aquel momento, ¿eh? Click Air, otra que se llamaba Vueling, no sé qué, no sé cuántos, ¿no? ¿Para qué? Para que compitan entre ellas, ¿no? Pues de golpe se descubre que hay una reunión secreta entre ellos para ponerse de acuerdo para subir las tarifas.",
        "kind": "online_video",
        "file_number": "8",
        "filename": "3 1 Impuestos Introduccion-wav.json",
        "url": "https://www.youtube.com/watch?v=oSWPmod7Yb8&t=363s",
        "source": "3 1 Impuestos Introduccion-wav"
    },
    {
        "number": 6,
        "timestamp_start": "00:07:38,440",
        "timestamp_end": "00:09:14,960",
        "text": "El Estado interviene para romper la competencia imperfecta, como en el caso de grandes empresas como Google, Microsoft, Apple, Sun System y Amazon que no pagan impuestos. En Francia, se está llevando a cabo un proceso para que Google pague impuestos, lo que podría llevar a que otros países hagan lo mismo con otras empresas. Esto se debe a que las externalidades, que son efectos colaterales no deseados en el proceso de producción, como la contaminación, deben ser controladas por el Estado.",
        "old_text": "Hombre, no fastidies, ¿no? Entonces, el Estado juega a romper esa competencia que es imperfecta, ¿vale? O el caso, yo qué sé, ¿no? De Microsoft o el caso de... Por ejemplo, ¿no? Vosotros sabéis que Google, Microsoft, Apple, Sun System... Amazon, todas estas grandes empresas no pagan impuestos, ¿no? Aquí no pagan ni un duro, ¿no? Entonces, por ejemplo, en Francia se han cabreado. Se han cabreado de verdad, ¿no? Entonces, en Francia ahora están haciendo un proceso a Google para que pague impuestos. Y si eso ocurre, que ocurrirá, ¿eh? Bueno, a partir de ahí todos empezaremos a hacer procesos contra Google para que nos pague impuestos, y contra Amazon, y contra no sé quién, y contra no sé cuántos, ¿no? Vale, pues el Estado vela porque eso ocurra, ¿no? ¿Entendéis? No pagan impuestos para mí. ¡Ah! Luego te lo explico. ¿Vale? Luego te lo explico. Por lo tanto, el Estado tiene que intervenir para romper esa competencia que es imperfecta, ¿no? Esa sería la idea, ¿no? Luego hay otro concepto que es interesante, se llama \"externalidades\". Mirad, ¿una externalidad qué es? Una externalidad es un efecto colateral al proceso de producción que, en principio, el que produce no lo desea, pero lo acaba produciendo. Por ejemplo... Por ejemplo, la contaminación. ¿Vale? Yo no conozco a nadie, no conozco a nadie, ¿eh? A ningún empresario que diga: \"¡Fua! Tengo una fábrica que echa una mierda al río y me pone, me pone mogollón. Cada vez que veo que echamos mierda y aquello canta mogollón, ¡fua! Es que me coge un éxtasis absoluto\".",
        "kind": "online_video",
        "file_number": "8",
        "filename": "3 1 Impuestos Introduccion-wav.json",
        "url": "https://www.youtube.com/watch?v=oSWPmod7Yb8&t=458s",
        "source": "3 1 Impuestos Introduccion-wav"
    },
    {
        "number": 7,
        "timestamp_start": "00:09:14,960",
        "timestamp_end": "00:10:54,320",
        "text": "En principio, el empresario no quiere contaminar, pero contamina. Si no lo castigamos, el tributo no contaminaría sin ningún problema. El Estado tiene que velar por las externalidades y los efectos colaterales que estas generan. Además, es importante considerar los bienes públicos. Un bien público es aquel que no se puede sustraer de su consumo si no se paga por él. Por ejemplo, un semáforo es un bien público. Aunque todos los ciudadanos se benefician de su existencia, nadie estaría dispuesto a pagar por tener semáforos en la ciudad. Otros ejemplos de bienes públicos son una playa o un faro.",
        "old_text": "No, no. En principio, el empresario no quiere contaminar, pero contamina. ¿Vale? Y si no lo castigamos, el tributo no... El tributo no contaminaría sin ningún problema o haría un ruido absolutamente surrealista o cocinaría... Hay restaurantes que dices: \"¿Cómo se atreve usted a tener un restaurante así, no? ¡Buah! De golpe pasa una rata, ¿no?\" Claro, el Estado tiene que velar por estas cosas, ¿no? Los efectos colaterales de las externalidades. Y luego los bienes públicos. Que los bienes públicos todos sabéis o creéis que sabéis lo que es, pero no sabéis lo que es un bien público. Claro, aunque hablan de servicio público, pues ya sé lo que es un bien público. Mirad, un bien público es todo aquel bien que el hecho de que tú no pagues no te puede sustraer de su consumo. Vamos a ver un ejemplo. Un semáforo. ¿No? Si yo os preguntase: \"¿Son realesarios los semáforos en Barcelona?\" Todos me diríais que sí. Pero si hay que seguir y preguntarse: \"¿Cuánto estarías tú dispuesto a pagar al año para que hubieran semáforos en Barcelona?\" Ni un duro. ¿No? Ni un duro. Pues claro, entonces yo no puedo decir: \"Pues, Nati, tú no mires los semáforos, ¿vale? Tú no los mires que tú no has pagado\". ¿Veis que no puede ser? Un semáforo. Muy benéfico, ¿eh? Una playa. Un faro. El ejemplo más paradigmático es un faro, ¿no? Que es un bien que es esencial, pero que en principio yo digo yo no lo miro.",
        "kind": "online_video",
        "file_number": "8",
        "filename": "3 1 Impuestos Introduccion-wav.json",
        "url": "https://www.youtube.com/watch?v=oSWPmod7Yb8&t=554s",
        "source": "3 1 Impuestos Introduccion-wav"
    },
    {
        "number": 8,
        "timestamp_start": "00:10:54,320",
        "timestamp_end": "00:12:25,840",
        "text": "Los bienes públicos son aquellos que el mercado no suministraría si no fuera por la intervención del Estado. Estos bienes se caracterizan por ser no rivales y no excluyentes, lo que significa que su consumo por parte de un individuo no impide que otros también lo consuman y que no se puede excluir a nadie de su disfrute. Ejemplos de bienes públicos son la iluminación de calles, la defensa nacional, la justicia, entre otros.\n\nEl Estado juega un papel fundamental en la provisión de bienes públicos, ya que de lo contrario el mercado no los suministraría debido a la imposibilidad de excluir a los individuos de su consumo. Además, el Estado utiliza el dinero público para promover el crecimiento económico a través de inversiones y planes de ocupación, así como para garantizar la estabilidad económica.\n\nEn cuanto a los impuestos, las personas deben contribuir al sistema fiscal por dos razones principales. La primera es porque se benefician de los servicios públicos y bienes públicos proporcionados por el Estado. Estos impuestos permiten financiar la provisión de infraestructuras, educación, sanidad, seguridad, entre otros servicios que son fundamentales para el bienestar de la sociedad.",
        "old_text": "Porque lo metes para nada los semáforos, o lo metes para nada los faros, ¿no? Porque nadie puede decir: \"Pues tú támate los ojos y no te lo mires\". Eso es un bien público. Si el Estado o los Estados no nos suministrase estos bienes públicos, el mercador no los suministraría. Esa es la idea. ¿Y eso es un bien público? Bueno, ya sabéis lo que son bienes públicos, ¿no? No hay una razón de equidad, ¿no? El Estado juega un papel Robin Hood. Saca pasta de los ricos y da a los pobres. \"Ey, olídate, olídate ya\". ¿Vale? Saca pasta de los ricos y da a los pobres, ¿no? Decirlo de algún modo, ¿no? Subvenciones, subsidios, etcétera, etcétera. Sí que ocurre, sí, pensad, sí que ocurre. Y luego hay la razón de estabilidad. ¿Vale? El Estado utiliza el dinero público para, por ejemplo, promover el crecimiento económico, ¿no? Grandes inversiones, etcétera, etcétera, ¿no? O para llevar a cabo procesos de planes de ocupación, conseguir que la gente se recicle, etcétera, etcétera. Formándose en no sé qué historias, etcétera, etcétera. Y todo eso cuesta mogollón de dinero, ¿no? Estas son las razones básicas que justifican que el Estado participe en la economía. Esa sería la idea. ¿Vale? Principios por los que se ha de regir un sistema fiscal. A ver si esto nos queda claro porque no es fácil, ¿eh? Mirad. Una persona debe pagar impuestos por dos razones. Una es porque me beneficio de toda esa historia, ¿no? De servicios públicos, de los bienes públicos, de toda esta historia.",
        "kind": "online_video",
        "file_number": "8",
        "filename": "3 1 Impuestos Introduccion-wav.json",
        "url": "https://www.youtube.com/watch?v=oSWPmod7Yb8&t=654s",
        "source": "3 1 Impuestos Introduccion-wav"
    },
    {
        "number": 9,
        "timestamp_start": "00:12:25,840",
        "timestamp_end": "00:27:53,360",
        "text": "error",
        "old_text": "Carreteras, metros, tranvías, universidades. Por lo tanto, con que me beneficio, tengo que pagar. ¿Sí? Esta es una de las razones. Pero hay otra razón. Y es, con que puedo, he de pagar. Capacidad de pagar. Es decir, el Emilio Botín o el Amancio Ortega, ¿vale? Que son gente muy rica, muy rica, muy rica. Han de pagar impuestos. Que sirvan para financiar el metro de Barcelona, ¿vale? O el Rodalías que va a Pucharda. Aunque ellos es evidente que nunca van a coger ni el metro de Barcelona ni el Rodalías que va a Pucharda. ¿Entendéis? Pero han de pagar esos impuestos. ¿Por qué? Porque simplemente son ricos. Punto. Esa es la idea, ¿no? Entonces, yo puedo basar un sistema fiscal en el principio del beneficio o en el beneficio de la empresa. ¿Vale? ¿Vale? ¿Vale? ¿Vale? ¿Vale? ¿Vale? ¿Vale? ¿Vale? ¿Vale? ¿Vale? ¿Vale? ¿Vale? ¿Vale? ¿Vale? ¿Vale? ¿Vale? ¿Vale? ¿Vale? ¿Vale? ¿Vale? ¿Vale? ¿Vale? ¿Vale? ¿Vale? ¿Vale? ¿Vale? ¿Vale? ¿Vale? ¿Vale? ¿Vale? ¿Vale? ¿Vale? ¿Vale? ¿Vale? ¿Vale? ¿Vale? ¿Vale? ¿Vale? ¿Vale? ¿Vale? ¿Vale? ¿Vale? ¿Vale? ¿Vale? ¿Vale? ¿Vale? ¿Vale? ¿Vale? ¿Vale? ¿Vale? ¿Vale? ¿Vale? ¿Vale? ¿Vale? ¿Vale? ¿Vale? ¿Vale? ¿Vale? ¿Vale? ¿Vale? ¿Vale? ¿Vale? ¿Vale? ¿Vale? ¿Vale? ¿Vale? ¿Vale? ¿Vale? ¿Vale? ¿Vale? ¿Vale? ¿Vale? ¿Vale? ¿Vale? ¿Vale? ¿Vale? ¿Vale? ¿Vale? ¿Vale? ¿Vale? ¿Vale? ¿Vale? ¿Vale? ¿Vale? ¿Vale? ¿Vale? ¿Vale? ¿Vale? ¿Vale? ¿Vale? ¿Vale? ¿Vale? ¿Vale? ¿Vale? ¿Vale? ¿Vale? ¿Vale? ¿Vale? ¿Vale? ¿Vale? ¿Vale? ¿Vale? ¿Vale? ¿Vale? ¿Vale? ¿Vale? ¿Vale? ¿Vale? ¿Vale? ¿Vale? ¿Vale? ¿Vale? ¿Vale? ¿Vale? ¿Vale? ¿Vale? ¿Vale? ¿Vale? ¿Vale? ¿Vale? ¿Vale? ¿Vale? ¿Vale? ¿Vale? ¿Vale? ¿Vale? ¿Vale? ¿Vale? ¿Vale? ¿Vale? ¿Vale? ¿Vale? ¿Vale? ¿Vale? ¿Vale? ¿Vale? ¿Vale? ¿Vale? ¿Vale? ¿Vale? ¿Vale? ¿Vale? ¿Vale? ¿Vale? ¿Vale? ¿Vale? ¿Vale? ¿Vale? ¿Vale? ¿Vale? ¿Vale? ¿Vale? ¿Vale? ¿Vale? ¿Vale? ¿Vale? ¿Vale? ¿Vale? ¿Vale? ¿Vale? ¿Vale? ¿Vale? ¿Vale? ¿Vale? ¿Vale? ¿Vale? ¿Vale? ¿Vale? ¿Vale? ¿Vale? ¿Vale? ¿Vale? ¿Vale? ¿Vale? ¿Vale? ¿Vale? ¿Vale? ¿Vale? ¿Vale? ¿Vale? ¿Vale? ¿Vale? ¿Vale? ¿Vale? ¿Vale? ¿Vale? ¿Vale? ¿Vale? ¿Vale? ¿Vale? ¿Vale? ¿Vale? ¿Vale? ¿Vale? ¿Vale? ¿Vale? ¿Vale? ¿Vale? ¿Vale? ¿Vale? ¿Vale? ¿Vale? ¿Vale? ¿Vale? ¿Vale? ¿Vale? ¿Vale? ¿Vale? ¿Vale? ¿Vale? ¿Vale? ¿Vale? ¿Vale? ¿Vale? ¿Vale? ¿Vale? ¿Vale? ¿Vale? ¿Vale? ¿Vale? ¿Vale? ¿Vale? ¿Vale? ¿Vale? ¿Vale? ¿Vale? ¿Vale? ¿Vale? ¿Vale? ¿Vale? ¿Vale? ¿Vale? ¿Vale? ¿Vale? ¿Vale? ¿Vale? ¿Vale? ¿Vale? ¿Vale? ¿Vale? ¿Vale? ¿Vale? ¿Vale? ¿Vale? ¿Vale? ¿Vale? ¿Vale? ¿Vale? ¿Vale? ¿Vale? ¿Vale? ¿Vale? ¿Vale? ¿Vale? ¿Vale? ¿Vale? ¿Vale? ¿Vale? ¿Vale? ¿Vale? ¿Vale? ¿Vale? ¿Vale? ¿Vale? ¿Vale? ¿Vale? ¿Vale? ¿Vale? ¿Vale? ¿Vale? ¿Vale? ¿Vale? ¿Vale? ¿Vale? ¿Vale? ¿Vale? ¿Vale? ¿Vale? ¿Vale? ¿Vale? ¿Vale? ¿Vale? ¿Vale? ¿Vale? ¿Vale? ¿Vale? ¿Vale? ¿Vale? ¿Vale? ¿Vale? ¿Vale? ¿Vale? ¿Vale? ¿Vale? ¿Vale? ¿Vale? ¿Vale? ¿Vale? ¿Vale? ¿Vale? ¿Vale? ¿Vale? ¿Vale? ¿Vale? ¿Vale? ¿Vale? ¿Vale? ¿Vale? ¿Vale? ¿Vale? ¿Vale? ¿Vale? ¿Vale? ¿Vale? ¿Vale? ¿Vale? ¿Vale? ¿Vale? ¿Vale? ¿Vale? ¿Vale? ¿Vale? ¿Vale? ¿Vale? ¿Vale? ¿Vale? ¿Vale? ¿Vale? ¿Vale? ¿Vale? ¿Vale? ¿Vale? ¿Vale? ¿Vale? ¿Vale? ¿Vale? ¿Vale? ¿Vale? ¿Vale? ¿Vale? ¿Vale? ¿Vale? ¿Vale? ¿Vale? ¿Vale? ¿Vale? ¿Vale? ¿Vale? ¿Vale? ¿Vale? ¿Vale? ¿Vale? ¿Vale? ¿Vale? ¿Vale? ¿Vale? ¿Vale? ¿Vale? ¿Vale? ¿Vale? ¿Vale? ¿Vale? ¿Vale? ¿Vale? ¿Vale? ¿Vale? ¿Vale? ¿Vale? ¿Vale? ¿Vale? ¿Vale? ¿Vale? ¿Vale? ¿Vale? ¿Vale? ¿Vale? ¿Vale? ¿Vale? ¿Vale? ¿Vale? ¿Vale? ¿Vale? ¿Vale? ¿Vale? ¿Vale? ¿Vale? ¿Vale? ¿Vale? ¿Vale? ¿Vale? ¿Vale? ¿Vale? ¿Vale? ¿Vale? ¿Vale? ¿Vale? ¿Vale? ¿Vale? ¿Vale? ¿Vale? ¿Vale? ¿Vale? ¿Vale? ¿Vale? ¿Vale? ¿Vale? ¿Vale? ¿Vale? ¿Vale? ¿Vale? ¿Vale? ¿Vale? ¿Vale? ¿Vale? ¿Vale? ¿Vale? ¿Vale? ¿Vale? ¿Vale? ¿Vale? ¿Vale? ¿Vale? ¿Vale? ¿Vale?",
        "kind": "online_video",
        "file_number": "8",
        "filename": "3 1 Impuestos Introduccion-wav.json",
        "url": "https://www.youtube.com/watch?v=oSWPmod7Yb8&t=745s",
        "source": "3 1 Impuestos Introduccion-wav"
    }
]