[
    {
        "number": 1,
        "timestamp_start": "00:00:00,000",
        "timestamp_end": "00:01:48,740",
        "text": "El Impuesto sobre la Renta de las Personas Físicas (IRPF) es uno de los impuestos más importantes que gravan la renta de las personas físicas en España. Este impuesto se aplica de forma progresiva, lo que significa que a medida que aumenta la renta de una persona, también aumenta el porcentaje que debe pagar en impuestos. \n\nMuchas personas creen erróneamente que el IRPF funciona como una especie de escalera, donde si ganan un poco más de dinero, terminarán pagando mucho más en impuestos. Sin embargo, esto no es del todo cierto. El sistema impositivo del IRPF se estructura en tramos, donde cada tramo de renta se grava a un determinado porcentaje. Por ejemplo, si una persona gana 2.000 euros al mes, pagará un porcentaje de impuestos sobre esa cantidad, y si su salario aumenta a 2.500 euros, pagará un porcentaje mayor, pero solo sobre la cantidad que excede el límite del tramo anterior.\n\nEs importante comprender cómo funciona el IRPF para evitar malentendidos y tomar decisiones financieras informadas.",
        "old_text": "El primer impuesto importante. El IRPF. Impuesto que grava la renta de las personas físicas. ¿Sí? ¿Cuántos de vosotros pagáis el IRPF o habéis hecho alguna vez una declaración? ¿Nadie? Tú sí, ¿eh? Es lo único, ¿eh? Vale, es lo único. Vale. Vamos, para entender esto, lo más fácil, creo yo, es utilizar un ejemplo, ¿vale? Entonces yo me he inventado un ejemplo, que es un profesor de universidad que se llama Leandro. ¿Vale? ¿Por qué digo esto? Porque, mirad, ¿sabéis qué pasa? Que la gente se piensa cosas que no son. ¿Se ha hecho? Jordi no. Albert, ¿no? ¿O no lo sabe? Pero la mayoría de la gente que paga el IRPF se piensa lo siguiente. El IRPF es un impuesto que va por tramos. Si tú ganas poco, pagas poco. Si ganas más, es progresivo. Pagas más, si ganas más, pagas más, si ganas más, pagas más. Y la gente se piensa que esto es como una especie de escalera, ¿no? Si yo gano 2.000, pago 20%, pero si gano 2.500, ya me clavan el 30%. ¿Lo entendéis? Por lo tanto, según como no me conviene, ¿no? Ganar. ¿Por qué ganar 2.500? Porque voy a perder pasta, ¿no? ¿Entendéis la historia? Os lo explico de otra manera. Porque esto no es verdad. ¿Vale? Pero, si lo discutís esta noche con vuestros padres, os van a decir que estáis mintiendo, que no os enteráis de nada. Y, por primera vez en vuestra vida, les podéis decir a vuestro padre que él no se entera de nada.",
        "kind": "online_video",
        "file_number": "9",
        "filename": "3 2 Impuestos IRPF-wav.json",
        "url": "https://www.youtube.com/watch?v=_1IUJDSnVkI&t=0s",
        "source": "3 2 Impuestos IRPF-wav"
    },
    {
        "number": 2,
        "timestamp_start": "00:01:48,740",
        "timestamp_end": "00:03:21,300",
        "text": "En el mundo de la vela, al igual que en la economía, existen diferentes formas de organización y distribución de recursos. Algunas personas pueden permitirse el lujo de no trabajar debido a su situación económica, mientras que otros deben trabajar para subsistir. Esta situación refleja la noción de escasez de recursos y la necesidad de tomar decisiones sobre cómo asignar esos recursos de manera eficiente.\n\nEn el contexto de la economía, la escasez de recursos es un concepto fundamental que impulsa la necesidad de tomar decisiones sobre qué producir, cómo producirlo y para quién producirlo. La escasez implica que los recursos son limitados en comparación con las necesidades ilimitadas de la sociedad, lo que lleva a la idea de que las decisiones económicas deben tomarse de manera racional para maximizar la satisfacción de esas necesidades.\n\nEn este sentido, la historia narrada sobre la competición de vela ilustra cómo las personas enfrentan decisiones sobre cómo utilizar su tiempo y recursos de manera eficiente. Mientras algunos optan por disfrutar de ciertas comodidades sin la necesidad de trabajar, otros deben equilibrar sus responsabilidades laborales con sus pasiones y compromisos.\n\nEn el ámbito macroeconómico, la eficiencia en la asignación de recursos es un objetivo clave para lograr un crecimiento económico sostenible y equitativo. La capacidad de una economía para producir bienes y servicios de manera eficiente, teniendo en cuenta la escasez de recursos, es fundamental para su desarrollo a largo plazo. La toma de decisiones informada y la planificación estratégica son elementos esenciales para alcanzar este objetivo y garantizar el bienestar de la sociedad en su conjunto.",
        "old_text": "¿Vale? Que está engañado. Os digo una anécdota. Yo durante bastantes años hice competición de vela. Y, en el mundo de la vela, aparte de que hay mucho fantasmeo, ¿no? Hay pasta. ¿Vale? Hay pasta, ¿no? Y hay gente que no trabaja, no necesita trabajar. Pero eso está mal visto. Todo el mundo ha de trabajar. Entonces, hay gente que se inventa y tiene un despacho. ¿Vale? Porque queda feo decir que tú no necesitas trabajar, ¿no? Entonces, claro, yo soy profe de universidad, ¿no? Entonces, yo recuerdo la época que yo entrenaba. A las doce, no, a las once, acababa las clases los miércoles. Y tenía que salir disparado porque a las doce tenía una regata. Entonces, yo llegaba allí, a toda leche, me cambiaba, montaba el barco y salía, ¿no? Como podía, ¿no? Y siempre había un tipo, siempre, siempre había un tipo morenito, relajadito. Y cuando llegaba el tío estaba tomando su cafetito, con su croissant, sin ninguna prisa, ¿no? ¿Veías que además se había levantado una fiesta? Hacía mucho. Y cuando acabamos la regata, que eso era, pues, tarde, ¿no? Porque la regata podía durar dos o tres horas, ¿no? Pues muchas veces yo no tenía tiempo ni de comer, ¿no? Y salía disparado y me venía aquí a la universidad porque volvía a tener clase, ¿no? Alguna vez, no. Pero lo que yo sí que veía siempre es que este tío se quedaba a comer siempre, con mucha calma, ¿vale? Se duchaba con mucha calma.",
        "kind": "online_video",
        "file_number": "9",
        "filename": "3 2 Impuestos IRPF-wav.json",
        "url": "https://www.youtube.com/watch?v=_1IUJDSnVkI&t=108s",
        "source": "3 2 Impuestos IRPF-wav"
    },
    {
        "number": 3,
        "timestamp_start": "00:03:21,300",
        "timestamp_end": "00:04:50,920",
        "text": "En el ámbito de la macroeconomía, uno de los conceptos fundamentales a tener en cuenta es el de los tramos de la renta. Esto se refiere a la forma en que se estructura el sistema impositivo en función de los ingresos de los individuos. En el texto mencionado, se hace alusión a la situación de un individuo que gana 45.000 euros al año, ejerciendo como profesor y realizando conciertos de viola que le generan 20.000 euros adicionales. \n\nEs importante destacar que, en muchos sistemas fiscales, a medida que los ingresos de una persona aumentan, se aplican diferentes tramos impositivos. Esto significa que, a medida que se supera cierto nivel de ingresos, la tasa impositiva puede aumentar. En el caso mencionado, el individuo parece estar consciente de esta situación al mencionar que si trabaja más y aumenta sus ingresos, podría saltar de tramo y terminar ganando menos dinero debido a la mayor carga impositiva.\n\nEsta situación plantea un dilema interesante en términos económicos. Por un lado, se encuentra el incentivo al trabajo y a la generación de ingresos adicionales. Sin embargo, por otro lado, la posibilidad de caer en un tramo impositivo más alto puede desincentivar el esfuerzo adicional, ya que el individuo percibiría menos beneficios económicos netos.\n\nEn resumen, los tramos de la renta son una parte crucial del sistema impositivo en muchos países, y entender cómo funcionan es esencial para analizar los incentivos económicos y las decisiones de los individuos en relación con su trabajo y sus ingresos.",
        "old_text": "Y luego, el tío siempre buscaba gente para jugar a un domino o jugar a lo que fuera. No tenía ninguna prisa, ¿no? Y ahí un día yo le pregunté, ¿no? Le digo, tú... Tú no trabajas, ¿no? Y el tío me dijo, sí, tanto que trabajo, tengo el despacho. Digo, ¿tienes el despacho? ¿Y qué haces en el tío despacho? Y fijaros, fijaros que envidia además, ¿no? Me dijo, yo me dedico a asesorar a empresas inglesas que quieren invertir en territorio español, ¿no? Que mola, ¿no? Que es el curro más guapo, ¿no? Y le digo, ah, vale. Digo, pero tú no trabajas mucho, ¿no? Porque siempre estabas aquí tranquilo, ¿no? Y el tío entonces me dijo, fijaros lo que me dijo. Me dijo, no, no, no, ¿sabes qué pasa? Que no me conviene trabajar más. Porque si yo trabajo más, salto de tramo y ganaría menos. Y ahí me di cuenta de una de dos. O pobres empresas inglesas... O el tío me estaba pegando una bola. Que yo creo que es eso, ¿no? Me estaba pegando una bola. Porque eso no es cierto. Entonces, lo que vamos a ver ahora es eso. ¿Qué se pasa? Eso de los tramos que has dicho. Los tramos de la renta. Sí. Como si fuera como el agua. Eso es. Vamos a esto, ¿eh? Mirad, yo lo que he hecho, para que lo entendamos bien, es esto, ¿vale? Esto es un tipo que gana 45.000 euros, es profe. Hace conciertos de viola, 20.000 euros.",
        "kind": "online_video",
        "file_number": "9",
        "filename": "3 2 Impuestos IRPF-wav.json",
        "url": "https://www.youtube.com/watch?v=_1IUJDSnVkI&t=201s",
        "source": "3 2 Impuestos IRPF-wav"
    },
    {
        "number": 4,
        "timestamp_start": "00:04:50,920",
        "timestamp_end": "00:06:41,120",
        "text": "En el sistema fiscal, como en el ejemplo mencionado, se establecen tramos de ingresos a los cuales se les aplica un porcentaje determinado de impuestos. Por ejemplo, para un individuo que gana 17.720 euros, el cálculo sería el siguiente: los primeros 3.000 euros están exentos de impuestos, los siguientes 14.000 euros se gravan al 24%, y los 720 euros restantes se gravan al 28%. Esto significa que el total de impuestos a pagar por esta persona sería la suma de lo correspondiente a cada tramo. Este sistema de tramos impositivos es común en muchos países y busca establecer una progresividad en la tributación, de manera que aquellos que tienen mayores ingresos contribuyan con una mayor proporción de los mismos al fisco.",
        "old_text": "Va dando pasta a pasta, 130.000 euros gana este tipo. No es tan malo. No tiene tantos tramos. Vamos a ver cómo va a tratar Hacienda esta historia. ¿Vale? Entonces, a mí se me ha ocurrido imaginaros que esto es un depósito de agua. Como esto. ¿Vale? Esto en teoría son bombolas, ¿no? ¿Por qué? Uno hace lo que puede. Si alguien lo mejora, yo estaré encantado de la vida. Entonces, mirad. Hacienda, ¿qué es lo que dice? Hacienda... Hacienda lo que dice es: \"Mira, Leandro...\" Esto es muy importante que lo entendamos, ¿eh? Porque eso es lo que vais a discutir hoy con vuestros padres y os quedaréis con ellos. \"Mira, Leandro, por los 3.000 primeros euros no te cobro un duro. No pagarás nada\". Es un ejemplo, ¿eh? Que os quede claro que esto es un ejemplo. Por el euro siguiente, es decir, si tú ganas 3.001, los 3.000 primeros no pagan nada y el uno siguiente pagará el 24%. Sólo el uno siguiente. Hasta los 17.000. Es decir, que si tú ganas 17.720 euros, ¿cuánto pagas? No lo sé. Por los 3.000 primeros no pagas nada, por los siguientes 14.000 pagas 24%. Y por los siguientes 17.000, ¿vale? Es decir, tú ganas 14.807,20 euros. Vale, pues por los primeros 3.000 no pagas nada, por los siguientes 14.807,20 pagas el 24% y por los 100 siguientes, sólo los 100 siguientes, pagarás el 28%. ¿Veis la jugada? Por lo tanto, ¿cuánto paga Leandro? No lo sabemos. No tenemos ni idea de lo que paga.",
        "kind": "online_video",
        "file_number": "9",
        "filename": "3 2 Impuestos IRPF-wav.json",
        "url": "https://www.youtube.com/watch?v=_1IUJDSnVkI&t=290s",
        "source": "3 2 Impuestos IRPF-wav"
    },
    {
        "number": 5,
        "timestamp_start": "00:06:41,120",
        "timestamp_end": "00:08:20,120",
        "text": "Lo que sabemos es que de los 130.000 euros que gana, los últimos 10.233 euros, pagará el 45% o el 49%, dependiendo de la región en la que viva. Por los anteriores 66.000 pagará el 43%, y por los anteriores 20.000 pagará el 30%. Existe una diferencia importante entre Leandro y Marc en cuanto a la percepción de pagar impuestos. Si a ambos les ofrecen un trabajo que les pagará 100 euros por hora, Marc estará interesado en aceptarlo, mientras que a Leandro le preocupará más el hecho de que una parte considerable de ese dinero se destine al pago de impuestos. Es importante tener en cuenta que, a pesar de la carga impositiva, Leandro terminará ganando más dinero.",
        "old_text": "Lo que sí sabemos es que de los 130.000 euros, 233 que gana, los últimos 10.233 euros, pagará el 45% o el 49%, depende si vive en Cataluña o donde viva. ¿Vale? Por los anteriores 66.000 pagará el 43%, por los anteriores 20.000 pagará el 30%. ¿Tendréis la jugada? ¿Qué ocurre? Que vuestros padres utilizan un programa, o no, ¿vale? de Hacienda que se llama Padre, además, ¿no? Y entonces el programa Padre lo que hace es, tú pones lo que ganas, dice: \"A pagar, 30\". \"A pagar, 40%\". \"A pagar, el 21%\". Por lo tanto, ya hace ese cálculo. Entonces, la gente se piensa que eso, ¿no? Que \"cuidado porque si gano más, con que he de pagar más, no me conviene\". Y eso es una chorrada. Entre Leandro, entre Leandro y Marc, hay una diferencia. ¿Tú trabajas, Marc? ¿Trabajas? Fijaros que hay una diferencia importantísima, importantísima, entre Leandro y Marc, ¿no? Si ahora nos ofrecen, tanto a Leandro como a Marc, le ofrecen un trabajo que le pagarán por horas, por horas, ¿eh? Por cada hora, 100 euros, ¿vale? Marc dirá: \"Me interesa, me interesa, ¿no? Son 100 euros, ostras, fantástico, ¿no? Si me están pagando 24, me interesa, ¿no?\" Pero ahora fijaros, ¿qué le ocurrirá a Leandro? Leandro tiene 100 euros, pero yo tengo un socio, Leandro tiene un socio idiota, inútil, ¿no? Que se llama Hacienda, que de los 100, sin hacer nada se lleva 50. ¿Veis? Claro, Leandro se lo da de pensar, pero Leandro ganará más pasta, es evidente.",
        "kind": "online_video",
        "file_number": "9",
        "filename": "3 2 Impuestos IRPF-wav.json",
        "url": "https://www.youtube.com/watch?v=_1IUJDSnVkI&t=401s",
        "source": "3 2 Impuestos IRPF-wav"
    },
    {
        "number": 6,
        "timestamp_start": "00:08:20,120",
        "timestamp_end": "00:19:28,120",
        "text": "error",
        "old_text": "No es que de golpe gane menos pasta porque ha saltado de tramo, eso no es cierto, pero sí que es cierto que ganará proporcionalmente menos que tú, ¿vale? Pero esa es la única diferencia. ¿Veis la historia? Entonces, aquí tenéis, aquí tenéis los tipos impositivos que estos son vigentes, ¿vale? Porque eso se cambió en el 2012, 2013 nos ha tocado y 2014 tampoco. Entonces, esto va a lo siguiente, de 0 a 17, el 24,75. De 17 a 33, el 30%. Del 33 al 53, el 40%. Del 33 al 120.000 euros, el 47%. De 120.000 euros a 165.000 euros, el 50%. Y cuidado aquí, que veis que hay un asterisco, cuidado con el asterisco. El que gana más de 300.000, 51%. No, el que gana de 135.000 a 300.000, el 51%, ¿no? Y si gana más, el 52%. Excepto en Cataluña, que el Arturito se lo creo decir: \"Naltros me chulos que ningú\". ¿Vale? 50, no, pon 54. ¿Vale? 51, no, pon 55. 52, no, pon 56. En Cataluña se paga más que el resto de España, pero eso es porque el Arturito ha querido, ¿eh? ¿José? No, no, no, no, no, no, no, no, no, no, no, no, no, no, no, no, no, no, no, no, no, no, no, no, no, no, no, no, no, no, no, no, no, no, no, no, no, no, no, no, no, no, no, no, no, no, no, no, no, no, no, no, no, no, no, no, no, no, no, no, no, no, no, no, no, no, no, no, no, no, no, no, no, no, no, no, no, no, no, no, no, no, no, no, no, no, no, no, no, no, no, no, no, no, no, no, no, no, no, no, no, no, no, no, no, no, no, no, no, no, no, no, no, no, no, no, no, no, no, no, no, no, no, no, no, no, no, no, no, no, no, no, no, no, no, no, no, no, no, no, no, no, no, no, no, no, no, no, no, no, no, no, no, no, no, no, no, no, no, no, no, no, no, no, no, no, no, no, no, no, no, no, no, no, no, no, no, no, no, no, no, no, no, no, no, no, no, no, no, no, no, no, no, no, no, no, no, no, no, no, no, no, no, no, no, no, no, no, no, no, no, no, no, no, no, no, no, no, no, no, no, no, no, no, no, no, no, no, no, no, no, no, no, no, no, no, no, no, no, no, no, no, no, no, no, no, no, no, no, no, no, no, no, no, no, no, no, no, no, no, no, no, no, no, no, no, no, no, no, no, no, no, no, no, no, no, no, no, no, no, no, no, no, no, no, no, no, no, no, no, no, no, no, no, no, no, no, no, no, no, no, no, no, no, no, no, no, no, no, no, no, no, no, no, no, no, no, no, no, no, no, no, no, no, no, no, no, no, no, no, no, no, no, no, no, no, no, no, no, no, no, no, no, no, no, no, no, no, no, no, no, no, no, no, no, no, no, no, no, no, no, no, no, no, no, no, no, no, no, no, no, no, no, no, no, no, no, no, no, no, no, no, no, no, no, no, no, no, no, no, no, no, no, no, no, no, no, no, no, no, no, no, no, no, no, no, no, no, no, no, no, no, no, no, no, no, no, no, no, no, no, no, no, no, no, no, no, no, no, no, no, no, no, no, no, no, no, no, no, no, no, no, no, no, no, no, no, no, no, no, no, no, no, no, no, no, no, no, no, no, no, no, no, no, no, no, no, no, no, no, no, no, no, no, no, no, no, no, no, no, no, no, no, no, no, no, no, no, no, no, no, no, no, no, no, no, no, no, no, no, no, no, no, no, no, no, no, no, no, no, no, no, no, no, no, no, no, no, no, no, no, no, no, no, no, no, no, no, no, no, no, no, no, no, no, no, no, no, no, no, no, no, no, no, no, no, no, no, no, no, no, no, no, no, no, no, no, no, no, no, no, no, no, no, no, no, no, no, no, no, no, no, no, no, no, no, no, no, no, no, no, no, no, no, no, no, no, no, no, no, no,",
        "kind": "online_video",
        "file_number": "9",
        "filename": "3 2 Impuestos IRPF-wav.json",
        "url": "https://www.youtube.com/watch?v=_1IUJDSnVkI&t=500s",
        "source": "3 2 Impuestos IRPF-wav"
    }
]