[
    {
        "number": 1,
        "timestamp_start": "00:00:00,000",
        "timestamp_end": "00:00:58,980",
        "text": "En el capítulo anterior se abordaron las rentas del trabajo, dejando de lado las rentas de capital o de ahorro. En los cuadros presentados, se observa que siempre se hace referencia a las rentas del trabajo. Las rentas de capital o de ahorro están sujetas a un tratamiento fiscal menos progresivo en cuanto a la cantidad de impuestos. Esto se debe a que si la carga impositiva fuera alta, el ahorro podría trasladarse a lugares con condiciones más favorables. Aunque pueda parecer injusto, la fiscalidad sobre el trabajo tiene un tipo impositivo marginal del 49%, mientras que la del ahorro o capital es del 24%. Esta diferencia favorece principalmente a las personas con mayores recursos, ya que son ellos quienes tienden a ahorrar o invertir.",
        "old_text": "Lo que hemos visto en el capítulo anterior se refiere a las rentas del trabajo, nunca a las de capital o de ahorro. Como podemos ver en los cuadros superiores, siempre estamos refiriéndonos a las rentas del trabajo. Las rentas del capital o del ahorro tienen un tratamiento inferior de progresividad y de cantidad en el porcentaje del impuesto. Ello es debido a que si la fiscalidad fuese elevada, el ahorro podría deslocalizarse y buscar tierras más generosas. Aunque obviamente no resulte justo, mientras que la fiscalidad del trabajo tiene un marginal del 49%, la del ahorro o del capital tiene del 24%. Claro, seguramente esto favorece a los ricos, no a los pobres, pues son los ricos los que ahorran o los que impulsan.",
        "kind": "online_video",
        "file_number": "10",
        "filename": "3 3 Impuestos IRPF_ rendimientos del capital-wav.json",
        "url": "https://www.youtube.com/watch?v=zBUcCdRn5mo&t=0s",
        "source": "3 3 Impuestos IRPF_ rendimientos del capital-wav"
    }
]