[
    {
        "number": 1,
        "timestamp_start": "00:00:00,000",
        "timestamp_end": "00:02:11,580",
        "text": "El impuesto de sociedades es un concepto clave en el ámbito de la macroeconomía. En Europa, existen acuerdos de doble imposición que determinan que una empresa pague impuestos en el país donde está establecida. Por ejemplo, si una empresa irlandesa opera en España, pagará impuestos en Irlanda y no en España. Sin embargo, si una empresa española opera en Irlanda, pagará impuestos en España.\n\nEs relevante mencionar el caso de Irlanda, donde el tipo impositivo es del dos y medio por ciento, considerablemente más bajo que en otros países como España. Esto ha llevado a grandes empresas como Apple, Microsoft, Google y Amazon a establecer sus sedes en Irlanda para beneficiarse de este bajo impuesto de sociedades.\n\nA pesar de las presiones de la Unión Europea durante la crisis económica para que Irlanda aumentara sus impuestos, el país se ha mantenido firme en mantenerlos bajos. Esto ha generado controversia, ya que las empresas continúan pagando menos impuestos al montar sus sociedades en Irlanda.\n\nEn resumen, el impuesto de sociedades es un aspecto fundamental en la toma de decisiones de las empresas a nivel internacional, ya que la elección de la ubicación de su sede puede tener un impacto significativo en la carga impositiva que deben asumir.",
        "old_text": "¿Qué es el impuesto de sociedades? Es súper distinto, ¿no? ¿Qué ocurre? Mirad, que en Europa tenemos una cosa que se llama acuerdos de doble imposición. Y es que si una empresa es irlandesa y trabaja en España, no paga los impuestos en España, los paga en Irlanda. Pero si hay una empresa española que está trabajando en Irlanda, los paga también en España, ¿no? Entonces, claro, ¿qué ocurre? Por ejemplo, ¿no? Digo Irlanda porque es importante el caso de Irlanda. Fijad Irlanda, ¿de cuánto es el tipo de impositivo? Dos y medio por ciento. Es mucho más bajo que en España, ¿no? Entonces, Apple, cuando trabaja en Europa, ¿trabaja como qué? Como empresa irlandesa. Microsoft, Irlanda, ¿no? Pensad, ¿eh? Google, Irlanda. Amazon, Irlanda. Entonces, claro, ¿qué hacen? Que ya no pagan el treinta y pico por ciento. ¿Qué pasa? ¿No se puede unir a Irlanda? ¿Eh? ¿Está la Unión Europea? ¿No se puede unir a Irlanda? No, no, no, no, no han tocado. Han tocado un montón de cosas, excepto esto. No, no, no, no. No, no, esto fue en el momento de la crisis económica, cuando Irlanda y el rescate, parece que los obligarán a subir este impuesto y no lo hacen. No lo hacen, ¿vale? Continúa siendo muy bajo. ¿Por qué pagan la vida? Porque montan la sociedad en Irlanda. ¿Entiendes? Os voy a explicar una cosa que nunca tenéis que hacer, ¿vale? Nunca tenéis que hacer. Que si tú no quieres, tú quieres montar una empresa en España y no pagar impuestos, te voy a explicar cómo hacerlo.",
        "kind": "online_video",
        "file_number": "11",
        "filename": "3 4 Impuestos Sociedades-wav.json",
        "url": "https://www.youtube.com/watch?v=hR6VEQMStH8&t=0s",
        "source": "3 4 Impuestos Sociedades-wav"
    },
    {
        "number": 2,
        "timestamp_start": "00:02:11,580",
        "timestamp_end": "00:04:05,580",
        "text": "La evasión fiscal es un tema importante en macroeconomía. Consiste en eludir el pago de impuestos trasladando fondos a paraísos fiscales, como las Islas Vírgenes Holandesas. Estas acciones impactan negativamente en la recaudación de impuestos de un país, lo cual puede afectar el funcionamiento de políticas públicas y el desarrollo económico en general. Es fundamental para un país combatir la evasión fiscal y promover la transparencia en el sistema financiero para garantizar una distribución equitativa de la carga impositiva y el correcto funcionamiento de la economía.",
        "old_text": "Coges tu pasta, es muy feo lo que os voy a explicar ahora, ¿eh? Coges tu pasta y te la llevas a las islas vírgenes holandesas. Cualquier isla de estas paradisos fiscales holandés. ¿Verdad? ¿Verdad? ¿Verdad? ¿Verdad? ¿Verdad? ¿Verdad? ¿Verdad? ¿Verdad? ¿Verdad? ¿Verdad? ¿Verdad? ¿Verdad? ¿Verdad? ¿Verdad? ¿Verdad? ¿Verdad? ¿Verdad? ¿Verdad? ¿Verdad? ¿Verdad? ¿Verdad? ¿Verdad? ¿Verdad? ¿Verdad? ¿Verdad? ¿Verdad? ¿Verdad? ¿Verdad? ¿Verdad? ¿Verdad? ¿Verdad? ¿Verdad? ¿Verdad? ¿Verdad? ¿Verdad? ¿Verdad? ¿Verdad? ¿Verdad? ¿Verdad? ¿Verdad? ¿Verdad? ¿Verdad? ¿Verdad? ¿Verdad? ¿V ¿Verdad? ¿Verdad? ¿Verdad? ¿Verdad? ¿Verdad? ¿Verdad? ¿Verdad? ¿Verdad? ¿Verdad? ¿Verdad? ¿Verdad? ¿Verdad? ¿Verdad? ¿Verdad? ¿Verdad? ¿Verdad? ¿Verdad? ¿Verdad? ¿Verdad? ¿Verdad? ¿Verdad? ¿Verdad? ¿Verdad? ¿Verdad? ¿Verdad? ¿Verdad? ¿Verdad? ¿Verdad? ¿Verdad? ¿Verdad? ¿Verdad? ¿V ¿Verdad? ¿Verdad? ¿Verdad? ¿Verdad? ¿Verdad? ¿Verdad? ¿Verdad? ¿Verdad? ¿Verdad? ¿Verdad? ¿Verdad? ¿Verdad? ¿Verdad? ¿Verdad? ¿Verdad? ¿Verdad? ¿Verdad? ¿Verdad? ¿Verdad? ¿Verdad? ¿Verdad? ¿Verdad? ¿Verdad? ¿Verdad? ¿Verdad? ¿Verdad? ¿Verdad? ¿Verdad? ¿Verdad? ¿Verdad? ¿Verdad? ¿Verdad? ¿Verdad? ¿Verdad? ¿V pero ostras",
        "kind": "online_video",
        "file_number": "11",
        "filename": "3 4 Impuestos Sociedades-wav.json",
        "url": "https://www.youtube.com/watch?v=hR6VEQMStH8&t=131s",
        "source": "3 4 Impuestos Sociedades-wav"
    }
]