[
    {
        "number": 1,
        "timestamp_start": "00:00:00,000",
        "timestamp_end": "00:01:46,860",
        "text": "El Impuesto sobre la Renta de las Personas Físicas (IRPF) y el Impuesto sobre el Valor Añadido (IVA) son dos de los impuestos más relevantes en España. El IRPF es el impuesto que más recaudación genera en el país, seguido por el IVA. El IVA, como su nombre indica, grava el valor añadido en el proceso de producción de bienes y servicios. Por ejemplo, si tomamos las semillas de trigo con un valor de veinte euros y las transformamos en un kilo de harina con un valor de cuarenta y cinco euros, el valor añadido sería de veinticinco euros. El IVA se aplicará sobre este valor añadido. Si luego el panadero toma la harina y la convierte en un kilo de pan con un valor de cien euros, el valor añadido sería de sesenta euros, sobre el cual también se aplicará el IVA. En resumen, el IVA grava los incrementos de valor en cada etapa del proceso de producción y es pagado por el consumidor final al adquirir el producto o servicio.",
        "old_text": "Bueno, ¿vale? ¿Tendréis la jugada? Este es el segundo impuesto que teníamos que ver, ¿no? IRPF y sociedades. El IRPF es el impuesto que más dinero recauda de todos los impuestos que tenemos en España. El que más recauda es el IRPF. El segundo que más recauda, este, el IVA. Claro, todos me diréis, José, ya sé lo que es el IVA. No sé si me lo expliques o no. Fijaros, IVA, impuesto sobre el valor añadido. El IVA es un impuesto que lo que hace es grabar los valores añadidos en el proceso de producción. Os pongo un ejemplo para que lo entendamos. ¿Vale? Semillas de trigo, ¿vale? Un kilo. ¿Valor? Veinte. Yo cojo esas semillas, las meto en un melino, un molino, las machaco vivas y hago un kilo de harina. El kilo de harina ahora vale cuarenta y cinco. He generado un valor añadido, ¿no? Es cierto que es más caro, ¿no? Un kilo de harina que un kilo de granos de trigo. ¿Vale? Hay un valor añadido, ¿de cuánto? De veinticinco, ¿no? Muy bien. Pues el IVA actuará sobre este valor añadido. Sobre esos veinticinco. El paladero coge el kilo de harina y lo transforma en un kilo de pan. El kilo de pan ahora vale cien. Veinticinco, ¿no? Hay un valor añadido, ¿de cuánto? De sesenta. El IVA actuará sobre ese valor añadido. Entonces, cuando Albert va a comprar la barra de pan, tú pagas el IVA. Pagas el IVA entero, ¿no? Pero el panadero se queda esa pasta.",
        "kind": "online_video",
        "file_number": "12",
        "filename": "3 5 Impuestos IVA-wav.json",
        "url": "https://www.youtube.com/watch?v=P5uP4l9Fabo&t=0s",
        "source": "3 5 Impuestos IVA-wav"
    },
    {
        "number": 2,
        "timestamp_start": "00:01:46,860",
        "timestamp_end": "00:03:30,660",
        "text": "La empresa panadera tiene la obligación de declarar el IVA a Hacienda. Por ejemplo, si el IVA del pan es del cuatro por ciento, ese impuesto debe ser entregado a Hacienda. El panadero, al comprar la harina para elaborar el pan, ha pagado un IVA por ese insumo. Por lo tanto, al hacer la liquidación de IVA, debe pagar el impuesto que ha cobrado a sus clientes menos el que ha pagado por los productos que ha adquirido, como la harina. \n\nEn el proceso de elaboración del pan, se requiere la compra de ingredientes como harina, sal, agua y posiblemente aceite. Cada uno de estos insumos está sujeto al pago del IVA al momento de ser adquiridos. Es importante tener en cuenta que el IVA que se paga al comprar estos productos se considera un costo para la empresa panadera, ya que forma parte de los gastos necesarios para la producción y venta del pan. \n\nEn resumen, la empresa panadera debe calcular el IVA que cobra a sus clientes y restarle el IVA que ha pagado por los insumos utilizados en la elaboración del pan para determinar el monto total que debe declarar y entregar a Hacienda. Este proceso de cálculo y declaración del IVA es fundamental en la gestión financiera de cualquier empresa, ya que incide directamente en sus costos y en la determinación de sus beneficios.",
        "old_text": "La tiene que dar. ¿A quién? Hacienda. ¿Vale? El IVA de ese pan, que es muy poco, es el cuatro por ciento, ¿no? En ese caso, lo tendría que dar Hacienda. No. Todo. No. ¿Por qué? Porque el panadero ha comprado harina. Por lo tanto, ha soportado un IVA. Le han cobrado un IVA, ¿no? Entonces, el panadero hace una liquidación de IVA, que es, fijaros, ¿eh? El repercutido, él ha de pagar el que repercute menos el que ha soportado. Entonces, cualquier empresa ha de pagar el IVA repercutido menos el soportado. ¿Laura? ¿Laura? No, ¿eh? No. No. No. Vale. Tú eres panadera. ¿Sí? Muy bien. Para hacer pan, ¿eh? ¿Qué necesitas para hacer pan? Agua, harina y sal. Agua, harina y sal y un poquito de aceite, ¿no? ¿O no? Tú no. Pues ya está, tú no. José, yo no. Vale. Muy bien. Por lo tanto, necesitas comprar harina, ¿no? Cuando tú compras harina, te van a cobrar un IVA, ¿no? Sí. ¿Qué? ¿Qué? ¿Sí que te van a cobrar el IVA? Por lo tanto, tú estás soportando un IVA. ¿Ves que estás soportando un IVA? Vale. Cuando compras sal, te van a cobrar un IVA, ¿no? Estás soportando un IVA. El agua, no, ¿no? Bueno, si compras de esta, sí, pero el pan lo haces con esto, no. Grifo. ¿Sí? De Barcelona. No quiero pan tuyo, ¿eh? Bueno. ¿Verdad que has soportado un IVA? Muy bien. Ah, tú haces el pan. Haces el pan. ¿Vale? Y lo vendes por no sé cuánta pasta.",
        "kind": "online_video",
        "file_number": "12",
        "filename": "3 5 Impuestos IVA-wav.json",
        "url": "https://www.youtube.com/watch?v=P5uP4l9Fabo&t=106s",
        "source": "3 5 Impuestos IVA-wav"
    },
    {
        "number": 3,
        "timestamp_start": "00:03:30,660",
        "timestamp_end": "00:05:11,080",
        "text": "En el ámbito de la macroeconomía, es fundamental comprender el funcionamiento de los impuestos indirectos, como el Impuesto sobre el Valor Añadido (IVA). El IVA es un impuesto que grava el consumo y se aplica a cada etapa del proceso de producción y comercialización de un bien o servicio. En el caso de un negocio de venta de pan, por ejemplo, se debe aplicar un determinado porcentaje de IVA sobre el precio de venta.\n\nEs importante destacar que, aunque el consumidor final es quien finalmente asume el pago del IVA, en realidad es el empresario el encargado de recaudarlo y pagarlo al Estado. Sin embargo, el empresario tiene la posibilidad de deducir el IVA que ha pagado en las etapas anteriores de producción, lo cual se conoce como IVA soportado. De esta manera, el IVA que realmente termina pagando al Estado es la diferencia entre el IVA repercutido (cobrado a los clientes) y el IVA soportado (pagado a los proveedores).\n\nEn el caso específico del IVA en España, ha habido diversas reformas a lo largo del tiempo. Una de las más significativas fue el aumento del tipo general del IVA al 21%, en contraste con el 16% que estaba vigente anteriormente. Incluso productos que antes se encontraban en un tramo impositivo más bajo, como el 8%, han pasado a tributar al 21%. Esto ha generado impactos en sectores como el cine, donde el precio de las entradas ha aumentado considerablemente, afectando la afluencia de espectadores y generando una crisis en la industria cinematográfica española.",
        "old_text": "Sobre esa pasta que tú vas a vender el pan, vas a poner un IVA del 4%, ¿no? Porque eso te dice la ley. ¿Vale? ¿Tú vas a pagar todo ese IVA del 4%? No. ¿Por qué? Porque de esto que tú tendrías que pagar, vas a descontar el IVA que tú pagaste ya por el agua, bueno, el agua no, la sal y la harina. Por lo tanto, es el repercutido menos el IVA. Es el soportado lo que tú vas a pagar. Es el financiamiento que pagas el 4% de los 60. El consumidor lo paga todo. Sí, claro. Pero es muy fácil de entender, ¿eh? Simplemente es lo que yo repercuto menos lo que yo soporto y ya está. ¿Por qué? Claro, este impuesto ha tenido muchísimas reformas, ¿no? Y la última ha sido muy fuerte, ¿no? Incluso ha sido muy polémica porque se ha aumentado muchísimo el IVA de una serie de productos. Ahora el tipo general es del 21%, cuando antes era de cuánto? 16. ¿Y luego? 18, ¿eh? Vale. ¿Qué ha pasado? Que habían productos que estaban en el tramo más pequeño, que era el 8%, ¿qué ahora han pasado a ser el 21? Por ejemplo, ¿eh? Cines, ¿no? ¿Qué cuesta ir al cine ahora? ¡9 euros! Antes invitar al cine a alguien no pasaba nada, ¿no? Pero ahora tú, cuando vas con alguien al cine, y al cine lo invitas, es que te cae muy bien. Porque si no, es como invitarlo a comer, fijaros, ¿eh? Es que es 9 euros, es una pasta, ¿no? Claro, los cines se están vaciando, se están quejando mucho, que les ha afectado muchísimo, ¿no? El cine en España está con una crisis absoluta.",
        "kind": "online_video",
        "file_number": "12",
        "filename": "3 5 Impuestos IVA-wav.json",
        "url": "https://www.youtube.com/watch?v=P5uP4l9Fabo&t=210s",
        "source": "3 5 Impuestos IVA-wav"
    },
    {
        "number": 4,
        "timestamp_start": "00:05:11,080",
        "timestamp_end": "00:06:39,600",
        "text": "El IVA, Impuesto sobre el Valor Añadido, es un impuesto indirecto que grava el consumo y se aplica en la mayoría de los bienes y servicios. En España, existen diferentes tipos de IVA: general, reducido y superreducido. El tipo general es del 21%, mientras que el reducido es del 10% y se aplica a bienes como alimentos, productos sanitarios y transporte. Por otro lado, el tipo superreducido es del 4% y se aplica a bienes considerados de primera necesidad, como alimentos básicos, libros, periódicos, entre otros.\n\nEl fraude del IVA es un problema importante en muchos sectores de la economía. Por ejemplo, en el caso mencionado de un técnico que arregla una caldera en casa, es común que se realicen transacciones sin declarar el impuesto correspondiente. El fraude del IVA puede tener un impacto significativo en la recaudación fiscal y en la economía en general. Es fundamental combatir este tipo de prácticas para garantizar la equidad y eficiencia del sistema tributario.",
        "old_text": "Los teatros, ¿no? Que en Barcelona éramos una ciudad de teatro absolutamente bestial, tenía un éxito. La gente está dejando de ir al teatro porque se está juntando una crisis económica con que ir al teatro es para los millonetis. Claro, es un problemón, ¿lo veis? Bueno, los que tenéis aquí con cruz son los que antes eran bajitos y ahora los han subido al 21, ¿no? Y luego esto ya existía, ¿no? Esto ya era el 18, ¿vale? Luego, hay otra serie de bienes que tiene el tipo reducido, que es la mayoría de puntos alimenticios, puntos sanitarios, transporte, no sé qué, no sé cuántos. Y luego hay otros que se llaman el superreducido. No hay una lógica concreta, ¿eh? O sea, si intentáis entender la lógica del por qué uno es superreducido y el otro es reducido, no lo entienden ni quién. Ni en quién lo hizo, ¿vale? Pero bueno, ahí os tenéis, ¿no? Hombre, hay cosas que es evidente, ¿no? Coches y fuentes es para menos válidas, vale, ya te parece bien, ¿no? Aunque tampoco, no sé si tiene mucha lógica, ¿no? Ser menos válido significa ser pobre, ¿entendéis? ¿Sí? Sí, ¿eh? ¿No? Debe ser muy caro. Vale, vale, vale, no le digo nada, ¿eh? Perdonad, ¿eh? Ok. ¿Qué ocurre con el IVA? Mirad. Mirad. Entre nosotros, defraudar el IVA es tan fácil. Tan, tan fácil. Hay toda una serie de sectores que es tan fácil defraudar el IVA. Por ejemplo, por ejemplo, ¿eh? El tío que te viene a arreglar la caldera en tu casa.",
        "kind": "online_video",
        "file_number": "12",
        "filename": "3 5 Impuestos IVA-wav.json",
        "url": "https://www.youtube.com/watch?v=P5uP4l9Fabo&t=311s",
        "source": "3 5 Impuestos IVA-wav"
    },
    {
        "number": 5,
        "timestamp_start": "00:06:39,600",
        "timestamp_end": "00:07:58,000",
        "text": "El fraude del IVA es un tema importante en la economía. Cuando la suma de inputs en una actividad económica no es igual al output, existe la posibilidad de defraudar al no declarar correctamente el impuesto sobre el valor añadido. Por ejemplo, en un restaurante, si se desperdicia comida como una ensalada rusa, la suma de los ingredientes utilizados no coincide con lo que se vende, lo que puede llevar a evasión de impuestos. Lo mismo puede ocurrir en otros negocios como un jardín, donde los insumos no se corresponden exactamente con la producción final. Es fundamental entender estas prácticas para garantizar la transparencia y legalidad en las transacciones económicas.",
        "old_text": "El lampista que te viene a hacernos equistorias. El tipo, el paleta que te viene a arreglar, no sé, el tío que te viene a cambiar el cristal de no sé qué, ¿no? Todos estos autónomos que aparecen por tu casa, tú le das la pasta, incluso puedes dar una propuesta, y nos olvidamos del IVA, ¿no? Y el tío te dice que sí, que te olvidas del IVA. Ahora te dicen que no, ¿eh? Y ahora os explicaré por qué. Cualquier actividad económica que la suma de inputs no es igual al output, es susceptible de defraudar IVAs. Un restaurante. La suma de inputs no es igual al output, es evidente, ¿no? ¿Vale? Puede ser que en la ensalada rusa, pues nadie sale a la comida, la tengas que tirar, ¿no? Etcétera, etcétera, etcétera, etcétera, ¿no? Un garden. La suma de inputs no tiene que ser igual al output. ¿Vale? ¿Vale? ¿Vale? ¿Vale? ¿Vale? ¿Vale? ¿Vale? ¿Vale? ¿Vale? ¿Vale? ¿Vale? ¿Vale? ¿Vale? ¿Vale? ¿Vale? ¿Vale? ¿Vale? ¿Vale? ¿Vale? ¿Vale? ¿Vale? ¿Vale? ¿Vale? ¿Vale? ¿Vale? ¿Vale? ¿Vale? ¿Vale? ¿Vale? ¿Vale? ¿Vale? ¿Vale? ¿Vale? ¿Vale? ¿Vale? ¿Vale? ¿Vale? ¿Vale? ¿Vale? ¿Vale? ¿Vale ¿Vale? ¿Vale? ¿Vale? ¿Vale? ¿Vale? ¿Vale? ¿Vale? ¿Vale? ¿Vale? ¿Vale? ¿Vale? ¿Vale? ¿Vale? ¿Vale? ¿Vale? ¿Vale? ¿Vale? ¿Vale? ¿Vale? ¿Vale? ¿Vale? ¿Vale? ¿Vale? ¿Vale? ¿Vale? ¿Vale? ¿Vale? ¿Vale? ¿Vale? ¿Vale? ¿Vale? ¿Vale? ¿Vale? ¿Vale? ¿Vale? ¿Vale? ¿Vale ¿Vale? ¿Vale? ¿Vale? ¿Vale? ¿Vale? ¿Vale? ¿Vale? ¿Vale? ¿Vale? ¿Vale? ¿Vale? ¿Vale? ¿Vale? ¿Vale? ¿Vale? ¿Vale? ¿Vale? ¿Vale? ¿Vale? ¿Vale? ¿Vale? ¿Vale? ¿Vale? ¿Vale? ¿Vale? ¿Vale? ¿Vale? ¿Vale? ¿Vale? ¿Vale? ¿Vale? ¿Vale? ¿Vale? ¿Vale? ¿Vale? ¿Vale? ¿Vale ¿Vale? ¿Vale? ¿Vale? ¿Vale? ¿Vale? ¿Vale? ¿Vale? ¿Vale? ¿Vale? ¿Vale? ¿Vale? ¿Vale? ¿Vale? ¿Vale? ¿Vale? ¿Vale? ¿Vale? ¿Vale? ¿Vale? ¿Vale? ¿Vale? ¿Vale? ¿Vale? ¿Vale? ¿Vale? ¿Vale? ¿Vale? ¿Vale? ¿Vale? ¿Vale? ¿Vale? ¿Vale? ¿Vale? ¿Vale? ¿Vale? ¿Vale? ¿Vale ¿Vale? ¿Vale? ¿Vale? ¿Vale? ¿Vale? ¿Vale? ¿Vale? ¿Vale? ¿Vale? ¿Vale? ¿Vale? ¿Vale? ¿Vale? ¿Vale? ¿Vale? ¿Vale? ¿Vale? ¿Vale? ¿Vale? ¿Vale? ¿Vale? ¿Vale? ¿Vale? ¿Vale? ¿Vale? ¿Vale? ¿Vale? ¿Vale? ¿Vale? ¿Vale? ¿Vale? ¿Vale? ¿Vale? ¿Vale? ¿Vale? ¿Vale? ¿Vale ¿Vale? ¿Vale? ¿Vale? ¿Vale? ¿Vale? ¿Vale? ¿Vale? ¿Vale? ¿Vale? ¿Vale? ¿Vale? ¿Vale? ¿Vale? ¿Vale? ¿Vale? ¿Vale? ¿Vale? ¿Vale? ¿Vale? ¿Vale? ¿Vale? ¿Vale? ¿Vale? ¿Vale? ¿Vale? ¿Vale? ¿Vale? ¿Vale? ¿Vale? ¿Vale? ¿Vale? ¿Vale? ¿Vale? ¿Vale? ¿Vale? ¿Vale? ¿Vale ¿Vale? ¿Vale? ¿Vale? ¿Vale? ¿Vale? ¿Vale? ¿Vale? ¿Vale? ¿Vale? ¿Vale? ¿Vale? ¿Vale? ¿Vale? ¿Vale? ¿Vale? ¿Vale? ¿Vale? ¿Vale? ¿Vale? ¿Vale? ¿Vale? ¿Vale? ¿Vale? ¿Vale? ¿Vale? ¿Vale? ¿Vale? ¿Vale? ¿Vale? ¿Vale? ¿Vale? ¿Vale? ¿Vale? ¿Vale? ¿Vale? ¿Vale? ¿Vale ¿Vale? ¿Vale ¿Vale? ¿Vale? ¿Vale? ¿Vale? ¿Vale? ¿Vale? ¿Vale? ¿Vale? ¿Vale? ¿Vale? ¿Vale? ¿Vale? ¿Vale? ¿Vale? ¿Vale? ¿Vale? ¿Vale? ¿Vale? ¿Vale? ¿Vale? ¿Vale? ¿Vale? ¿Vale? ¿Vale? ¿Vale? ¿Vale? ¿Vale? ¿Vale? ¿Vale? ¿Vale? ¿Vale? ¿Vale? ¿Vale? ¿Vale? ¿Vale? ¿Vale? ¿Vale ¿Vale? ¿Vale? ¿Vale? ¿Vale? ¿Vale? ¿Vale? ¿Vale? ¿Vale? ¿Vale? ¿Vale? ¿Vale? ¿Vale? ¿Vale? ¿Vale? ¿Vale? ¿Vale? ¿Vale? ¿Vale? ¿Vale? ¿Vale? ¿Vale? ¿Vale? ¿Vale? ¿Vale? ¿Vale? ¿Vale? ¿Vale? ¿Vale? ¿Vale? ¿Vale? ¿Vale? ¿Vale? ¿Vale? ¿Vale? ¿Vale? ¿Vale? ¿Vale ¿Vale? ¿Vale? ¿Vale? ¿Vale? Mira, esto, esto lo explicaré, ¿eh? Esto lo explicaré, porque me parece bestial.",
        "kind": "online_video",
        "file_number": "12",
        "filename": "3 5 Impuestos IVA-wav.json",
        "url": "https://www.youtube.com/watch?v=P5uP4l9Fabo&t=399s",
        "source": "3 5 Impuestos IVA-wav"
    },
    {
        "number": 6,
        "timestamp_start": "00:07:58,000",
        "timestamp_end": "00:09:22,480",
        "text": "La economía sumergida es un concepto importante en macroeconomía. Se refiere a todas aquellas actividades económicas que no son declaradas a las autoridades fiscales, es decir, que no se registran ni se pagan impuestos sobre ellas. En el texto se menciona un ejemplo con un chiringuito de playa, donde el dueño no declara los ingresos obtenidos por la venta de paellas y cervezas, lo que se convierte en dinero negro o fraude fiscal. \n\nEn España, el fraude del IVA se estima entre el 20% y el 30%, lo que representa una cantidad significativa de dinero que no ingresa a las arcas del Estado. Para combatir la economía sumergida, las autoridades fiscales implementan medidas para controlar y prevenir estas prácticas ilegales. \n\nEs fundamental para la estabilidad económica de un país combatir la economía sumergida, ya que afecta negativamente a la recaudación de impuestos, al sistema financiero y a la equidad en la distribución de la riqueza.",
        "old_text": "Bueno, ¿entendéis? Un chiringuito de playa. ¿Cuántas veces habéis ido a un chiringuito de playa? ¿Os habéis tomado una paellita con tres birras con los colegas y le pides la cuenta al tipo, ¿no? Y el tipo viene y te dice, son 63 euros, ¿no? Y dices, ah, vale. Hazme un ticket. Y el tío coge un papelito como el que tiene Albert, ¿no? Te pone tres. Tres birras, la paellita, tres cafés, no sé qué, 63 euros, crack, sellos, ¿no? Chiringuito, Montfort. Eso, eso es lo mismo que darte un trozo de papel de váter, ¿vale? No sirve para nada, para nada, para nada, ¿vale? ¿Qué ocurre? Que eso se convierte en qué? En economía sumergida, porque esa actividad, no existe la paella, ¿entendéis? No existe en las cervezas, no existe nada. Por lo tanto, ese tío, ¿qué hace con esa paella? Se pone en el bolsillo. De golpe eso se convierte en dinero negro, ¿no? De hecho, el dinero negro es aquel dinero que tú no puedes justificar una actividad económica por el cual tú lo has conseguido. Economía sumergida. ¿Ves? Entonces, hay toda una serie de sectores donde es muy fácil que eso ocurra, ¿no? En España se calcula que el fraude del IVA, claro, seguro que acierta, ¿no? Entre el 20 y el 30%. ¿No? Es gordo, ¿eh? Es un fraude importante, ¿no? Entonces, Hacienda, queriendo que eso no ocurra, dijo, un momento, un momento, un momento. Hace tantos años, esto hace 30 años, ¿qué lo dijo? Dijo, a ver, a ver.",
        "kind": "online_video",
        "file_number": "12",
        "filename": "3 5 Impuestos IVA-wav.json",
        "url": "https://www.youtube.com/watch?v=P5uP4l9Fabo&t=478s",
        "source": "3 5 Impuestos IVA-wav"
    },
    {
        "number": 7,
        "timestamp_start": "00:09:22,480",
        "timestamp_end": "00:10:59,040",
        "text": "La estimación objetiva singular, también conocida como pagar por módulos, es un método utilizado en algunos sectores para el cálculo de impuestos. Bajo este sistema, no importa cuánto factures, sino que debes realizar una liquidación del IVA y del IRPF cada cierto periodo de tiempo, por ejemplo, cada 3 meses. Aunque Hacienda requiere que se presente una lista de las facturaciones realizadas, en realidad lo que busca es recibir el monto establecido, en este caso, los 3.000 euros. A pesar de esto, algunas personas continúan engañando al fisco al no presentar la lista real de facturación, por temor a posibles consecuencias en el futuro. Es importante tener en cuenta que existen límites para poder acogerse a este sistema, por ejemplo, si se superan los 120.000 euros en ganancias y facturación, ya no es posible optar por la estimación objetiva singular.",
        "old_text": "Señores susceptibles de poderme defraudar, ¿vale? Baretos, autónomos, etcétera, etcétera. Vamos a hacer una cosa, ¿vale? ¿Tú tienes un bar? Vale. ¿Y dónde lo tienes? En Barcelona, vale. ¿Y cuántas mesas tienes? 15. Vale. ¿Tienes una terraza? Sí. ¿10 mesas? Vale. ¿Y dónde lo tienes? Y... ¿Dónde lo tienes? ¿Cuántos camaleones tienes? 5. Vale. ¿Y cuántos consumos tienes de kilovatios hora, no? Al mes. ¿Tanto? Vale. ¿Y cuántos metros cuadrados tienes? ¿Tanto? Vale, pues... ¿Cómo te atreves a decirme que facturas 600 euros al mes? Vamos a hacer una cosa, factura o que te rote. A mí me importa un bledo que tú factures. Pero me vas a pagar, cada 3 meses me vas a liquidar 3.000 euros. Eso se llama estimación objetiva singular. Según lo que suena, ¿eh? Pagar por módulos. Eso es pagar por módulos. Entonces, hay una serie de sectores que se paga por módulos. Es decir, me importa un bledo que tú factures, pero cada 3 meses vas a hacer una liquidación del IVA y del IRPF. ¿Vale? O sea, Hacienda te pide que tú le hagas una lista de lo que has facturado. Pero le importa un bledo si le engañas. Lo que quiere es que le des los 3.000 euros. Así y todo, la gente sigue engañando, ¿eh? O sea, no le da la lista de verdad. Porque tiene miedo que cualquier día les diga: \"Has acabado de los módulos, págame lo que me decías\". Entonces, la gente sigue haciendo cosas de estas. Hay límites, ¿eh? Hay sectores, por ejemplo, si tú ganas y facturas más de 120.000 euros, no puedes entrar por módulos.",
        "kind": "online_video",
        "file_number": "12",
        "filename": "3 5 Impuestos IVA-wav.json",
        "url": "https://www.youtube.com/watch?v=P5uP4l9Fabo&t=562s",
        "source": "3 5 Impuestos IVA-wav"
    },
    {
        "number": 8,
        "timestamp_start": "00:10:59,040",
        "timestamp_end": "00:12:41,920",
        "text": "Pagar por módulos es una forma de tributación que se utiliza en algunos países, como en Andorra, donde se establece un impuesto fijo para ciertos sectores económicos. Esta modalidad de pago ha generado controversia, ya que se considera que puede fomentar el fraude fiscal al ofrecer una ventaja impositiva considerable a quienes optan por este sistema. A lo largo de los años, se ha buscado educar a los contribuyentes sobre la importancia de cumplir con sus obligaciones fiscales, pero en ocasiones, esta medida ha perdido su efectividad al convertirse en una forma de eludir impuestos de manera legal. En el caso concreto de España, se plantea la necesidad de eliminar este sistema de tributación para evitar posibles situaciones de evasión fiscal y garantizar una mayor equidad en el sistema impositivo.",
        "old_text": "¿Vale? Si tú realmente facturas más de 120.000... Entonces, hay gente que factura 110.000. Que le encanta mogollón, ¿no? Quiero que entendáis una cosa. Pagar por módulos es licencia para defraudar. Es el chollo más grande del mundo. ¿Vale? Quien paga por módulos tiene un chollo absoluto. No tiene ningún sentido que esto sea así. Se empezó a hacer que la gente pagase por módulos para educar a la gente. Pero llevamos 30 años educando a la gente. Ya todos somos conscientes de que el tío que no paga impuestos es un chorizo. Mucho cuidado. Lo hemos entendido, ¿no? Que si tú no estás pagando, estoy pagando yo por ti. Por lo tanto, ¿de qué vas? ¿Entendéis? Yo qué sé, por ejemplo, en estos momentos en Andorra, desde hace unos años, se ha establecido una ley. Una especie de IVA que se llama ISI, ¿vale? Que es del 4,5% y se hace pagar por módulos a la gente. ¿Por qué? Porque se intenta educar a los empresarios andorranos que hasta ahora no pagaban nada, que han de pagar. Pero cuando ya se han educado ya no tiene ningún sentido porque es un chollo. ¿Entendéis? Entonces, en España eso se tendría que eliminar, pero ya. Pero no se elimina. Pero siempre es confiado, ¿no? Que me lo hacen un chollo. Que no esté contento porque paga módulos. No conozco a nadie, ¿eh? Sí, sí, sí, es claro. Porque los módulos, fíjate, ¿eh? Ha habido épocas que un módulo se ha multiplicado, o sea, se ha subido el 200%.",
        "kind": "online_video",
        "file_number": "12",
        "filename": "3 5 Impuestos IVA-wav.json",
        "url": "https://www.youtube.com/watch?v=P5uP4l9Fabo&t=659s",
        "source": "3 5 Impuestos IVA-wav"
    },
    {
        "number": 9,
        "timestamp_start": "00:12:41,920",
        "timestamp_end": "00:14:05,800",
        "text": "El fraude del IVA es un tema complejo que puede presentarse en diferentes países con tasas impositivas diversas. Por ejemplo, en Italia, durante cierta época, era común que al realizar una compra en una panadería, se solicitara el ticket de compra como medida de control para evitar el fraude fiscal. En este contexto, la evasión fiscal podía acarrear consecuencias tanto para el consumidor como para el establecimiento comercial. \n\nEs importante destacar que el Impuesto sobre el Valor Añadido (IVA) varía de un país a otro en Europa, siendo Dinamarca uno de los países con una tasa más alta, llegando al 25%, mientras que Luxemburgo tiene una tasa más baja, en torno al 12 o 15%. Esta heterogeneidad en las tasas de IVA puede generar diferencias significativas en la tributación y en las estrategias de evasión fiscal en cada país. \n\nEn el ámbito internacional, la evasión fiscal y el fraude del IVA son temas de relevancia en la economía global, ya que impactan en la recaudación de impuestos, en la distribución de la riqueza y en la estabilidad de los sistemas fiscales. Por tanto, es fundamental implementar medidas efectivas para prevenir y combatir estas prácticas fraudulentas, garantizando así la equidad y transparencia en el sistema tributario.",
        "old_text": "Que dices, ostras, no lo aguantarán. Y no ha pasado nada. ¿Vale? Por lo tanto... Claro. ¿Cómo evitar el fraude del IVA? Es complejo, ¿no? Es muy complejo, ¿no? Entonces, yo os cuento mi experiencia, ¿no? Yo estuve viviendo en Italia, ¿no? Trabajando en Italia y vivía en Italia, ¿no? Y en la época que yo vivía, tú, por ejemplo, te ibas a una paredería, comprabas una barra de pan y tenías que pedir el ticket. Lo tenías que pedir. Entonces, tú salías a la calle y tenías que pagar el ticket durante un rato. Porque podía ocurrir que de golpe apareciera un tío y te dijera el ticket. Y si tú no llevabas el ticket era un puro que te cagas para ti y para la panadería, ¿no? Entonces, claro, ocurría que tú siempre estabas consciente que tenías que pedir el ticket, pero a veces ocurría que tú te ibas a tomar un café y no habías pedido el ticket, ¿no? Y claro, salías a la calle, ¿no? Ibas asustado, ¿no? Claro, no mola, ¿veis? Esto es un estado policial. No mola para nada, ¿no? Entonces, yo encontré un agente que se les ocurrió una idea genial, ¿no? Que es... Bueno, aquí tenéis el IVA para 200 países en Europa. Claro, es un IVA súper... ...heterogéneo, ¿no? ¿Veis? Hay países como Dinamarca que es el 25%, ¿no? Pero hay países que Luxemburgo es el 12 o el 15, ¿no? Bueno, es una cosa rara, ¿no? Fijaros. Esto es en Shanghái, ¿no? En la provincia de Shanghái, ¿no? Y se les ocurrió...",
        "kind": "online_video",
        "file_number": "12",
        "filename": "3 5 Impuestos IVA-wav.json",
        "url": "https://www.youtube.com/watch?v=P5uP4l9Fabo&t=761s",
        "source": "3 5 Impuestos IVA-wav"
    },
    {
        "number": 10,
        "timestamp_start": "00:14:05,800",
        "timestamp_end": "00:15:52,640",
        "text": "La idea del rasca y gana es utilizada como una metáfora para explicar la importancia de tener una factura en el sistema económico. Al igual que al raspar un boleto se puede obtener un premio, al tener una factura se tiene la posibilidad de obtener beneficios. En este caso, se menciona que el gobierno de la provincia de Shanghái implementa un sistema donde al rascar una factura se puede ganar una cantidad de dinero o algún otro premio. Esto tiene como objetivo incentivar a la población a solicitar facturas, lo cual ayuda a combatir el fraude del IVA. Aunque el control de las facturas pueda representar un costo para el Estado, los beneficios obtenidos superan ampliamente este gasto. Es importante destacar que tener una factura es fundamental para participar en esta especie de lotería fiscal, lo que demuestra la creatividad y la innovación en las políticas económicas implementadas.",
        "old_text": "¿Tú sabes leer chino o no? ¿Sabes leer, eh? Guay. Porque esto es un rasca y gana. ¿Vale? La idea es rasca y gana. Entonces... Tú me deberías traducir cosas, porque si no, yo no sé dónde está el rasca y gana, ¿no? ¿Esto puede ser el rasca y gana? Pues es la factura. Vale. ¿No? Esto lo sé leer yo, ¿eh? Escrito. Vale. ¿En algún lado puede ser esto, entonces? ¿O esto? En algún lado debe ser esto, ¿eh? ¿O esto de aquí? ¿Esto es Shanghái? Claro, esto es Shanghái. Bueno, en algún lado tendría que haber... Que yo creo que debe ser esto. Tú rascas... De golpe tú rascas, te sale un código y te tocan 600 euros. ¿Vale? O te toca, yo qué sé, un reloj. O te toca lo que sea, ¿no? Es un poco la lotería, ¿no? Pero lo que es evidente es que... Lo que es evidente es que tú quieres una factura. Porque con la factura vas a rascar y puedes ganar algo. ¿Veis? Claro, eso le cuesta al Estado, ¿no? Al Estado de la provincia, al gobierno de la provincia de Shanghái, esto le cuesta una pasta, porque tiene que controlar las facturas. Pero da igual. Gana mucha más pasta que lo que le cuesta esto, ¿no? Es una fórmula imaginativa, creativa, divertida. Y los chinos, que no sé si es verdad, ¿no? Que tienen fama de que les gusta mucho jugar, pues claro, el gobierno les ofrece el juego, ¿no? Genial, ¿entendéis? ¿Vale? Es una forma de evitar el fraude del IVA.",
        "kind": "online_video",
        "file_number": "12",
        "filename": "3 5 Impuestos IVA-wav.json",
        "url": "https://www.youtube.com/watch?v=P5uP4l9Fabo&t=845s",
        "source": "3 5 Impuestos IVA-wav"
    }
]