[
    {
        "number": 1,
        "timestamp_start": "00:00:00,000",
        "timestamp_end": "00:03:41,300",
        "text": "El impuesto sobre el patrimonio es un tributo que grava el patrimonio de las personas. Este impuesto se calcula sobre el valor total de los bienes y derechos de una persona, restando las deudas y obligaciones. Es importante en la recaudación de fondos para el Estado y suele aplicarse a aquellos contribuyentes cuyo patrimonio supera un cierto umbral establecido por la ley.",
        "old_text": "¿Qué es el impuesto sobre el patrimonio? ¿Qué es el impuesto sobre el patrimonio? ¿Qué es el impuesto sobre el patrimonio? ¿Qué es el impuesto sobre el patrimonio? ¿Qué es el impuesto sobre el patrimonio? ¿Qué es el impuesto sobre el patrimonio? ¿Qué es el impuesto sobre el patrimonio? ¿Qué es el impuesto sobre el patrimonio? Gracias.",
        "kind": "online_video",
        "file_number": "13",
        "filename": "3 6 Otros impuestos-wav.json",
        "url": "https://www.youtube.com/watch?v=CSlr_5KHa34&t=0s",
        "source": "3 6 Otros impuestos-wav"
    }
]