[
    {
        "number": 1,
        "timestamp_start": "00:00:00,000",
        "timestamp_end": "00:01:46,180",
        "text": "La presión fiscal es un concepto clave en macroeconomía que nos permite entender cuánto pagamos en impuestos en relación con la riqueza que generamos. Se calcula como la suma de los impuestos pagados, tanto por cotizaciones a la seguridad social como por impuestos, dividido por el Producto Interno Bruto (PIB) del país. En España, la presión fiscal ha variado en los últimos años. En 2007, era del 37%, pero al año siguiente cayó al 30%. Es importante destacar que esta disminución no se debió a una reducción de impuestos, sino a una caída en el PIB que fue menor que la recaudación. Esto se debió a factores como despidos masivos, disminución del consumo y otros efectos de la crisis económica. Es fundamental comprender que la presión fiscal no siempre está relacionada con cambios en las tasas impositivas, sino que también puede influir la actividad económica del país.",
        "old_text": "¿Pagamos o no pagamos mucho dinero en España de impuestos? Vamos a ver este concepto. El concepto, para que entendamos bien la historia, para que comparamos países, se hace a través de un concepto que se llama la presión fiscal. La presión fiscal es lo que pagamos por impuestos dividido por el PIB. Es decir, lo ricos que semos respecto a lo que pagamos, podríamos decir. Lo que yo pago, lo que pagamos todos, por cotizaciones a la sociedad social, más el pago por impuestos dividido por la riqueza que generamos cada año. Es un buen índice. En principio dices, ya me parece bien que eso sea la forma de medir la presión fiscal que hay en un país. ¿Qué presión fiscal tenemos en España? Fijaros, que es curioso. ¿Vale? ¿Eh? ¿Qué era en el 2007 el 37%? ¿Ok? ¿Y de golpe? En un año cayó al 30%. ¡Ah! ¡Qué pasada! ¿Cayeron los impuestos? ¿Qué es una pasada? ¿Rebajaron los impuestos en España? ¡No! ¡No! Cayó la presión fiscal. Es que eso es muy importante entenderlo, ¿no? Porque hay gente que piensa que no, que han caído mogollón los impuestos. No es cierto, los impuestos siguen siendo los mismos. ¿Qué ha ocurrido? Que el PIB ha caído, pero menos que la recaudación. ¿Entendéis? Porque en el momento en que cayó el PIB, ¿vale? Empezaron a despedir a mogollón de gente, que dejaron de pagar, consideración de la salud social, cayó el consumo en picado, etcétera, etcétera. Es tan fuerte como lo que vais a ver ahora, que a mí me parece una pasada.",
        "kind": "online_video",
        "file_number": "14",
        "filename": "3 7 Presión fiscal-wav.json",
        "url": "https://www.youtube.com/watch?v=H8K6iy1yBks&t=0s",
        "source": "3 7 Presión fiscal-wav"
    },
    {
        "number": 2,
        "timestamp_start": "00:01:46,180",
        "timestamp_end": "00:02:49,660",
        "text": "La recaudación de impuestos entre el 2007 y el 2011 ha caído casi un 50%. Es fundamental comprender esta situación, ya que impacta en la percepción de la existencia de un fraude fiscal en España y en la crisis económica. La disminución en la recaudación se debe a la reducción en el pago del Impuesto sobre la Renta de las Personas Físicas (IRPF) y del Impuesto sobre el Valor Añadido (IVA) debido a la caída en el consumo. Es importante destacar que esta disminución no necesariamente indica un aumento en el fraude fiscal por parte de las empresas españolas. La percepción generalizada de que en España existe un alto nivel de fraude fiscal puede no corresponder con la realidad. Cabe mencionar que, si bien en países como Suecia la situación es diferente, cada contexto tiene sus particularidades.",
        "old_text": "Mirad, la recaudación de impuestos entre el 2007 y el 2011 ha caído casi un 50%. Y eso es muy importante. Es muy importante que lo sepáis, porque la gente que habla por ahí, yo voy a conferencias que hay gente que habla de que hay un fraude bestial en España de impuestos, de que hay crisis económica. Porque es verdad que la recaudación ha caído mogollón. Entonces, acto seguido, el tipo que está dando la conferencia te dice las empresas españolas están defraudando muchísimo más que antes. ¡No! Lo siento, no tienes ni idea, tío, de lo que estás diciendo. Lo que ha ocurrido es que lo estamos sufriendo mogollón, por lo tanto, yo ya no pago tanto IRPF. El consumo ha caído en picado, por lo tanto, el IVA también ha caído en picado, etcétera, etcétera. No hay más fraude fiscal. La cantidad de fraude fiscal que hay en España... La cantidad, ¿no? ¿Lo veis? Es otra intuición que tenemos todos, ¿no? Que en España todo ha habido fraude. Pues parece ser que no. Claro, es verdad que en Suecia, lo de Suecia es bestial, ¿no? Pero claro, los suecos son suecos, ¿eh?",
        "kind": "online_video",
        "file_number": "14",
        "filename": "3 7 Presión fiscal-wav.json",
        "url": "https://www.youtube.com/watch?v=H8K6iy1yBks&t=106s",
        "source": "3 7 Presión fiscal-wav"
    }
]