[
    {
        "number": 1,
        "timestamp_start": "00:00:00,000",
        "timestamp_end": "00:02:04,280",
        "text": "Los presupuestos son un elemento fundamental en la gestión económica de un país. Se refieren a la planificación de los ingresos y gastos del gobierno. Cuando los ingresos son iguales a los gastos, se habla de un presupuesto equilibrado. Si los ingresos son inferiores a los gastos, se produce un déficit público, lo cual implica que el gobierno debe recurrir a la deuda para cubrir la diferencia. Por otro lado, si los ingresos son superiores a los gastos, se genera un superávit público, lo que significa que el gobierno tiene excedente de recursos.\n\nEn el caso de España, actualmente se enfrenta a un importante déficit público, el cual se ha originado principalmente por la caída de los ingresos en los años recientes. Es importante destacar que este déficit no se debe a un aumento desmedido de los gastos, sino a una disminución significativa de los ingresos. Esta situación ha llevado a que el gobierno se endeude emitiendo deuda pública, como bonos del tesoro u obligaciones.\n\nEs relevante mencionar que la evolución de la deuda pública en España ha sido significativa en los últimos años. En el 2008, el país se encontraba entre los menos endeudados de la Unión Europea, pero debido a la crisis económica y a la caída de los ingresos, la deuda ha aumentado considerablemente. Se proyecta que para el 2014, la deuda pública española alcance el 100% del PIB, lo cual representa un desafío importante para la economía del país.",
        "old_text": "¿Qué son los presupuestos? 1 al 7. Curioso, fijaros, curioso. No existe el capítulo 5 de gastos. No existe. No es que alguien se haya olvidado. No, no, no existe el capítulo 5. No sé por qué, pero no existe. Antes de hacer algo lo eliminaron. No sé qué es. Entonces, si los ingresos son iguales a los gastos del 1 al 7, del 1 al 7, tenemos el presupuesto equilibrado. Si los ingresos son inferiores a los gastos, déficit público. Si los ingresos son superiores a los gastos, superávit público. En estos momentos tenemos un déficit público importante en España. Pero quiero que veáis lo siguiente. Ese déficit público viene ocasionado por la caída de los ingresos. No porque nos hemos vuelto locos gastando. Lo que ocurrió, a ver si lo podemos ver, aquí lo veis. Lo que ocurrió es que en el 2009 y en el 2008 fue heavy, pero fijaos que hasta el 2008 ya hemos tenido superávit público. Y en el 2009 los ingresos cayeron en picado, en picado, en picado. Y eso nos generó un déficit público absolutamente increíble. Ese déficit público provocó que no nos quedaba más remedio que endeudarnos, emitir deuda pública. Los bonos del tesoro, las obligaciones, todo tenéis en los apuntes. Y nos empezaron a cobrar los intereses tan bestias, tan bestias, tan bestias, que quiero que veáis esto. En el 2008 éramos los países menos endeudados de la Unión Europea. En estos momentos nuestra deuda, esto es mentira, ¿vale? Estamos ya en el 92 y parece ser que en el 2014 llegaremos al 100%.",
        "kind": "online_video",
        "file_number": "15",
        "filename": "3 8 Presupuestos Financiación-wav.json",
        "url": "https://www.youtube.com/watch?v=pB8uerCmz_c&t=0s",
        "source": "3 8 Presupuestos Financiación-wav"
    },
    {
        "number": 2,
        "timestamp_start": "00:02:04,280",
        "timestamp_end": "00:03:25,700",
        "text": "El Estado español no se ha puesto a gastar de forma descontrolada, sino que se debe a los intereses que se nos están cobrando sin razón de ser. Esto resalta la importancia del gasto público, donde el Estado representa el 22% del total del gasto, la Seguridad Social el 32%, las comunidades autónomas el 34% y los ayuntamientos el 12%. La balanza fiscal es un tema relevante en el cual se discute si algunas regiones, como Cataluña, están siendo expoliadas. En el año 2004, y probablemente en la actualidad, la diferencia entre lo que aporta una comunidad y lo que recibe es significativa. Por ejemplo, en el caso de Madrid, aporta más que Cataluña.",
        "old_text": "Pero no es por culpa de que el Estado español se haya puesto como loco a gastar. ¿Vale? Es porque nos están cobrando los intereses que no tienen razón de ser. Simplemente es esa la razón. ¿Vale? ¿Ok? Y ahora, bueno, esto es para que veáis un poco la importancia del gasto. ¿Ves? Esto es el Estado, 22% del total del gasto. Seguridad Social, el 32%. Las comunidades autónomas, el 34%. Y los ayuntamientos, el 12%. Y ya así muy rápido, muy rápido, muy rápido, es para que veáis algo que os gustará o no. ¿Vale? ¿Qué es esto? La famosa balanza fiscal, ¿no? Os están expoliando en Cataluña, ¿no? Eso es lo que va diciendo por ahí todo Dios, ¿no? Os están expoliando, estáis dando un bollón de pasta al resto de España y España nos da la pasta y todo estos rollos, ¿no? Veamos si es verdad o no es verdad. Este es el 2004, pero os aseguro que ahora sería lo mismo, ¿vale? Más o menos es lo mismo, ¿vale? La última balanza fiscal publicada que yo tengo es del 2005 y los números son muy parecidos, ¿no? Entonces, primero de todo, primero de todo, esto es la diferencia entre lo que aporta vuestra comunidad, ¿vale? En su conjunto, ¿vale? Lo que aporta vuestra comunidad en su conjunto y a cambio lo que recibe. Hay una diferencia, ¿no? De cantidad de dinero, ¿no? Esa es la diferencia, ¿no? Entonces, primera reflexión, primera reflexión. Madrid aporta más que Cataluña.",
        "kind": "online_video",
        "file_number": "15",
        "filename": "3 8 Presupuestos Financiación-wav.json",
        "url": "https://www.youtube.com/watch?v=pB8uerCmz_c&t=124s",
        "source": "3 8 Presupuestos Financiación-wav"
    },
    {
        "number": 3,
        "timestamp_start": "00:03:25,700",
        "timestamp_end": "00:06:01,840",
        "text": "Lamento decir que el texto proporcionado no tiene sentido ni relación con el tema de macroeconomía. Por lo tanto, no puedo generar un extracto coherente para un libro de texto de macroeconomía en español de España. ¿Hay algo más en lo que pueda ayudarte?",
        "old_text": "Me sabe mal, pero es así, ¿vale? Madrid aporta bastante más que Cataluña. Muy bien, vale. Déjame acabar y después ya te haré hablar. Hombre, porque eso implica que eso está totalmente desestructurado este estado, ¿lo veis? No puede ser, ¿no? Que tiremos de cuatro. No puede ser, ¿no? Tercera reflexión. ¿Sois realmente tan solidarios? Lo tendríamos que vivir por el número de habitantes, ¿no? ¿No? Si lo dimos por el número de habitantes, colegas, baleares somos el doble de solidarios que vosotros. El doble, ¿vale? Y no vamos por ahí diciendo que nos robáis pasta. Los extremeños, que nos robáis pasta, no sé. No decimos nada de todo esto, ¿no? También es verdad que en Baleares hay mucho facha, ¿no? Y tampoco quien dice nada, ¿no? Pero que os quede claro, ¿no? ¿Vale? Que si alguien es solidario, si alguien de verdad es solidario, mucho más solidario, el doble que vosotros, somos nosotros en Baleares. ¿Vale? Vale, Marc, va, y rápido. ¿Qué es lo que no es verdad? A la aeropuerta de Barcelona, por ejemplo, no porta ni bols a la segunda. Basta, basta. Pero sí que es verdad que ha cambiado mucho la cosa. Porque, por ejemplo, lo que salió antes de ayer, que salió en la vanguardia, que lo que el Estado va a entregar este año a Cataluña es como casi la mitad de lo que entregaba el resto de años. ¿Qué pasa en Madrid? Pensad lo que os pase por las narices vosotros con vosotros, ¿no? ¿Vale? Pero que esto no me lo he inventado.",
        "kind": "online_video",
        "file_number": "15",
        "filename": "3 8 Presupuestos Financiación-wav.json",
        "url": "https://www.youtube.com/watch?v=pB8uerCmz_c&t=205s",
        "source": "3 8 Presupuestos Financiación-wav"
    },
    {
        "number": 4,
        "timestamp_start": "00:06:01,840",
        "timestamp_end": "00:06:49,500",
        "text": "La palabra \"honor\" no me la he inventado. Olvídate de decir que no tenemos tiempo, nos tenemos que ir. PIB per cápita. Piénsalo, te juro que sirve. Si queréis, el próximo día hablaremos cinco minutos de la balanza fiscal. Os la miráis que la tenéis colgada, ¿vale? Os la miráis y lo pensáis vosotros, ¿no? Luego, si os miráis más cosas, que yo os he colgado más cosas pero no tengo tiempo de explicaros, ahí tenéis una alegría para vosotros. Pero no os la quiero enseñar ahora porque nos tenemos que ir. Pero os la miráis y esto es una alegría para vosotros. Nos vamos.",
        "old_text": "Palabra honor que no me lo he inventado. Olvídate ahora de decirte a Imelilla que no tenemos tiempo, nos tenemos que ir. Kilian. Habitantes. Habitantes, habitantes. ¿Cómo que no sirve de nada? PIP per cápita. ¿Cómo que no sirve de nada? Kilian, piénsalo. Te lo juro que sirve. Piénsalo, piénsalo, piénsalo. Si queréis, el próximo día... El próximo día hablaremos cinco minutos de la balanza fiscal. Os la miráis que la tenéis colgada, ¿vale? Os la miráis y lo pensáis vosotros, ¿no? Luego, bueno, si os miráis más cosas, que yo os he colgado más cosas pero no tengo tiempo de explicaros, ahí tenéis una alegría para vosotros, ¿vale? Pero no os la quiero enseñar ahora porque nos tenemos que ir, ¿vale? Pero os la miráis y esto es una alegría para vosotros. Bueno, y esto da igual. Vale, nos vamos.",
        "kind": "online_video",
        "file_number": "15",
        "filename": "3 8 Presupuestos Financiación-wav.json",
        "url": "https://www.youtube.com/watch?v=pB8uerCmz_c&t=361s",
        "source": "3 8 Presupuestos Financiación-wav"
    }
]