[
    {
        "number": 1,
        "timestamp_start": "00:00:00,000",
        "timestamp_end": "00:01:14,260",
        "text": "En el tema 4 de macroeconomía se aborda la comparación entre países en términos de bienestar y calidad de vida. Para ello, se introduce el concepto de producto nacional, que se define como el valor monetario de los bienes y servicios producidos en un país en un periodo de tiempo determinado, generalmente un año. Esta medida permite comparar la capacidad de producción de un país con respecto a otro, considerando que aquel que sea capaz de fabricar más bienes y servicios se considera más potente en términos económicos.",
        "old_text": "Lo que hemos buscado en el tema 4 es hablar de conceptos que nos permitan, por decirlo de algún modo, comparar países. Es decir, ¿cómo podemos decir que no sé dónde se vive mejor que no sé dónde y que el bienestar en no sé dónde es más alto que no sé dónde? Esa sería la primera idea. El primer problema que tenemos es cómo medir, no sé cómo decirlo, la calidad de vida, pero es que tampoco es del todo cierto. ¿Cómo comparar los países? La primera idea que se les ocurrió es decir, bueno, vamos a hacer una cosa. Un país que sea capaz de fabricar más bienes y servicios que otro país es que ese país es más potente. El primer enfoque que tiene es este. Y entonces definieron un concepto que es el producto nacional. Que sería el valor monetario de los bienes y servicios que se fabrican en un periodo de tiempo que es un año.",
        "kind": "online_video",
        "file_number": "16",
        "filename": "4 1 Concepto Producto Nacional-wav.json",
        "url": "https://www.youtube.com/watch?v=lfJcnY8QH4c&t=0s",
        "source": "4 1 Concepto Producto Nacional-wav"
    }
]