[
    {
        "number": 1,
        "timestamp_start": "00:00:00,000",
        "timestamp_end": "00:01:36,680",
        "text": "El Producto Nacional Bruto (PNB) es el valor monetario de todos los bienes y servicios producidos en un país durante un período de tiempo, generalmente un año. Este valor puede aumentar por dos motivos principales. Uno de ellos es el aumento real en la producción de bienes y servicios. El otro motivo es el aumento de los precios, lo que también incrementa el valor del PNB. Es importante tener en cuenta que si el valor del PNB aumenta solo debido a un aumento en los precios, no necesariamente significa un crecimiento real de la economía.\n\nAl referirnos al Producto Interno Bruto (PIB) de un país, estamos hablando de la suma del valor monetario de todos los bienes y servicios finales producidos en ese país en un período determinado. Es importante destacar que al calcular el PIB, no se deben incluir los bienes intermedios, es decir, aquellos productos que se utilizan como insumos para la producción de otros bienes. Esto se debe a que incluir los bienes intermedios llevaría a una duplicación en la medición del valor de la producción, lo cual distorsionaría el cálculo del PIB.",
        "old_text": "...nacional, ¿no? Que sería el valor monetario de los bienes y servicios que se fabrican en un periodo de tiempo que es un año. ¿Qué ocurre con este valor? Que este valor puede aumentar por dos motivos, por dos. Uno es porque realmente ha aumentado la producción de bienes y servicios, pero hay otro motivo. Y es que, ¿y si aumentan los precios? También aumenta el valor del producto nacional. Y no es verdad que has crecido. ¿Vale? Entonces, esa idea es importante tenerla en cuenta. Porque, claro, cuando nos dicen que... De ahí vamos a derivar al PIB, ¿eh? Pero ya lo haré, ¿no? Cuando nos dicen que el PIB en España va a crecer un 1% y el PIB se mide sumando el valor monetario de los bienes y servicios que se fabrican en España, no sabemos. No sabemos si vamos a crecer porque va a haber una inflación de un 1% y entonces ese valor monetario va a crecer un 1% o si realmente la producción va a aumentar en un 1%. No lo sabemos, ¿no? Entonces, ese es el primer problema. Otro problema que teníamos con el producto nacional es que a veces, al principio, también se metían lo que llamamos bienes intermedios. ¿Qué quiero decir con esto? Que, por ejemplo, pues tú sumabas la harina que se fabricaba y además sumabas las barras de pan que se fabricaban, ¿no? Claro, eso era un mal rollo. ¿Lo veis? Porque estabas sumando la harina dos veces. Entonces, la idea ahora es que sumas el valor monetario de los bienes y servicios finales.",
        "kind": "online_video",
        "file_number": "17",
        "filename": "4 2 Euros corrientes, euros constantes-wav.json",
        "url": "https://www.youtube.com/watch?v=Q0Ze09_DH9w&t=0s",
        "source": "4 2 Euros corrientes, euros constantes-wav"
    },
    {
        "number": 2,
        "timestamp_start": "00:01:36,680",
        "timestamp_end": "00:03:22,280",
        "text": "La idea principal que se presenta en el texto es la diferencia entre medir el producto nacional en euros corrientes y en euros constantes. \n\nCuando se habla de euros corrientes, no se tiene en cuenta la inflación, lo que puede llevar a equívocos en la interpretación de los datos. Por otro lado, al hablar de euros constantes, se tiene en cuenta la inflación, lo que permite una medición más precisa del crecimiento económico real de un país.\n\nPara ajustar el producto nacional a euros constantes y así eliminar el efecto de la inflación, se utiliza un indicador llamado deflactor del PIB. Al aplicar el deflactor del PIB, se obtienen los euros constantes, que reflejan el crecimiento real de la economía, descontando el efecto de la inflación.\n\nPor lo tanto, es importante tener en cuenta si los datos se refieren a euros corrientes o euros constantes al analizar el crecimiento económico de un país, ya que esto puede cambiar significativamente la interpretación de los resultados.",
        "old_text": "Solo los finales, ¿no? La harina no se fabrica. ¿Vale? Esta sería la idea. Para evitar y corregir el que el producto nacional te dé un equívoco, ¿no? Si te dicen que ha aumentado el producto nacional y eso sea debido a los precios, determinamos la siguiente idea. ¿Vale? Que hablaríamos de euros corrientes cuando no tenemos en cuenta la inflación. Y hablaríamos de euros constantes cuando tenemos en cuenta la inflación. ¿Qué quiero decir? Mirad. Vamos a ver este gráfico, ¿no? Esta es la evolución del producto nacional, ¿vale? De un país concreto. Y fijaros, ¿eh? En euros corrientes parece que este país haya ido creciendo. ¿No? Siempre ha crecido. Siempre, siempre, siempre. ¿Veis? Aquí se ha casi estabilizado, pero ha crecido un poco. Pero si ahora yo le saco a estos números, le saco el aumento de precios, ¿vale? Ese país, ¿veis? A partir de este año decrece. Esto cada vez es más pequeño. ¿Vale? Ese filtro, ese filtro de en cuanto ha aumentado los precios lo llamamos deflactor del PIB. ¿Vale? El deflactor del PIB. Entonces, si yo le aplico el deflactor del PIB. Si yo le aplico el deflactor del PIB, tendré lo que se llaman euros constantes. ¿Vale? Entonces, cuando a mí me dicen que hemos crecido o que el año que viene vamos a crecer un 1% en euros constantes, me están diciendo que vamos a crecer un 1%. Porque ya han descontado el valor de la inflación. ¿Lo veis? Pero si me dicen que vamos a crecer un 1% en euros corrientes, no me están diciendo nada.",
        "kind": "online_video",
        "file_number": "17",
        "filename": "4 2 Euros corrientes, euros constantes-wav.json",
        "url": "https://www.youtube.com/watch?v=Q0Ze09_DH9w&t=96s",
        "source": "4 2 Euros corrientes, euros constantes-wav"
    },
    {
        "number": 3,
        "timestamp_start": "00:03:22,280",
        "timestamp_end": "00:05:08,760",
        "text": "Los euros corrientes se refieren a los términos nominales, es decir, sin ajustes por inflación. Por otro lado, los euros constantes se refieren a los términos reales, es decir, ajustados por inflación. Es importante tener en cuenta la diferencia entre crecer en términos nominales y en términos reales, ya que esta última considera el efecto de la inflación. \n\nCuando se habla de crecimiento en euros constantes y se menciona la tasa de inflación, es necesario descontar el efecto de la inflación para obtener el crecimiento real. Por ejemplo, si se dice que el crecimiento en euros constantes será del 1% y la inflación es del 7%, el crecimiento real sería negativo, ya que se estaría decreciendo en un 6%. \n\nEl deflactor del PIB es una medida que se utiliza para ajustar el valor del PIB por los efectos de la inflación. A diferencia del IPC, que solo considera los bienes de consumo, el deflactor del PIB tiene en cuenta todos los bienes y servicios producidos en un país. Por lo tanto, el deflactor del PIB es una medida más amplia y completa para medir la inflación en una economía.",
        "old_text": "¿Vale? Euros corrientes también se dicen en términos nominales. ¿Vale? También lo dicen así. ¿Vale? Crecemos un 1% en términos nominales. No sabes nada. ¿Vale? Si te dicen en términos reales, entonces que estás creciendo ese 1%. ¿Vale? Entonces, si yo os digo que, por ejemplo, vamos a crecer un 1% en euros constantes y que la inflación va a ser de un 7%, te da igual. Ya lo has descontado. Me estás diciendo que en constantes no vas a crecer un 1%. Pues es que vas a crecer un 1%. Esa es la idea. ¿Vale? ¿Sí? Entonces, si yo os digo, por ejemplo, que, por ejemplo, yo qué sé, que el crecimiento en el país A va a ser de un 13% en euros corrientes, pero que la inflación es de un 20%, ¿cuánto vamos a crecer? Va a decrecer, ¿no? ¿Vale? Más o menos un 7%. Sí. Sí, ¿eh? Vale. ¿Hay alguna duda en esto? Es fácil, ¿no? Díganme. Sí. El deflactor es otra manera de medir la inflación, ¿os acordáis? ¿Vale? El IPC es una manera y el deflactor es otra mucho mejor que el IPC. Por eso hablamos del deflactor del PIB. ¿Vale? Porque el deflactor tiene en cuenta no solo los bienes de consumo, ¿no? Recordad, ¿eh? El IPC, ¿no? Índice de precios al consumo, ¿no? ¿Vale? Solo tiene en cuenta los bienes de consumo, mientras que el deflactor tiene en cuenta todo, todo, todo, todo. Esa sería la idea. Bueno, esto tendríais aquí un ejemplo, que no vale la pena que hablemos de él.",
        "kind": "online_video",
        "file_number": "17",
        "filename": "4 2 Euros corrientes, euros constantes-wav.json",
        "url": "https://www.youtube.com/watch?v=Q0Ze09_DH9w&t=202s",
        "source": "4 2 Euros corrientes, euros constantes-wav"
    }
]