[
    {
        "number": 1,
        "timestamp_start": "00:00:00,000",
        "timestamp_end": "00:01:58,780",
        "text": "El Producto Interior Bruto (PIB) es un indicador económico que refleja el valor monetario de todos los bienes y servicios producidos en un país durante un periodo determinado, generalmente un año. Se habla de \"bruto\" porque incluye tanto la inversión como el consumo, es decir, todos los componentes de la demanda agregada. En el caso de España, por ejemplo, la mayor parte del PIB suele estar compuesta por el consumo de los ciudadanos, que representa aproximadamente tres cuartas partes del total. \n\nPara calcular el PIB se utilizan diferentes enfoques, uno de ellos es el enfoque de la demanda, que se centra en lo que la gente consume. Por ejemplo, si una persona compra un coche, como en el caso de Mark que adquirió un Golf en enero de 2013 por 30.000 euros, ese gasto se considera parte del consumo y, por lo tanto, se incluirá en el cálculo del PIB de ese año. \n\nEs importante tener en cuenta que el PIB no solo se compone de consumo, sino también de la inversión, las exportaciones netas y el gasto público. Todos estos elementos se suman para obtener una visión global de la actividad económica de un país en un periodo de tiempo determinado.",
        "old_text": "¿Por qué lo del bruto? ¿Por qué? ¿Veis que siempre se habla de producto interior bruto? Producto nacional bruto, ¿no? ¿Qué es esto del bruto, no? Bruto es la inversión, claro, fijaros, ¿eh? Valor monetario de los bienes y servicios que fabricamos durante un periodo, ¿no? Durante un año. Vale. Vale, vale. Guay. ¿Y eso cómo lo sabemos? ¿Cómo se calcula? ¿Cómo lo calculan? Porque eso debe ser difícil, ¿no? Hay diversas maneras de calcularlo. Entonces, una, la primera que os voy a explicar es esta, a ver, es esto que veis aquí, ¿no? Fijaros, se dice que la producción, lo que se produce en un país, que se le llama, eso sería el enfoque de la demanda, ¿no? Fijaros, en cambio de PN, podríamos poner demanda agregada, pues sería todo lo que, toda demanda que hacemos, todo, todo, todo, todo, la gente que vive en España, ¿no? Entonces, básicamente ¿en qué pedimos? ¿Qué pedimos, básicamente, la gente? Consumo, ¿no? Queremos consumir bienes, ¿no? Vale, entonces, si esto es el PIB o el Producto Nacional, pues, tres cuartas partes será consumo, casi seguro, ¿vale? Porque lo que queremos es consumir la gente, ¿no? Uno trabaja para comprar cosas, ¿no? ¿Vale? Pero, claro, imaginaros que Mark se compró un coche en enero del 2013. Vamos a calcular el PIB del 2013, ¿vale? Ahí estará tu coche, ¿no? Como consumo estará tu coche, ¿no? ¿Qué te compraste? Era un Golf de estos guapos, ¿no? Y te costó, no sé qué valen, pero 30.000 euros.",
        "kind": "online_video",
        "file_number": "19",
        "filename": "4 4 Calculo del PIB-wav.json",
        "url": "https://www.youtube.com/watch?v=7Qb91ODueqQ&t=0s",
        "source": "4 4 Calculo del PIB-wav"
    },
    {
        "number": 2,
        "timestamp_start": "00:01:58,780",
        "timestamp_end": "00:03:36,720",
        "text": "La depreciación es un concepto importante en macroeconomía. Se refiere a la disminución del valor de un activo con el tiempo. Por ejemplo, si consideramos un coche, al salir de la tienda su valor disminuye significativamente. Esta disminución en el valor se debe a factores como el desgaste, la obsolescencia tecnológica, entre otros. \n\nEn el contexto del Producto Interno Bruto (PIB), es relevante considerar la depreciación de los activos fijos, como maquinaria, edificios, vehículos, entre otros. Esto se hace para tener una imagen más precisa de la producción real de un país, ya que no se puede considerar el valor total de un activo en un solo año, sino que se debe tener en cuenta su depreciación a lo largo del tiempo.\n\nEn el caso de los coches, por ejemplo, existen tablas y métodos para calcular la depreciación de estos activos. Sin embargo, en sectores como la electrónica, donde la innovación es constante, la depreciación puede ser más difícil de calcular debido a la rápida obsolescencia de los productos.\n\nEs importante tener en cuenta que la depreciación no solo afecta a los activos físicos, sino que también puede aplicarse a otros aspectos de la economía, como la moneda de un país. En resumen, la depreciación es un factor clave a considerar en el análisis macroeconómico para tener una visión más precisa de la realidad económica de un país.",
        "old_text": "¿Por cuánto lo valoramos? ¿Por 30.000 euros su Golf? ¿Qué vale su Golf ahora? Vale menos, ¿no? Al rollo. Vale menos. ¿Por qué? Se evalúa, no. Hablemos. ¿Qué le ocurre? ¿Y esta cómo se dice? ¿Eh? De viejo. No. Se deprecía. Porque ha habido una depreciación, ¿no? Y el valor quizás tampoco. No lo sé, no lo sé, no lo sé. Lo que es evidente es que ha habido una depreciación, ¿no? ¿Lo veis? debería contar, no lo que te costó a ti, sino lo que va a valer al final del año 2013, ¿no? Cuando yo calculo el PIB del 2013. Pero claro, con un coche es relativamente fácil, ¿no? Porque el PIB del 2013 es un PIB de un coche, ¿no? Y el PIB del 2013 es un PIB de un coche, ¿no? Y el PIB del 2013 es un PIB de un coche, ¿no? Y el PIB del 2013 es un PIB de un coche, cuando yo calculo el PIB del 2013. Pero claro, con un coche es relativamente fácil, ¿no? Es relativamente fácil porque hay tablas, ¿no? Para calcular las depreciaciones de dos coches, ¿no? Pero, ostras, en el nuevo mundo de la electrónica, ¿no? ¿Cuántas veces os ha pasado que os habéis comprado una historia al cabo de tres días de aquello? Te has dado cuenta que no vale nada porque los coches estos han sacado una historia y no vale nada porque los coches estos han sacado una historia y no vale nada porque los coches estos han sacado un nuevo producto, ¿vale? ¿Eh? ¿Eh? ¿No? Pero funciona, ¿no? Y perfecto, ¿eh? Pero claro, ¿cuál es el problema? Que han sacado uno que es mejor.",
        "kind": "online_video",
        "file_number": "19",
        "filename": "4 4 Calculo del PIB-wav.json",
        "url": "https://www.youtube.com/watch?v=7Qb91ODueqQ&t=118s",
        "source": "4 4 Calculo del PIB-wav"
    },
    {
        "number": 3,
        "timestamp_start": "00:03:36,720",
        "timestamp_end": "00:05:18,720",
        "text": "El Producto Nacional Bruto (PNB) ya no se considera válido, ya que calcular la depreciación en un país resulta muy difícil. Por ello, se prefiere hablar de inversión bruta o neta. La inversión neta es la inversión bruta menos la depreciación. A partir de ahora, nos referiremos al Producto Interior Bruto (PIB), que se calcula de manera similar al PNB, pero con la diferencia de que se tienen en cuenta ciertas empresas que no forman parte del PIB. \n\nEl PIB se puede calcular desde el enfoque de la demanda, que consiste en la suma de todo lo que se demanda en la economía, es decir, la demanda agregada. Esta demanda incluye el consumo, así como otros bienes que no son de consumo, como los bienes de inversión o de capital. Por ejemplo, un micrófono utilizado para dar una clase o prestar un servicio no es considerado un bien de consumo, sino un bien de inversión o capital.",
        "old_text": "Entonces, el tuyo ya no vale eso, ¿vale? Ya no vale eso. ¿Por qué hablamos de brutos, producto nacional bruto y no de neto? Porque calcular la depreciación, estimar la depreciación en un país es muy difícil, es muy, muy difícil. Es mucho más fácil que eso se habla de inversión bruta o de inversión neta, ¿no? La inversión neta sería la inversión bruta menos la depreciación, nos olvidamos. Entonces, a partir de ahora, ¿vale? Hablaremos de PIBs, producto interior bruto, que se calcula igual que el PNB, pero lo único que se hace es que se tiene en cuenta una, una serie de empresas que no son las mismas que el PIB, ¿no? ¿Vale? ¿Qué quiero decir? Que aquí irá saliendo producto nacional pero podría salir producto interior y sería lo mismo, siempre lo mismo, ¿no? Entonces, veamos las partidas de cómo calcular el PIB, ¿vale? Enfoque a demanda. La producción es lo que pedimos, ¿no? La suma de todo lo que pedimos, ¿no? Demanda agregada, le decimos a esto demanda agregada, ¿vale? Básicamente consumo, pero también hay bienes que no son consumo, ¿no? Por ejemplo, yo qué sé, este micro, ¿no? No tengo aquí para hacer esto, pero aquí está. Para hacer el karaoke, ¿no? No estaría mal, ¿no? Pero bueno, yo canto muy mal, o sea, que os exponéis a cantar vosotros aún, ¿no? Pero, ¿vale? Este micro lo tenemos aquí ¿para qué? Para dar una clase, ¿no? Para hacer un servicio, ¿no? Entonces, esto no es un bien de consumo, eso se llama bien de inversión o bien de capital, ¿vale? Bien de inversión o bien de capital.",
        "kind": "online_video",
        "file_number": "19",
        "filename": "4 4 Calculo del PIB-wav.json",
        "url": "https://www.youtube.com/watch?v=7Qb91ODueqQ&t=216s",
        "source": "4 4 Calculo del PIB-wav"
    },
    {
        "number": 4,
        "timestamp_start": "00:05:18,720",
        "timestamp_end": "00:07:04,720",
        "text": "Los bienes pueden ser de consumo o bienes de capital. Si se utilizan para fabricar otros bienes y servicios, se convierten en bienes de inversión o bienes de capital. Por ejemplo, un ordenador sería considerado un bien de capital si se utiliza para dar una clase. En este caso, las pantallas, las pizarras, los ventiladores, entre otros, son considerados bienes de capital. Es importante destacar que dependiendo del uso que se le dé a un bien, puede clasificarse como bien de consumo o bien de capital. Por lo tanto, es fundamental analizar la función y el propósito de cada bien para determinar su clasificación.",
        "old_text": "Los bienes pueden ser de consumo o bienes de capital. Pero, si lo usamos para fabricar otros bienes y servicios, se convierten en bienes de inversión o bienes de capital. Esto es un bien de capital, ¿lo veis? Porque lo estamos utilizando para dar una clase, ¿no? Claro, aquí está lleno de bienes de capital, ¿no? Las pantallas estas, estas pizarritas, no sé, ¿no? 80.000 cosas, los ventiladores, ¿no? Vitales, ¿no? ¿Vale? Claro, ¿tú por qué me has pedido que te supera algo? No, no. Bueno, estás en la playa ahora, Sergio, ¿no? No, ¿no? Vale. Claro, entonces, cosas curiosas. ¿Esto qué es? Bien de consumo, ¿no, ¿Habéis oído lo que dice Marc? Yo esto lo uso para poder hablar en clase. Yo, que por la calle no voy con esto. Yo solo llevo esto, de verdad te lo diría de verdad te lo digo, yo solo voy con esto cuando vengo a clase. Yo voy a una reunión normal y corriente y no voy con una botella, ¿no? Ni me paseo por Barcelona con una botella de agua, ¿no? Pero si la metes ¿qué pasa? No, no, pero si solo la llevo en clase, ¿eh? ¿Vale? Por lo tanto, esto, en este caso, es un bien de capital, ¿no? Depende del uso que hagamos de las cosas, pueden ser bienes de consumo o bienes de capital, ¿no? Un ordenador, etcétera, etcétera, etcétera, ¿no? Hay bienes que son claros que son de consumo y hay bienes que son clarísimamente de capital, ¿no? Pero los hay que no.",
        "kind": "online_video",
        "file_number": "19",
        "filename": "4 4 Calculo del PIB-wav.json",
        "url": "https://www.youtube.com/watch?v=7Qb91ODueqQ&t=318s",
        "source": "4 4 Calculo del PIB-wav"
    },
    {
        "number": 5,
        "timestamp_start": "00:07:04,720",
        "timestamp_end": "00:09:00,720",
        "text": "Una parte importante del Producto Interno Bruto (PIB) son los bienes de capital. Invertir en bienes de capital es fundamental para el crecimiento económico de un país. La inversión real implica la creación de nuevos bienes de capital o de inversión, no la adquisición de activos financieros preexistentes. Por lo tanto, cuando se habla de inversión en economía, se hace referencia a la acumulación de bienes de capital. La \"formación bruta de capital\" es un término utilizado para referirse a la inversión en un país. Es importante entender que la inversión en economía se refiere a la creación de nuevos activos productivos que contribuyen al desarrollo y crecimiento económico.",
        "old_text": "Entonces, una parte importante del PIB, ¿vale? Serán bienes de capital. Claro, muy grande, la verdad es que no. Invertir, invertir en bienes de capital, en bienes de inversión, es lo que nos va a permitir crecer, luego. ¿No? ¿Veis? De hecho, es una de las claves del crecimiento económico en un país, es invertir. Claro, ¿qué es invertir? Crear bienes de capital. Crear bienes de inversión. Por lo tanto, la frase esta de \"he hecho una inversión súper guapa, he comprado un palacete en Pedro Alves y voy a...\" Eso no es invertir. Ya existía ese palacete, ¿no? \"Voy a comprar acciones de Amazon y yo creo que Amazon...\" Tampoco es invertir, ¿no? Sí que es una inversión financiera, pero eso no es inversión real. Porque eso ya existía, ya era de alguien, ¿vale? ¿Entendéis? Cuando hablamos de inversión, estamos hablando de crear bienes de capital. ¿No? Todo esto. Cuando hablamos de que la UPC, se hizo una inversión de, no tengo ni idea, 3.000 millones de no sé qué historias, ¿qué estamos hablando? Que entre mesas, salas, no sé qué, no sé cuántos, esto costó no sé cuánta pasta. Eso es lo que estamos diciendo, ¿no? Por lo tanto, cuando hablamos de inversión en economía, estamos hablando de acumular bienes de capital. Entonces, como vosotros veáis en los diarios que lo hacen, ponen: \"Formación bruta de capital\". No, dices: \"¿Esto qué es?\" Esto es una inversión. Eso es una inversión que hay en un país, ¿no? Ostras, ¿y por qué le dicen de esta manera y no dicen inversión? Yo qué sé, ¿no? ¿Y por qué los dentistas le dicen a matar un nervio y le dicen una endodoncia? ¿No? Mira que sería fácil decir matar el nervio, ¿no? Le dicen endodoncia, pues esto es lo mismo.",
        "kind": "online_video",
        "file_number": "19",
        "filename": "4 4 Calculo del PIB-wav.json",
        "url": "https://www.youtube.com/watch?v=7Qb91ODueqQ&t=424s",
        "source": "4 4 Calculo del PIB-wav"
    },
    {
        "number": 6,
        "timestamp_start": "00:09:00,720",
        "timestamp_end": "00:10:37,720",
        "text": "La universidad pública es una institución financiada por el Estado, por lo tanto, todo el gasto que realiza se considera gasto público. Este gasto público es una parte importante del Producto Interno Bruto (PIB). Otra componente relevante del PIB son las exportaciones, que son todas aquellas actividades económicas que generan ingresos en el país. Por ejemplo, cuando un turista compra un recuerdo en las Ramblas de Barcelona o reserva una habitación de hotel, se considera una exportación. Por otro lado, importar implica traer bienes o servicios del extranjero al país. Por lo tanto, si viajas a París y reservas una habitación de hotel, estarías realizando una importación.",
        "old_text": "¿Ok? Pero claro, yo estoy pensando, esto es una universidad pública, ¿no? Por lo tanto, esto es público. Lo que pasa es que la universidad pública es una universidad pública, ¿no? Por lo tanto, ¿lo veis? Gasto público. Ya no es inversión privada. La UPC es público, ¿no? Por lo tanto, todas las compras que hace un estado, todo el gasto que hace la UPC es gasto público. ¿Lo veis? Habrá otra partida importante dentro del PIB que va a ser el gasto público. Luego, hay toda una serie de cosas que nosotros fabricamos pero que no nos las quedamos. Nosotros las exportamos, ¿no? Exportaciones. ¿No? ¿Lo veis? Eso entra en el PIB. Claro, si yo os digo qué es una exportación, todos me sabréis decir lo que es. Sí, sí y no. Ya veréis. ¿Vale? Imaginaros que tenemos en clase un Erasmus. Si tuvieramos en clase un Erasmus y este Erasmus se va al bar a tomarse un café, flipáis, ¿eh? Estamos exportando un café. Cuando los turistas vienen y se pasean por las Ramblas y se compran un recuerdo o no sé qué historias, acabamos de comer un recuerdo o no sé qué historias, acabamos de exportar ese recuerdo. Cuando el turista coge y se pide una habitación de hotel, acabamos de exportar una habitación de hotel. Una exportación es cualquier, digamos, actividad económica que supone entrada de divisas en territorio español. Eso es exportar. Y importar esto es lo contrario. ¿Vale? Por lo tanto, por lo tanto, si vosotros vais a París y cogéis un albergue o no sé qué historias, acabáis de importar una habitación de albergue.",
        "kind": "online_video",
        "file_number": "19",
        "filename": "4 4 Calculo del PIB-wav.json",
        "url": "https://www.youtube.com/watch?v=7Qb91ODueqQ&t=540s",
        "source": "4 4 Calculo del PIB-wav"
    },
    {
        "number": 7,
        "timestamp_start": "00:10:37,720",
        "timestamp_end": "00:18:47,840",
        "text": "Un albergue es un lugar que ofrece alojamiento temporal, por lo general de forma económica, a personas que necesitan un lugar donde quedarse por un corto período de tiempo. En el contexto de la macroeconomía, los albergues no tienen relevancia directa en el estudio de variables económicas como el PIB, la inflación, el desempleo, entre otros. Por lo tanto, el texto proporcionado no tiene relación con el tema de macroeconomía.",
        "old_text": "¿Qué es un albergue? ¿Un albergue? ¿Un albergue? ¿Un albergue? ¿Un albergue? ¿Un albergue? ¿Un albergue? ¿Un albergue? ¿Un albergue? ¿Un albergue? ¿Un albergue? ¿Un albergue? ¿Un albergue? ¿Un albergue? ¿Un albergue? ¿Un albergue? ¿Un albergue? ¿Un albergue? ¿Un albergue? ¿Un albergue? ¿Un albergue? ¿Un albergue? ¿Un albergue? ¿Un albergue? ¿Un albergue? ¿Un albergue? ¿Un albergue? ¿Un albergue? ¿Un albergue? ¿Un albergue? ¿Un albergue? ¿Un albergue? ¿Un albergue? ¿Un albergue? ¿Un albergue? ¿Un albergue? ¿Un albergue? ¿Un albergue? ¿Un albergue? ¿Un albergue? ¿Un albergue? ¿Un albergue? ¿Un albergue? ¿Un albergue? ¿Un albergue? ¿Un albergue? ¿Un albergue? ¿Un albergue? ¿Un albergue? ¿Un albergue? ¿Un albergue? ¿Un albergue? ¿Un albergue? ¿Un albergue? ¿Un albergue? ¿Un albergue? ¿Un albergue? ¿Un albergue? ¿Un albergue? ¿Un albergue? ¿Un albergue? ¿Un albergue? ¿Un albergue? ¿Un albergue? ¿Un albergue? ¿Un albergue? ¿Un albergue? ¿Un albergue? ¿Un albergue? ¿Un albergue? ¿Un albergue? ¿Un albergue? ¿Un albergue? ¿Un albergue? ¿Un albergue? ¿Un albergue? ¿Un albergue? ¿Un albergue? ¿Un albergue? ¿Un albergue? ¿Un albergue? ¿Un albergue? ¿Un albergue? ¿Un albergue? ¿Un albergue? ¿Un albergue? ¿Un albergue? ¿Un albergue? ¿Un albergue? ¿Un albergue? ¿Un albergue? ¿Un albergue? ¿Un albergue? ¿Un albergue? ¿Un albergue? ¿Un albergue? ¿Un albergue? ¿Un albergue? ¿Un albergue? ¿Un albergue? ¿Un albergue? ¿Un albergue? ¿Un albergue? ¿Un albergue? ¿Un albergue? ¿Un albergue? ¿Un albergue? ¿Un albergue? ¿Un albergue? ¿Un albergue? ¿Un albergue? ¿Un albergue? ¿Un albergue? ¿Un albergue? ¿Un albergue? ¿Un albergue? ¿Un albergue? ¿Un albergue? ¿Un albergue? ¿Un albergue? ¿Un albergue? ¿Un albergue? ¿Un albergue? ¿Un albergue? ¿Un albergue? ¿Un albergue? ¿Un albergue? ¿Un albergue? ¿Un albergue? ¿Un albergue? ¿Un albergue? ¿Un albergue? ¿Un albergue? ¿Un albergue? ¿Un albergue? ¿Un albergue? ¿Un albergue? ¿Un albergue? ¿Un albergue? ¿Un albergue? ¿Un albergue? ¿Un albergue? ¿Un albergue? ¿Un albergue? ¿Un albergue? ¿Un albergue? ¿Un albergue? ¿Un albergue? ¿Un albergue? ¿Un albergue? ¿Un albergue? ¿Un albergue? ¿Un albergue? ¿Un albergue? ¿Un albergue? ¿Un albergue? ¿Un albergue? ¿Un albergue? ¿Un albergue? ¿Un albergue? ¿Un albergue? ¿Un albergue? ¿Un albergue? ¿Un albergue? ¿Un albergue? ¿Un albergue? ¿Un albergue? ¿Un albergue? ¿Un albergue? ¿Un albergue? ¿Un albergue? ¿Un albergue? ¿Un albergue? ¿Un albergue? ¿Un albergue? ¿Un albergue? ¿Un albergue? ¿Un albergue? ¿Un albergue? ¿Un albergue? ¿Un albergue? ¿Un albergue? ¿Un albergue? ¿Un albergue? ¿Un albergue? ¿Un albergue? ¿Un albergue? ¿Un albergue? ¿Un albergue? ¿Un albergue? ¿Un albergue? ¿Un albergue? ¿Un albergue? ¿Un albergue? ¿Un albergue? ¿Un albergue? ¿Un albergue? ¿Un albergue? ¿Un albergue? ¿Un albergue? ¿Un albergue? ¿Un albergue? ¿Un albergue? ¿Un albergue? ¿Un albergue? ¿Un albergue? ¿Un albergue? ¿Un albergue? ¿Un albergue? ¿Un albergue? ¿Un albergue? ¿Un albergue? ¿Un albergue? ¿Un albergue? ¿Un albergue? ¿Un albergue? ¿Un albergue? ¿Un albergue? ¿Un albergue? ¿Un albergue? ¿Un albergue? ¿Un albergue? ¿Un albergue? ¿Un albergue? ¿Un albergue? ¿Un albergue? ¿Un albergue? ¿Un albergue? ¿Un albergue? ¿Un albergue? ¿Un albergue? ¿Un albergue? ¿Un albergue? ¿Un albergue? ¿Un albergue? ¿Un albergue? ¿Un albergue? ¿Un albergue? ¿Un albergue? ¿Un albergue? ¿Un albergue? ¿Un albergue? ¿Un albergue? ¿Un albergue? ¿Un albergue? ¿Un albergue? ¿Un albergue? ¿Un albergue? ¿Un albergue? ¿Un albergue? ¿Un albergue? ¿Un albergue? ¿Un albergue? ¿Un albergue? ¿Un albergue? ¿Un albergue? ¿Un albergue? ¿Un albergue? ¿Un albergue? ¿Un albergue? ¿Un albergue? ¿Un albergue? ¿Un albergue? ¿Un albergue? ¿Un albergue? ¿Un albergue? ¿Un albergue? ¿Un albergue? ¿Un albergue? ¿Un albergue? ¿Un albergue? ¿Un albergue? ¿Un albergue? ¿Un albergue? ¿Un albergue? ¿Un albergue? ¿Un albergue? ¿Un albergue? ¿Un albergue? ¿Un albergue? ¿Un albergue? ¿Un albergue? ¿Un albergue? ¿Un albergue? ¿Un albergue? ¿Un albergue? ¿Un albergue? ¿Un albergue? ¿Un albergue? ¿Un albergue? ¿Un albergue? ¿Un albergue? ¿Un albergue? ¿Un albergue? ¿Un albergue? ¿Un albergue? ¿Un albergue? ¿Un albergue? ¿Un albergue? ¿Un albergue? ¿Un albergue? ¿Un albergue? ¿Un albergue? ¿Un albergue? ¿Un albergue? ¿Un albergue? ¿Un albergue? ¿Un albergue? ¿Un albergue? ¿Un albergue? ¿Un albergue? ¿Un albergue? ¿Un albergue? ¿Un albergue? ¿Un albergue? ¿Un albergue? ¿Un albergue? ¿Un albergue? ¿Un albergue? ¿Un albergue? ¿Un albergue? ¿Un albergue? ¿Un albergue? ¿Un albergue? ¿Un albergue? ¿Un albergue? ¿Un albergue? ¿Un albergue? ¿Un albergue? ¿Un albergue? ¿Un albergue? ¿Un albergue? ¿Un albergue? ¿Un albergue? ¿Un albergue? ¿Un albergue? ¿Un albergue? ¿Un albergue? ¿Un albergue? ¿Un albergue? ¿Un albergue? ¿Un albergue? ¿Un albergue? ¿Un albergue? ¿Un albergue? ¿Un albergue? ¿Un albergue? ¿Un albergue? ¿Un albergue? ¿Un albergue? ¿Un albergue? ¿Un albergue? ¿Un albergue? ¿Un albergue? ¿Un albergue? ¿Un albergue? ¿Un albergue? ¿Un albergue? ¿Un albergue? ¿Un albergue? ¿Un albergue? ¿Un albergue? ¿Un albergue? ¿Un albergue? ¿Un albergue? ¿Un albergue? ¿Un albergue? ¿Un albergue? ¿Un albergue? ¿Un albergue? ¿Un albergue? ¿Un albergue? ¿Un albergue? ¿Un albergue? ¿Un albergue? ¿Un albergue? ¿Un albergue? ¿Un albergue? ¿Un albergue? ¿Un albergue? ¿Un albergue? ¿Un albergue? ¿Un albergue? ¿Un albergue? ¿Un albergue? ¿Un albergue? ¿Un albergue? ¿Un albergue? ¿Un albergue? ¿Un albergue? ¿Un albergue? ¿Un albergue? ¿Un albergue? ¿Un albergue? ¿Un albergue? ¿Un albergue? ¿Un albergue? ¿Un albergue? ¿Un albergue? ¿Un albergue? ¿Un albergue? ¿Un albergue? ¿Un albergue? ¿Un albergue? ¿Un albergue? ¿Un albergue? ¿Un albergue? ¿Un albergue? ¿Un albergue? ¿Un albergue? ¿Un albergue? ¿Un albergue? ¿Un albergue? ¿Un albergue? ¿Un albergue? ¿Un albergue? ¿Un albergue? ¿Un albergue? ¿Un albergue? ¿Un albergue? ¿Un albergue? ¿Un albergue? ¿Un albergue? Eso no tiene ningún sentido.",
        "kind": "online_video",
        "file_number": "19",
        "filename": "4 4 Calculo del PIB-wav.json",
        "url": "https://www.youtube.com/watch?v=7Qb91ODueqQ&t=637s",
        "source": "4 4 Calculo del PIB-wav"
    },
    {
        "number": 8,
        "timestamp_start": "00:18:47,840",
        "timestamp_end": "00:18:48,920",
        "text": "La macroeconomía es una rama de la economía que se encarga de estudiar el comportamiento de la economía en su conjunto. Analiza variables a nivel agregado como el producto interno bruto (PIB), la tasa de desempleo, la inflación, entre otras. La macroeconomía se enfoca en entender cómo funcionan los grandes sectores de una economía, como el consumo, la inversión, el gobierno y las exportaciones. ¿Vale?",
        "old_text": "¿Vale?",
        "kind": "online_video",
        "file_number": "19",
        "filename": "4 4 Calculo del PIB-wav.json",
        "url": "https://www.youtube.com/watch?v=7Qb91ODueqQ&t=1127s",
        "source": "4 4 Calculo del PIB-wav"
    }
]