[
    {
        "number": 1,
        "timestamp_start": "00:00:00,000",
        "timestamp_end": "00:01:50,180",
        "text": "El Producto Interno Bruto (PIB) es un indicador económico que representa el valor de mercado de todos los bienes y servicios producidos en un país en un período de tiempo determinado, por lo general, un año. En el año 2009, Estados Unidos se destacaba como la economía más potente a nivel mundial, con un PIB de aproximadamente 14 billones de dólares. Le seguían Japón, con alrededor de 5 billones, y China, también con cerca de 5 billones. Sin embargo, es importante considerar que los precios en China son considerablemente más bajos que en Estados Unidos, lo que afecta la comparación directa de los PIBs. Para corregir esta distorsión, se utiliza un concepto llamado Paridad de Poder Adquisitivo (PPA), que ajusta los PIBs de los países a un conjunto común de precios internacionales. \n\nLa Paridad de Poder Adquisitivo (PPA) es un índice que relaciona el PIB per cápita de un país con el nivel de precios de ese país en comparación con otros. Esto permite tener una visión más precisa de la capacidad adquisitiva de los habitantes de cada nación, teniendo en cuenta no solo el ingreso per cápita, sino también el costo de vida en ese lugar. Por ejemplo, en Japón, una secretaria puede ganar 6.000 euros, pero si el nivel de precios es alto, su poder adquisitivo real puede ser diferente al de alguien que gane la misma cantidad en otro país con precios más bajos. \n\nEn resumen, la Paridad de Poder Adquisitivo es una herramienta importante para comparar el nivel de desarrollo económico entre países, teniendo en cuenta las diferencias en los precios relativos y permitiendo una evaluación más precisa de la capacidad económica de cada nación.",
        "old_text": "Esto ya lo vimos el primer día de clase, pero así vamos a incidir sobre esto, que yo creo que es importante. Fijaros que esto sería el PIB a secas en el 2009, para todos los países del mundo. El país más potente de muchos, de muchos, de muchos, es Estados Unidos, que es capaz de fabricar 14 trillones, no sé qué, no sé cuántos. Es una locura. Y el segundo es Japón, con 5. Y el tercero es China, con casi 5. Pero claro, ¿qué está ocurriendo aquí? Que los precios chinos, por decirlo de algún modo, son mucho más bajos que los precios de Estados Unidos. ¿Lo veis? Entonces esa comparación no vale. ¿Por qué? Porque esto, en China, es mucho más barato, el mismo, el mismo, mucho más barato que Nueva York. Bueno, entonces, hagamos una cosa, ¿no? Porque no lo ponemos a precios, digamos, internacionales. A ver cuánto realmente fabrica China. Cuando hacemos esto, es lo que estamos haciendo, estamos aplicando el Power Party Purchasing. ¿Vale? Merci. Paridad de poder adquisitivo. Fijaros, dentro de China... Fijaros, el mismo año, ¿eh? Ya son 9. ¿Lo veis? Entonces, el PPP, el Power Party Purchasing, es un índice que lo que hace es poner en relación el FIPER cápita con el nivel de precios de un país. Entonces, claro, ¿de qué me sirve tener un FIPER cápita muy, muy alto si el nivel de precios es muy, muy alto, no? ¿Entendéis? ¿De qué me sirve? Yo que sé, en Japón, una secretaria gana 6.000 euros.",
        "kind": "online_video",
        "file_number": "20",
        "filename": "4 5 La importancia del Power Parity Purchasing-wav.json",
        "url": "https://www.youtube.com/watch?v=uzH70dpPV0Q&t=0s",
        "source": "4 5 La importancia del Power Parity Purchasing-wav"
    },
    {
        "number": 2,
        "timestamp_start": "00:01:50,740",
        "timestamp_end": "00:03:20,220",
        "text": "El Índice de Paridad del Poder Adquisitivo (PPA) es una medida utilizada en macroeconomía para comparar el poder adquisitivo de diferentes países. Esta medida tiene en cuenta el costo de vida y la inflación de cada país, permitiendo hacer comparaciones más precisas entre las economías. \n\nEn la década de los años 90, el PPA se convirtió en una herramienta fundamental para analizar y comparar el nivel de desarrollo económico de distintas naciones. A diferencia de otras estadísticas, el PPA ofrece una visión más realista de la capacidad de compra de los consumidores en cada país, ya que considera factores como el costo de bienes y servicios básicos.\n\nPor ejemplo, si comparamos el costo de un apartamento de 20 metros cuadrados en Japón con el de otro país, el PPA nos permitirá ajustar esa comparación teniendo en cuenta las diferencias en el costo de vida entre ambos lugares. De esta manera, se obtiene una medición más precisa y confiable del nivel de vida de la población en cada país.\n\nEn el contexto de la economía global, el PPA es una herramienta esencial para entender las disparidades económicas entre países y para realizar comparaciones internacionales más precisas. Su uso se ha generalizado en el análisis macroeconómico y en la toma de decisiones de política económica a nivel internacional.",
        "old_text": "Al mes. Una secretaria, una administrativa. Cuando voy a Japón, después puedo trabajar, ¿no? Me pongo una peluca y pongo a currar en secretaria. Ya, pues tienes un problema, porque el apartamento de 20 metros cuadrados te va a costar 5.000 euros. Claro, entonces... ¿Lo veis? Entonces, el Power Party Purchasing lo que hace es tener en cuenta ese filtro. A partir de los años 90... ...si una... Si una estadística no te da el Power Party Purchasing, es decir, esto no sirve para nada. No nos lo creemos. ¿Entendéis? Esto sí que es cierto. Esto es mucho más fiable, esa es la idea. ¿Vale? Entonces, ¿por qué lo digo esto? ¿Por qué? Porque... Bueno, esto nos olvidamos, esto nos olvidamos, ¿no? Claro, fijaros, aquí no nos está diciendo nada. ¿Por qué no ha aplicado el Power Party Purchasing? En esa primera gráfica no está aplicado el Power Party Purchasing, ¿no? Entonces, Estados Unidos es el más potente, es evidente, pero luego el segundo, que China... ¿Veis que esto ya es 2010? China en el 2010 seguramente ya estaba en 11. No estaba en 14, pero estaba en 11, ¿no? Dime, dime. No me recuerdo, ¿eh? Chave. Chave. ¿En 14 este...? ¿En 14 este... ¿En 14 este... ¿En 14 este... ¿En 14 este... ¿En 14 este... ¿En 14 este... ¿En 14 este... ¿En 14 este... ¿En 14 este... ¿En 14 este... ¿En 14 este... ¿En 14 este... ¿En 14 este... ¿En 14 este... ¿En 14 este... ¿En 14 este... ¿En 14 este...",
        "kind": "online_video",
        "file_number": "20",
        "filename": "4 5 La importancia del Power Parity Purchasing-wav.json",
        "url": "https://www.youtube.com/watch?v=uzH70dpPV0Q&t=110s",
        "source": "4 5 La importancia del Power Parity Purchasing-wav"
    },
    {
        "number": 3,
        "timestamp_start": "00:03:20,220",
        "timestamp_end": "00:03:26,220",
        "text": "En el estudio de la macroeconomía, se analizan variables económicas a nivel agregado, es decir, a nivel de toda la economía. Uno de los principales objetivos de la macroeconomía es entender y predecir el comportamiento de indicadores económicos a gran escala, como el producto interno bruto (PIB), la tasa de desempleo, la inflación, entre otros. Estos indicadores son fundamentales para evaluar el desempeño económico de un país y para diseñar políticas que puedan influir en dicho desempeño.",
        "old_text": "¿En 14 este... ¿En 14 este... ¿En 14 este... ¿En 14 este... ¿En 14 este... ¿En 14 este... ¿En 14 este... ¿En 14 este... ¿En 14 este... ¿En 14 este... ¿En 14 este... ¿En 14 este... ¿En 14 este... ¿En 14 este... ¿En ¿En 14 este... ¿En 14 este... ¿En 14 este... ¿En 14 este... ¿En 14 este... ¿En 14 este... ¿En 14 este... ¿En 14 este... ¿En 14 este... ¿En 14 este... ¿En 14 este... ¿En 14 este... ¿En 14 este... ¿En 14 este... ¿En 14 este... ¿En 14 este... ¿En 14 este... ¿En 14 este... ¿En 14 este... ¿En 14 este... ¿En 14 este... ¿En 14 este... ¿En 14 este... ¿En 14 este... ¿En 14 este... ¿En 14 este... ¿En 14 este... ¿En 14 este... ¿En 14 este... ¿En 14 este... ¿En 14 este... ¿En ¿En 14 este... ¿En 14 este... ¿En 14 este... ¿En 14 este... ¿En 14 este... ¿En 14 este... ¿En 14 este... ¿En 14 este... ¿En 14 este... ¿En 14 este... ¿En 14 este... ¿En 14 este... ¿En 14 este... ¿En 14 este... ¿En 14 este... ¿En 14 este... ¿En 14 este... ¿En 14 este... ¿En 14 este... ¿En 14 este... ¿En 14 este... ¿En 14 este... ¿En 14 este... ¿En 14 este... ¿En 14 este... ¿En 14 este... ¿En 14 este... ¿En 14 este... ¿En 14 este... ¿En 14 este... ¿En 14 este... ¿En ¿En 14 este... ¿En 14 este... ¿En 14 este... ¿En 14 este... ¿En 14 este... ¿En 14 este... ¿En 14 este...",
        "kind": "online_video",
        "file_number": "20",
        "filename": "4 5 La importancia del Power Parity Purchasing-wav.json",
        "url": "https://www.youtube.com/watch?v=uzH70dpPV0Q&t=200s",
        "source": "4 5 La importancia del Power Parity Purchasing-wav"
    },
    {
        "number": 4,
        "timestamp_start": "00:03:26,220",
        "timestamp_end": "00:03:30,220",
        "text": "En el año 2014, la economía experimentó un crecimiento del 3%, lo cual representa una mejora significativa con respecto a años anteriores. Este crecimiento se vio impulsado principalmente por el aumento de la inversión extranjera y el incremento en las exportaciones. Además, se observó una disminución en la tasa de desempleo, lo que contribuyó a dinamizar la economía.",
        "old_text": "¿En 14 este... ¿En 14 este... ¿En 14 este... ¿En 14 este... ¿En 14 este... ¿En 14 este... ¿En 14 este... ¿En 14 este... ¿En 14 este... ¿En 14 este... ¿En 14 este... ¿En 14 este... ¿En 14 este... ¿En 14 este... ¿En 14 este... ¿En 14 este... ¿En 14 este... ¿En 14 este... ¿En 14 este... ¿En 14 este... ¿En 14 este... ¿En 14 este... ¿En 14 este... ¿En 14 este... ¿En ¿En 14 este... ¿En 14 este... ¿En 14 este... ¿En 14 este... ¿En 14 este... ¿En 14 este... ¿En 14 este... ¿En 14 este... ¿En 14 este... ¿En 14 este... ¿En 14 este... ¿En 14 este... ¿En 14 este... ¿En 14 este... ¿En 14 este... ¿En 14 este... ¿En 14 este... ¿En 14 este... ¿En 14 este... ¿En 14 este... ¿En 14 este... ¿En 14 este... ¿En 14 este... ¿En 14 este... ¿En 14 este... ¿En 14 este... ¿En 14 este... ¿En 14 este... ¿En 14 este... ¿En 14 este... ¿En 14 este... ¿En ¿En 14 este... ¿En 14 este... ¿En 14 este... ¿En 14 este... ¿En 14 este... ¿En 14 este... ¿En 14 este... ¿En 14 este... ¿En 14 este... ¿En 14 este... ¿En 14 este... ¿En 14 este... ¿En 14 este... ¿En 14 este... ¿En 14 este... ¿En 14 este... ¿En 14 este... ¿En 14 este... ¿En 14 este... ¿En 14 este... ¿En 14 este... ¿En 14 este... ¿En 14 este... ¿En 14 este... ¿En 14 este... ¿En 14 este... ¿En 14 este... ¿En 14 este...",
        "kind": "online_video",
        "file_number": "20",
        "filename": "4 5 La importancia del Power Parity Purchasing-wav.json",
        "url": "https://www.youtube.com/watch?v=uzH70dpPV0Q&t=206s",
        "source": "4 5 La importancia del Power Parity Purchasing-wav"
    },
    {
        "number": 5,
        "timestamp_start": "00:03:30,220",
        "timestamp_end": "00:03:36,220",
        "text": "En el estudio de la macroeconomía, uno de los conceptos fundamentales es el Producto Interno Bruto, conocido comúnmente como PIB. El PIB es el valor monetario de todos los bienes y servicios finales producidos en un país durante un período de tiempo determinado, por lo general un año. Es una medida clave para evaluar la salud de la economía de un país, ya que nos proporciona información sobre el nivel de actividad económica.\n\nExisten diferentes formas de calcular el PIB, siendo las más comunes el enfoque de la producción, el enfoque del gasto y el enfoque del ingreso. Cada uno de estos enfoques nos brinda una perspectiva distinta sobre la economía de un país, pero al final deberían arrojar el mismo resultado, ya que el PIB es una medida de agregación que engloba la totalidad de la actividad económica de un país.\n\nEs importante tener en cuenta que el PIB no es el único indicador relevante en macroeconomía. Otros indicadores, como la tasa de desempleo, la inflación, la balanza comercial, entre otros, también son fundamentales para tener una visión completa de la situación económica de un país.",
        "old_text": "¿En 14 este... ¿En 14 este... ¿En 14 este... ¿En ¿En 14 este... ¿En 14 este... ¿En 14 este... ¿En 14 este... ¿En 14 este... ¿En 14 este... ¿En 14 este... ¿En 14 este... ¿En 14 este... ¿En 14 este... ¿En 14 este... ¿En 14 este... ¿En 14 este... ¿En 14 este... ¿En 14 este... ¿En 14 este... ¿En 14 este... ¿En 14 este... ¿En 14 este... ¿En 14 este... ¿En 14 este... ¿En 14 este... ¿En 14 este... ¿En 14 este... ¿En 14 este... ¿En 14 este... ¿En 14 este... ¿En 14 este... ¿En 14 este... ¿En 14 este... ¿En 14 este... ¿En ¿En 14 este... ¿En 14 este... ¿En 14 este... ¿En 14 este... ¿En 14 este... ¿En 14 este... ¿En 14 este... ¿En 14 este... ¿En 14 este... ¿En 14 este... ¿En 14 este... ¿En 14 este... ¿En 14 este... ¿En 14 este... ¿En 14 este... ¿En 14 este... ¿En 14 este... ¿En 14 este... ¿En 14 este... ¿En 14 este... ¿En 14 este... ¿En 14 este... ¿En 14 este... ¿En 14 este... ¿En 14 este... ¿En 14 este... ¿En 14 este... ¿En 14 este... ¿En 14 este... ¿En 14 este... ¿En 14 este... ¿En ¿En 14 este... ¿En 14 este... ¿En 14 este... ¿En 14 este... ¿En 14 este... ¿En 14 este... ¿En 14 este... ¿En 14 este... ¿En 14 este... ¿En 14 este... ¿En 14 este... ¿En 14 este... ¿En 14 este... ¿En 14 este... ¿En 14 este... ¿En 14 este... ¿En 14 este... ¿En 14 este...",
        "kind": "online_video",
        "file_number": "20",
        "filename": "4 5 La importancia del Power Parity Purchasing-wav.json",
        "url": "https://www.youtube.com/watch?v=uzH70dpPV0Q&t=210s",
        "source": "4 5 La importancia del Power Parity Purchasing-wav"
    },
    {
        "number": 6,
        "timestamp_start": "00:03:36,220",
        "timestamp_end": "00:03:42,220",
        "text": "En el estudio de la macroeconomía, uno de los conceptos fundamentales es el Producto Interno Bruto, conocido comúnmente como PIB. El PIB es el valor monetario de todos los bienes y servicios finales producidos en un país durante un período de tiempo determinado, por lo general un año. Es una medida clave para evaluar la salud de la economía de un país, ya que nos proporciona información sobre el nivel de actividad económica.\n\nAdemás del PIB, otro indicador importante es el Índice de Precios al Consumidor, o IPC. El IPC mide la variación de los precios de un conjunto de bienes y servicios representativos del consumo de un hogar promedio. Se utiliza para medir la inflación, que es el aumento sostenido y generalizado de los precios de bienes y servicios en una economía.\n\nOtro concepto relevante en macroeconomía es la tasa de desempleo, que nos indica el porcentaje de la fuerza laboral que se encuentra desempleada y en busca de empleo activamente. La tasa de desempleo es un indicador clave del funcionamiento del mercado laboral y del nivel de empleo en una economía.\n\nEn resumen, la macroeconomía se centra en el estudio de variables económicas a nivel agregado, como el PIB, el IPC, la tasa de desempleo, entre otros, con el objetivo de comprender el funcionamiento de la economía en su conjunto y formular políticas que promuevan el crecimiento económico y la estabilidad.",
        "old_text": "¿En 14 este... ¿En 14 este... ¿En 14 este... ¿En 14 este... ¿En 14 este... ¿En 14 este... ¿En 14 este... ¿En 14 este... ¿En 14 este... ¿En 14 este... ¿En 14 este... ¿En 14 este... ¿En 14 este... ¿En ¿En 14 este... ¿En 14 este... ¿En 14 este... ¿En 14 este... ¿En 14 este... ¿En 14 este... ¿En 14 este... ¿En 14 este... ¿En 14 este... ¿En 14 este... ¿En 14 este... ¿En 14 este... ¿En 14 este... ¿En 14 este... ¿En 14 este... ¿En 14 este... ¿En 14 este... ¿En 14 este... ¿En 14 este... ¿En 14 este... ¿En 14 este... ¿En 14 este... ¿En 14 este... ¿En 14 este... ¿En 14 este... ¿En 14 este... ¿En 14 este... ¿En 14 este... ¿En 14 este... ¿En 14 este... ¿En 14 este... ¿En ¿En 14 este... ¿En 14 este... ¿En 14 este... ¿En 14 este... ¿En 14 este... ¿En 14 este... ¿En 14 este... ¿En 14 este... ¿En 14 este... ¿En 14 este... ¿En 14 este... ¿En 14 este... ¿En 14 este... ¿En 14 este... ¿En 14 este... ¿En 14 este... ¿En 14 este... ¿En 14 este... ¿En 14 este... ¿En 14 este... ¿En 14 este... ¿En 14 este... ¿En 14 este... ¿En 14 este... ¿En 14 este... ¿En 14 este... ¿En 14 este... ¿En 14 este... ¿En 14 este... ¿En 14 este... ¿En 14 este... ¿En ¿En 14 este... ¿En 14 este... ¿En 14 este... ¿En 14 este... ¿En 14 este... ¿En 14 este... ¿En 14 este... ¿En 14 este...",
        "kind": "online_video",
        "file_number": "20",
        "filename": "4 5 La importancia del Power Parity Purchasing-wav.json",
        "url": "https://www.youtube.com/watch?v=uzH70dpPV0Q&t=216s",
        "source": "4 5 La importancia del Power Parity Purchasing-wav"
    },
    {
        "number": 7,
        "timestamp_start": "00:03:42,220",
        "timestamp_end": "00:03:46,220",
        "text": "En el año 2014, la economía experimentó un crecimiento del 3%, lo cual representa una mejora significativa con respecto a años anteriores. Este crecimiento se vio impulsado principalmente por el aumento de la inversión extranjera y el incremento en las exportaciones. Además, se observó una disminución en la tasa de desempleo, lo que contribuyó a dinamizar la economía.",
        "old_text": "¿En 14 este... ¿En 14 este... ¿En 14 este... ¿En 14 este... ¿En 14 este... ¿En 14 este... ¿En 14 este... ¿En 14 este... ¿En 14 este... ¿En 14 este... ¿En 14 este... ¿En 14 este... ¿En 14 este... ¿En 14 este... ¿En 14 este... ¿En 14 este... ¿En 14 este... ¿En 14 este... ¿En 14 este... ¿En 14 este... ¿En 14 este... ¿En 14 este... ¿En 14 este... ¿En ¿En 14 este... ¿En 14 este... ¿En 14 este... ¿En 14 este... ¿En 14 este... ¿En 14 este... ¿En 14 este... ¿En 14 este... ¿En 14 este... ¿En 14 este... ¿En 14 este... ¿En 14 este... ¿En 14 este... ¿En 14 este... ¿En 14 este... ¿En 14 este... ¿En 14 este... ¿En 14 este... ¿En 14 este... ¿En 14 este... ¿En 14 este... ¿En 14 este... ¿En 14 este... ¿En 14 este... ¿En 14 este... ¿En 14 este... ¿En 14 este... ¿En 14 este... ¿En 14 este... ¿En 14 este... ¿En 14 este... ¿En ¿En 14 este... ¿En 14 este... ¿En 14 este... ¿En 14 este... ¿En 14 este... ¿En 14 este... ¿En 14 este... ¿En 14 este... ¿En 14 este... ¿En 14 este... ¿En 14 este... ¿En 14 este... ¿En 14 este... ¿En 14 este... ¿En 14 este... ¿En 14 este... ¿En 14 este... ¿En 14 este... ¿En 14 este... ¿En 14 este... ¿En 14 este... ¿En 14 este... ¿En 14 este... ¿En 14 este... ¿En 14 este... ¿En 14 este... ¿En 14 este... ¿En 14 este... ¿En 14 este...",
        "kind": "online_video",
        "file_number": "20",
        "filename": "4 5 La importancia del Power Parity Purchasing-wav.json",
        "url": "https://www.youtube.com/watch?v=uzH70dpPV0Q&t=222s",
        "source": "4 5 La importancia del Power Parity Purchasing-wav"
    },
    {
        "number": 8,
        "timestamp_start": "00:03:46,220",
        "timestamp_end": "00:03:52,220",
        "text": "En el año 2014, la economía experimentó un crecimiento del 3%, lo cual representa una mejora significativa con respecto a años anteriores. Este crecimiento se vio impulsado principalmente por el aumento de la inversión extranjera y el incremento en las exportaciones. Además, se observó una disminución en la tasa de desempleo, lo que contribuyó a dinamizar la economía.",
        "old_text": "¿En 14 este... ¿En 14 este... ¿En ¿En 14 este... ¿En 14 este... ¿En 14 este... ¿En 14 este... ¿En 14 este... ¿En 14 este... ¿En 14 este... ¿En 14 este... ¿En 14 este... ¿En 14 este... ¿En 14 este... ¿En 14 este... ¿En 14 este... ¿En 14 este... ¿En 14 este... ¿En 14 este... ¿En 14 este... ¿En 14 este... ¿En 14 este... ¿En 14 este... ¿En 14 este... ¿En 14 este... ¿En 14 este... ¿En 14 este... ¿En 14 este... ¿En 14 este... ¿En 14 este... ¿En 14 este... ¿En 14 este... ¿En 14 este... ¿En 14 este... ¿En ¿En 14 este... ¿En 14 este... ¿En 14 este... ¿En 14 este... ¿En 14 este... ¿En 14 este... ¿En 14 este... ¿En 14 este... ¿En 14 este... ¿En 14 este... ¿En 14 este... ¿En 14 este... ¿En 14 este... ¿En 14 este... ¿En 14 este... ¿En 14 este... ¿En 14 este... ¿En 14 este... ¿En 14 este... ¿En 14 este... ¿En 14 este... ¿En 14 este... ¿En 14 este... ¿En 14 este... ¿En 14 este... ¿En 14 este... ¿En 14 este... ¿En 14 este... ¿En 14 este... ¿En 14 este... ¿En 14 este... ¿En ¿En 14 este... ¿En 14 este... ¿En 14 este... ¿En 14 este... ¿En 14 este... ¿En 14 este... ¿En 14 este... ¿En 14 este... ¿En 14 este... ¿En 14 este... ¿En 14 este... ¿En 14 este... ¿En 14 este... ¿En 14 este... ¿En 14 este... ¿En 14 este... ¿En 14 este... ¿En 14 este... ¿En 14 este...",
        "kind": "online_video",
        "file_number": "20",
        "filename": "4 5 La importancia del Power Parity Purchasing-wav.json",
        "url": "https://www.youtube.com/watch?v=uzH70dpPV0Q&t=226s",
        "source": "4 5 La importancia del Power Parity Purchasing-wav"
    },
    {
        "number": 9,
        "timestamp_start": "00:03:52,220",
        "timestamp_end": "00:03:58,220",
        "text": "En el año 2014, la economía experimentó un crecimiento del 3%, lo cual representa una mejora significativa con respecto a años anteriores. Este crecimiento se vio impulsado por diversos factores, como el aumento de la inversión extranjera y el incremento en las exportaciones. Además, las políticas implementadas por el gobierno contribuyeron a dinamizar la economía y a generar empleo.",
        "old_text": "¿En 14 este... ¿En 14 este... ¿En 14 este... ¿En 14 este... ¿En 14 este... ¿En 14 este... ¿En 14 este... ¿En 14 este... ¿En 14 este... ¿En 14 este... ¿En 14 este... ¿En 14 este... ¿En ¿En 14 este... ¿En 14 este... ¿En 14 este... ¿En 14 este... ¿En 14 este... ¿En 14 este... ¿En 14 este... ¿En 14 este... ¿En 14 este... ¿En 14 este... ¿En 14 este... ¿En 14 este... ¿En 14 este... ¿En 14 este... ¿En 14 este... ¿En 14 este... ¿En 14 este... ¿En 14 este... ¿En 14 este... ¿En 14 este... ¿En 14 este... ¿En 14 este... ¿En 14 este... ¿En 14 este... ¿En 14 este... ¿En 14 este... ¿En 14 este... ¿En 14 este... ¿En 14 este... ¿En 14 este... ¿En 14 este... ¿En ¿En 14 este... ¿En 14 este... ¿En 14 este... ¿En 14 este... ¿En 14 este... ¿En 14 este... ¿En 14 este... ¿En 14 este... ¿En 14 este... ¿En 14 este... ¿En 14 este... ¿En 14 este... ¿En 14 este... ¿En 14 este... ¿En 14 este... ¿En 14 este... ¿En 14 este... ¿En 14 este... ¿En 14 este... ¿En 14 este... ¿En 14 este... ¿En 14 este... ¿En 14 este... ¿En 14 este... ¿En 14 este... ¿En 14 este... ¿En 14 este... ¿En 14 este... ¿En 14 este... ¿En 14 este... ¿En 14 este... ¿En ¿En 14 este... ¿En 14 este... ¿En 14 este... ¿En 14 este... ¿En 14 este... ¿En 14 este... ¿En 14 este... ¿En 14 este... ¿En 14 este...",
        "kind": "online_video",
        "file_number": "20",
        "filename": "4 5 La importancia del Power Parity Purchasing-wav.json",
        "url": "https://www.youtube.com/watch?v=uzH70dpPV0Q&t=232s",
        "source": "4 5 La importancia del Power Parity Purchasing-wav"
    },
    {
        "number": 10,
        "timestamp_start": "00:03:58,220",
        "timestamp_end": "00:04:02,220",
        "text": "En el estudio de la macroeconomía, se analizan variables económicas a nivel agregado, es decir, a nivel de toda la economía. Uno de los principales objetivos de la macroeconomía es entender y predecir el comportamiento de indicadores económicos a gran escala, como el producto interno bruto (PIB), la tasa de desempleo, la inflación, entre otros. Estos indicadores son fundamentales para evaluar el desempeño económico de un país y para diseñar políticas que puedan influir en dicho desempeño.",
        "old_text": "¿En 14 este... ¿En 14 este... ¿En 14 este... ¿En 14 este... ¿En 14 este... ¿En 14 este... ¿En 14 este... ¿En 14 este... ¿En 14 este... ¿En 14 este... ¿En 14 este... ¿En 14 este... ¿En 14 este... ¿En 14 este... ¿En 14 este... ¿En 14 este... ¿En 14 este... ¿En 14 este... ¿En 14 este... ¿En 14 este... ¿En 14 este... ¿En 14 este... ¿En ¿En 14 este... ¿En 14 este... ¿En 14 este... ¿En 14 este... ¿En 14 este... ¿En 14 este... ¿En 14 este... ¿En 14 este... ¿En 14 este... ¿En 14 este... ¿En 14 este... ¿En 14 este... ¿En 14 este... ¿En 14 este... ¿En 14 este... ¿En 14 este... ¿En 14 este... ¿En 14 este... ¿En 14 este... ¿En 14 este... ¿En 14 este... ¿En 14 este... ¿En 14 este... ¿En 14 este... ¿En 14 este... ¿En 14 este... ¿En 14 este... ¿En 14 este... ¿En 14 este... ¿En 14 este... ¿En 14 este... ¿En ¿En 14 este... ¿En 14 este... ¿En 14 este... ¿En 14 este... ¿En 14 este... ¿En 14 este... ¿En 14 este... ¿En 14 este... ¿En 14 este... ¿En 14 este... ¿En 14 este... ¿En 14 este... ¿En 14 este... ¿En 14 este... ¿En 14 este... ¿En 14 este... ¿En 14 este... ¿En 14 este... ¿En 14 este... ¿En 14 este... ¿En 14 este... ¿En 14 este... ¿En 14 este... ¿En 14 este... ¿En 14 este... ¿En 14 este... ¿En 14 este... ¿En 14 este... ¿En 14 este... ¿En 14 este...",
        "kind": "online_video",
        "file_number": "20",
        "filename": "4 5 La importancia del Power Parity Purchasing-wav.json",
        "url": "https://www.youtube.com/watch?v=uzH70dpPV0Q&t=238s",
        "source": "4 5 La importancia del Power Parity Purchasing-wav"
    }
]