[
    {
        "number": 1,
        "timestamp_start": "00:00:00,000",
        "timestamp_end": "00:01:56,340",
        "text": "España es un país con una economía basada en servicios avanzados a las empresas, mientras que la República Dominicana se enfoca más en servicios turísticos y comerciales. A nivel mundial, España es una potencia turística, ocupando el segundo, tercer o cuarto lugar, después de países como Estados Unidos, Francia e Italia. A pesar de la importancia del turismo en España, representa solo el 10% del Producto Interno Bruto (PIB), siendo superado por sectores como el de las telecomunicaciones, que generan más ingresos.\n\nEn el caso de Barcelona, el turismo es un sector relevante que representa el 12% de la economía de la ciudad. Aunque ha tenido un impacto significativo en la transformación y enriquecimiento de la ciudad, Barcelona no se limita únicamente al turismo, sino que es un complemento importante en su economía.\n\nPor otro lado, la economía sumergida es un tema relevante en España, como en muchos otros países. A menudo se asocia con actividades ilegales o informales, pero abarca un espectro más amplio que incluye desde el trabajo no declarado hasta el fraude fiscal. La economía sumergida tiene implicaciones en la recaudación de impuestos, la competencia desleal y la protección social, por lo que es un tema de interés en el ámbito macroeconómico.",
        "old_text": "España es un país de servicios, ¿vale? ¿También lo es la República Dominicana? Sí, pero España es un país de servicios avanzados a las empresas, mientras que la República Dominicana es un país de servicios turísticos y comerciales. Es distinto, ¿no? Mucha gente piensa que España vive el turismo. Eso es erróneo. España somos una potencia turística, es cierto, ¿no? Muy potente, sí, sí, sí. De hecho, somos... estamos segundos, terceros o cuartos, ¿vale? A nivel potencia turística mundial, ¿no? La primera es Estados Unidos, luego es Francia, Italia, España y vamos cambiando el orden. Pero, pero, el turismo... ...del PIB... ...del PIB español... ...representa... ...el 10%. De todo el PIB, es el 10% en el sector turístico. Es muy importante, ¿no? Sí, sí, es muy importante, ¿no? Pero hasta el ECOS es más importante. El sector de telecomunicaciones genera más pasta que el turismo, ¿no? Es como la misma sensación que tenemos todos de que Barcelona se ha convertido en una ciudad turística, ¿no? ¿Vale? Vive para los turistas, 12%. 12%. Que es muy importante, sí, pero es el 12% de Barcelona. No vive. Del turismo. ¿Vale? Es un complemento súper importante, ha cambiado esta ciudad, la ha enriquecido, lo que tú quieras, ¿no? Pero no es que Barcelona sea una ciudad evidentemente turística. No. ¿Vale? Bueno, y sí, economía sumergida, ¿vale? Vamos a hablar un momento de esto, ¿no? ¿Por qué? Porque, mirad, toda España tenemos una economía sumergida importante, ya lo vimos, ¿no? Y cuando hablamos de economía sumergida, siempre imaginamos cosas muy raras, ¿no? ¿Vale? ¿Por qué? ¿Por qué? ¿Por qué? ¿Por qué? Pues yo qué sé, ¿no? Un tío en una esquina, calle oscura, ¿no? Panchándole un papelito a otro, ¿no? Y el otro súper nervioso pasándole pasta, ¿no? Y le está pasando una papelina de heroína o de coca.",
        "kind": "online_video",
        "file_number": "22",
        "filename": "4 7 Estructura productiva y economía sumergida-wav.json",
        "url": "https://www.youtube.com/watch?v=xWhiPigII70&t=0s",
        "source": "4 7 Estructura productiva y economía sumergida-wav"
    },
    {
        "number": 2,
        "timestamp_start": "00:01:56,340",
        "timestamp_end": "00:03:39,320",
        "text": "La economía sumergida se refiere a cualquier actividad económica que evade el pago de impuestos. Esto incluye tanto actividades ilegales como situaciones en las que no se emite factura, como por ejemplo, en el caso de una visita al dentista. En España, la economía sumergida ha tenido un alto nivel históricamente debido a varias razones. \n\nUna de las razones es que España solía tener una presión fiscal muy baja, la cual aumentó significativamente a lo largo del tiempo. A pesar de que la presión fiscal en España sigue siendo inferior a la de otros países, este aumento ha sido difícil de aceptar para la población. \n\nOtra razón tradicional que ha contribuido a la economía sumergida en España es el mercado laboral. Anteriormente, contratar a alguien era un proceso complicado, ya que una vez contratado, era difícil despedir a esa persona debido a los altos costos asociados al despido. Esto generaba un incentivo para la informalidad laboral y, por ende, para la economía sumergida.",
        "old_text": "Eso es economía sumergida, sí. Es verdad, ¿no? O nos imaginamos un tío que se ha metido en un prostíbulo y que está haciendo cosas raras, ¿no? Sí. Y nos imaginamos, pues, una feria también escondida en un lugar rarísimo, ¿no? Que se están comprando metralletas y... También. Todo esto es economía sumergida, es verdad. ¿Vale? ¿Vale? Pero, pero, pero, pero, pero, pero... Cuando vosotros vais al dentista y no hay factura por en medio, eso también es economía sumergida. Entonces, economía sumergida es cualquier, cualquier actividad económica que evade el pago de impuestos. Esto es economía sumergida. ¿Vale? Claro, las actividades ilegales es evidente que no pagan impuestos. ¿No? Es imposible, ¿no? Que tú le pidas... Una factura a un tío de acá para pasarle una pelina de coca. ¿No? Creo, ¿eh? Creo. No sé, quizás sí, ¿eh? Pero la lógica es que no sea así, ¿no? ¿Vale? Razones de por qué en España ha aumentado o hemos tenido una economía sumergida muy alta. Históricamente, ¿eh? La primera razón. Mirad, España, digamos, un país que tenía una presión fiscal muy bajita, muy bajita, y esa presión fiscal aumentó mogollón, mogollón, mogollón, mogollón, mogollón. A pesar de que tengamos una presión fiscal muy baja, ¿eh? Y que tengamos una presión fiscal inferior a otros países, ese aumento nos ha costado mucho aceptarlo. Esa es la primera razón. La segunda razón, la tradicional, porque ahora la verdad es que se lo han cargado, ¿no? Pero la tradicional regía es el mercado laboral, ¿no? En España fichar a alguien era complejo porque lo ponías a prueba y si decías, vale, te lo quedabas para toda la vida, ¿no? Porque echarlo costaba mucha pasta, ¿no? Y por lo tanto eso generaba mucha economía sumergida.",
        "kind": "online_video",
        "file_number": "22",
        "filename": "4 7 Estructura productiva y economía sumergida-wav.json",
        "url": "https://www.youtube.com/watch?v=xWhiPigII70&t=116s",
        "source": "4 7 Estructura productiva y economía sumergida-wav"
    },
    {
        "number": 3,
        "timestamp_start": "00:03:39,320",
        "timestamp_end": "00:05:08,600",
        "text": "La economía sumergida es un fenómeno que se refiere a todas aquellas actividades económicas que se realizan al margen de la legalidad y que no son declaradas a las autoridades fiscales y laborales correspondientes. En el caso de los inmigrantes, la economía sumergida puede ser una forma de empleo informal que les permite trabajar sin tener los permisos necesarios. En países como España, Italia y Grecia, la economía sumergida es un problema importante, ya que puede tener un impacto negativo en la recaudación de impuestos y en la protección de los derechos laborales de los trabajadores. \n\nLa economía sumergida puede surgir por diversas razones, como la dificultad para obtener permisos de trabajo, la falta de oportunidades laborales formales, o la búsqueda de una mayor flexibilidad en las condiciones de empleo. Sin embargo, es importante destacar que el trabajo en la economía sumergida no suele ser una elección deseada por los trabajadores, sino más bien una situación a la que se ven abocados debido a las circunstancias en las que se encuentran. \n\nEn el caso de los inmigrantes, trabajar en la economía sumergida puede suponer un riesgo tanto para los trabajadores como para los empleadores, ya que pueden enfrentarse a sanciones legales por no cumplir con las normativas laborales y fiscales vigentes. Por tanto, es fundamental promover políticas que fomenten la regularización de la situación laboral de los inmigrantes y que garanticen sus derechos en el mercado de trabajo.",
        "old_text": "Es que no te ficho, lo siento, no te ficho, ¿no? Trabaja conmigo, pero te voy a hacer un contrato real. Y luego la cantidad de inmigrantes que hemos tenido, que muchos de ellos han sido ilegales. Los legales es evidente que no es economía sumergida, ¿lo veis? Porque ellos ya venían con permiso de trabajo, etcétera, etcétera, ¿no? Pero yo sé bastante gente que querían ayudar a gente que venían aquí, no tenían permiso de trabajo y los fichaban igual. Eso es economía sumergida. Pero no porque los quisieran esclavizar y explotar, no, no, no, no. Sino porque es que no había otra manera de hacerlo, ¿no? Al cabo de cuatro o cinco años de demostrar que esa gente, que estaba trabajando, entonces podían conseguir permiso de trabajo, ¿no? Pero claro, ante cuatro o cinco años, de hecho, el tío que había fichado al otro se estaba jugando la piel porque se lo enganchaba un espectro de trabajo de que había un pulazo absolutamente increíble, ¿no? Mirad, esto es la economía sumergida en Europa, ¿vale? Claro, esto que hablan de los países latinos, ¿no? Es como muy evidente que los países latinos somos, pues eso, somos latinos, ¿no? Entonces, claro, Grecia tiene una economía sumergida, una economía sumergida enorme, enorme, enorme, ¿no? Italia, también, ¿no? Entre el 20 y el 26, Italia, recordad, ¿eh? Dos Italias, Italia del Norte, que es la Italia más o menos seria, ¿no? Del Rossi, de la Ferrari, de, yo qué sé, ¿no? La Ducati, del Lamborghini, etcétera, etcétera, ¿no? Y luego la Italia del Sur, que es otra Italia, ¿no? Tiene que ver una Italia con la otra, ¿no? Claro, España, fijaros que hay un dato muy interesante.",
        "kind": "online_video",
        "file_number": "22",
        "filename": "4 7 Estructura productiva y economía sumergida-wav.json",
        "url": "https://www.youtube.com/watch?v=xWhiPigII70&t=219s",
        "source": "4 7 Estructura productiva y economía sumergida-wav"
    },
    {
        "number": 4,
        "timestamp_start": "00:05:08,600",
        "timestamp_end": "00:05:44,560",
        "text": "La economía sumergida en España se estima entre el 10% y el 23%. Aunque Eurostat no tiene una cifra exacta al respecto, los estudiosos sugieren que ronda el 20%. Resulta interesante observar una correlación entre la temperatura de un país y su economía sumergida. Parece existir una tendencia donde en países con temperaturas más bajas, la economía sumergida tiende a ser menor.",
        "old_text": "España, economía sumergida entre el 10 y el 23. Claro, seguro que la han acertado, ¿no? ¿Eso qué significa? Que Eurostat, que esos son fuentes de Eurostat, no saben, ¿vale? Pero los estudiosos dicen que la economía sumergida de España está el 20 algo, 20 algo, ¿no? ¿Vale? Y luego, bueno, lo que veis, ¿no? Hay una correlación que a mí me parece muy interesante, que alguien algún día debe estudiar entre el frío que hace en un país y la economía sumergida que tiene, ¿no? Cuando más frío hace, menos economía sumergida. ¿No?",
        "kind": "online_video",
        "file_number": "22",
        "filename": "4 7 Estructura productiva y economía sumergida-wav.json",
        "url": "https://www.youtube.com/watch?v=xWhiPigII70&t=308s",
        "source": "4 7 Estructura productiva y economía sumergida-wav"
    }
]