[
    {
        "number": 1,
        "timestamp_start": "00:00:00,000",
        "timestamp_end": "00:03:05,580",
        "text": "La economía es la ciencia que estudia la producción, distribución y consumo de bienes y servicios. En el contexto histórico, la economía ha experimentado cambios significativos a lo largo del tiempo. Por ejemplo, durante la Revolución Francesa en 1789, se produjo un cambio de paradigma en la forma de vivir de las sociedades. Antes de este momento, predominaba una estructura medieval en la que el poder estaba concentrado en figuras como el rey, quien era considerado el representante de Dios en la tierra y tenía un control absoluto sobre las decisiones. \n\nSin embargo, con la llegada del capitalismo, se introdujo un nuevo sistema de producción que trajo consigo transformaciones importantes en la organización social y económica. Adam Smith, uno de los principales pensadores de la economía clásica, observó atentamente estos cambios y su impacto en la sociedad de su época. \n\nEn el capitalismo, el mercado y la competencia juegan un papel fundamental en la asignación de recursos y la determinación de los precios. A diferencia del sistema anterior, en el capitalismo no es una sola figura la que toma las decisiones económicas, sino que es el resultado de la interacción entre múltiples agentes económicos. \n\nEn resumen, la evolución de la economía a lo largo de la historia ha estado marcada por cambios en los sistemas de producción, distribución y consumo, que han tenido un impacto significativo en la forma en que las sociedades organizan su actividad económica.",
        "old_text": "¿Qué es lo que se llama la economía? ¿Qué es lo que se llama la economía? ¿Qué es lo que se llama la economía? La guerra de independencia de Estados Unidos. ¿Vale? ¿Qué pasará el 13 años? ¿Qué pasó en el 1789 en el mundo? La revolución francesa, ¿no? ¿Qué quiero decir con esto? Que es un momento, ¿lo veis o no? Ahora es un momento bestial, ¿no? En el mundo para tierra, para evolución del ser humano, es un momento súper importante, seguramente, ¿no? Pero esto es bestial, es bestial, ¿no? ¿Por qué? Porque estamos asistiendo a un cambio de paradigma en la forma de vivir, de modelo en la forma de vivir, ¿no? Hasta aquel momento se vivía, digamos, con una estructura medieval, que íbamos, pues, siglos con muy poca evolución, y a partir de aquel momento se acaba esta historia y aparece un nuevo sistema de producción que es el capitalismo, ¿no? Claro, súper bestia, ¿no? Adam Smith está observando esto, está viendo que algo está ocurriendo, ¿vale? Quiero que pensemos ahora en, en, de forma como muy caricaturesca, en lo que había hasta aquel momento, ¿vale? ¿Qué es lo que había hasta aquel momento? Había un personaje curioso que era el rey, ¿no? Rey, rey, rey, ¿no? Vale. ¿Vale? ¿Qué era el rey, no? El rey era, muy bestia, ¿eh? Era el enviado de Dios en la tierra. Era el representante de Dios en la tierra. Este tío podía hacer y deshacer lo que él quisiera.",
        "kind": "online_video",
        "file_number": "24",
        "filename": "5 2 Adam Smith La mano invisible-wav.json",
        "url": "https://www.youtube.com/watch?v=cyR3mMXAJtk&t=0s",
        "source": "5 2 Adam Smith La mano invisible-wav"
    },
    {
        "number": 2,
        "timestamp_start": "00:03:05,580",
        "timestamp_end": "00:04:45,580",
        "text": "La estructura social de la Edad Media estaba conformada por diferentes estamentos. En primer lugar, se encontraba el rey y su corte, que representaban la aristocracia. A continuación, estaban los nobles, quienes actuaban como señores feudales en sus territorios, teniendo poder para tomar decisiones y establecer normas. Por otro lado, la Iglesia Católica también ejercía un gran poder en aquel entonces, promoviendo la idea de que las personas debían ser \"buenas\". Sin embargo, el concepto de ser \"buenas personas\" variaba dependiendo de la perspectiva. Para la Iglesia, significaba no cuestionar su autoridad ni desviarse de sus enseñanzas. En este contexto, la Inquisición se erigía como una especie de \"multinacional mundial\" que se encargaba de corregir a aquellos que no cumplían con los preceptos establecidos.",
        "old_text": "Era una pasada, ¿vale? Luego había los coleguillas del rey, ¿no? Que era la aristocracia. No la aristocracia, los nobles. Luego había, claro, los nobles, ¿qué eran? Los nobles eran como los señores feudales, ¿no? Los señores feudales, ¿no? Los señores feudales, ¿no? Los señores feudales, ¿no? Los señores feudales, ¿no? Los señores feudales, ¿no? Eran como representantes del rey en su feudo. Por lo tanto, ellos hacían y deshacían lo que querían en su territorio, ¿no? Luego había una estructura muy curiosa que era la iglesia, ¿no? La iglesia católica. La iglesia católica, ¡ostras! Tenía un poder, mirad que ahora tiene poder, ¿no? Pues en aquel momento era una pasada el poder que llegaba a tener la iglesia, ¿no? Era exagerado. Tenía como una especie de eslogan que era que es que la gente teníamos que ser buenas personas, ¿no? Y claro, el problema es qué significa ser buena gente, ¿no? el problema es qué significa ser buena gente, ¿no? Porque esto para uno puede ser una historia pero para otro puede ser otra, ¿no? Claro, para la iglesia, ¿qué significaba ser buena gente? Pues significaba que no protestases. Eso es lo que significaba, ¿no? Que no te salieras de lo que te educaba, de los cánones. Que no te hagas mal rollo, ¿no? Entonces, la iglesia católica montó unas primeras multinacionales mundiales, ¿no? Que se llamaba la Inquisición, ¿no? La Santa Inquisición lo llamaban, ¿no? Que si tú no eras buena persona, pues te lo corregían, ¿no? Vale, entonces, claro, ¿qué significaba no ser buena persona? Hombre, pues, yo qué sé, como buscases, buscar...",
        "kind": "online_video",
        "file_number": "24",
        "filename": "5 2 Adam Smith La mano invisible-wav.json",
        "url": "https://www.youtube.com/watch?v=cyR3mMXAJtk&t=185s",
        "source": "5 2 Adam Smith La mano invisible-wav"
    },
    {
        "number": 3,
        "timestamp_start": "00:04:45,580",
        "timestamp_end": "00:06:31,580",
        "text": "En la historia de la economía, podemos observar cómo a lo largo del tiempo han existido diferentes estructuras y creencias que han influenciado las actividades comerciales y productivas de las sociedades. Por ejemplo, en la Edad Media, la mentalidad predominante era que el comercio y la búsqueda de beneficios eran vistos de manera negativa, asociados con la avaricia y el pecado. Esto se reflejaba en la actitud hacia los comerciantes y empresarios de la época, quienes eran vistos con desconfianza y en ocasiones eran excluidos de ciertas actividades económicas.\n\nUn aspecto importante de la economía medieval eran los gremios, que eran organizaciones que agrupaban a los trabajadores de un mismo oficio o profesión. Los gremios regulaban el ejercicio de las actividades económicas, estableciendo normas sobre la calidad de los productos, los precios y las condiciones laborales. Para poder ejercer un oficio, era necesario pertenecer al gremio correspondiente, lo cual limitaba la competencia y protegía los intereses de los miembros del gremio.\n\nOtro aspecto relevante de la economía de la época era el patrocinio de los monarcas a ciertas actividades económicas, como en el caso de Isabel de Castilla, quien financió el viaje de Cristóbal Colón en busca de una nueva ruta hacia la India. Aunque Colón no llegó a su destino original, su viaje marcó el inicio de la expansión europea hacia América y el inicio de un nuevo capítulo en la historia económica mundial.\n\nEstos ejemplos nos muestran cómo las creencias, las estructuras y las decisiones políticas pueden influir en el desarrollo económico de una sociedad, destacando la importancia de analizar el contexto histórico y cultural para comprender los procesos económicos a lo largo del tiempo.",
        "old_text": "Como fueses egoísta, es decir, tú te ponías a comerciar con no sé qué historias, pero ¿qué estás haciendo? ¿Qué estás haciendo? No, no, no, no, no, no, ven, ven, ven, que te vamos a educar, ¿no? Como dejases pasta y quisieras cobrar algo de dinero a cambio, que ahora nos parecería lo más normal del mundo, no, no, no, no, no, eres hijo del diablo, ¿no? Ven, que te vamos a educar también, ¿no? Entonces, claro, los judíos hijos del diablo, como podéis entender, los judíos estaban... De hecho, en España, los echamos, les dijimos: \"Os vais de aquí\", en el 1492, ¿no? No teníamos para nada a esta gente, ¿no? ¿Vale? Bueno, pues eso, como intentases salirte de lo que tocaba, mal rollo absoluto, ¿no? Luego, había una estructura importante que eran los gremios, ¿no? Entonces, las profesiones, pues, estaban estructuradas por gremios, entonces, claro, para hacer móviles tenías que ser del gremio de los tíos que hacen móviles. No se te ocurra ser un genio pero no ser del gremio pero ser móviles, porque la multinacional esa te va a llamar y te va a decir: \"Que no, hombre, que no, ¿qué haces?\" Y te romperá las manos para que no hagas más móviles, ¿no? Claro, mal rollo, ¿no? Lo veis, mal rollo, ¿no? Paralelamente, paralelamente, eh... Tú sabéis que la corona de Castilla, ¿no? Bueno, el Fernando y la Isabel y todos estos rollos, ¿no? Que se casaron y ahora estamos sufriendo, ¿no? El rollo este y no sé qué películas, ¿no? Pero bueno, la Isabel patrocinó a un tío que se llamaba Cristóbal Colón para que se fuera a dar la vuelta al mundo, ¿no? Y no la dio la vuelta al mundo, ¿no? Porque ese tío tenía que ir a India, ¿no? Y de golpe se encontró...",
        "kind": "online_video",
        "file_number": "24",
        "filename": "5 2 Adam Smith La mano invisible-wav.json",
        "url": "https://www.youtube.com/watch?v=cyR3mMXAJtk&t=285s",
        "source": "5 2 Adam Smith La mano invisible-wav"
    },
    {
        "number": 4,
        "timestamp_start": "00:06:31,580",
        "timestamp_end": "00:08:01,580",
        "text": "En la historia de España, la corona de Castilla tuvo un papel destacado en la expansión hacia América, lo que la convirtió en una potencia mundial. La corona de Castilla tenía la exclusividad del comercio con las Indias, lo que generó grandes riquezas para el país. Por otro lado, la corona de Aragón se especializó en el comercio de esclavos, lo que también contribuyó a la acumulación de fortunas en la región, como es el caso de la familia Güey, mencionada en el texto.\n\nEste periodo de expansión y acumulación de riquezas provocó la aparición de una filosofía de proteccionismo, donde se buscaba resguardar los intereses propios. Esto se manifestaba en medidas como la necesidad de obtener una licencia real para fabricar cualquier producto, como se menciona en el texto en relación con el té en Inglaterra. Aunque en la actualidad este tipo de proteccionismo extremo ya no es común, en el pasado era una práctica extendida.",
        "old_text": "En medio había algo, ¿no? Que era América, ¿no? Y entonces, claro, la corona de Castilla, sólo la corona de Castilla porque la corona de Aragón no les dejaron jugar, ¿no? ¿Vale? Expolió, expolió ese territorio, ¿no? ¿Vale? Y se hicieron muy ricos, muy ricos, muy ricos, muy ricos, ¿no? De hecho, España se convierte en la primera potencia mundial, ¿no? Entonces se dan cuenta que se están protegiendo, ¿no? Claro, la corona de Castilla tenía la exclusividad del comercio con las Indias, ¿no? La corona de Aragón lo único que podía hacer era llevar esclavos, ¿no? Que lo hicimos madre, ¿no? La corona de Aragón se especializó en esto, ¿no? Entonces... No, yo qué sé, el Gaudí es gracias a esto, ¿eh? ¿Vale? Que sepáis, ¿eh? El gran mencionador del Gaudí que era el tipo este, el Güey, ¿no? La familia Güey, la riqueza, la fortuna la hicieron con el comercio de esclavos, ¿no? Entonces grandes fortunas catalanas están cimentadas en esta historia, ¿no? Pero bueno, eso es otra historia, ¿no? Entonces, claro, eso nos provoca de golpe aparece una especie de filosofía que es \"voy a proteger lo mío\", ¿no? Yo protejo lo mío, ¿no? Proteccionismo. ¿Vale? Y ese proteccionismo llegaba a cosas tan alucinantes como que cualquier producto que tú fabricases tenía que tener la licencia del rey, ¿no? Aún hoy en día si vais a Inglaterra y compráis té o compráis cualquier cosa lo pone, ¿no? Fabricado bajo la licencia no sé si lo habéis visto, ¿eh? de la reina de Inglaterra, ¿no? Claro, esto ya no es verdad, ¿no? ¿Vale? Ahora es como anecdótico, pero es que antes era verdad.",
        "kind": "online_video",
        "file_number": "24",
        "filename": "5 2 Adam Smith La mano invisible-wav.json",
        "url": "https://www.youtube.com/watch?v=cyR3mMXAJtk&t=391s",
        "source": "5 2 Adam Smith La mano invisible-wav"
    },
    {
        "number": 5,
        "timestamp_start": "00:08:01,580",
        "timestamp_end": "00:09:47,580",
        "text": "En la historia de la economía, podemos observar cómo a lo largo del tiempo se han ido eliminando barreras y trabas que dificultaban el comercio y el desarrollo económico. Un ejemplo de esto es lo que Adam Smith observó en su época, donde existían múltiples permisos y regulaciones para poder comerciar, lo cual complicaba enormemente las transacciones comerciales. \n\nEn aquel entonces, para comerciar con productos como los Fouets de Vic, se necesitaba una serie de permisos tanto del rey como de las autoridades locales, lo cual generaba una burocracia excesiva y encarecía el proceso. Además, en el trayecto hacia el lugar de comercio, se debía pagar a diferentes señores feudales por el paso por sus tierras, lo que aumentaba los costos y dificultaba la actividad comercial.\n\nAdam Smith se dio cuenta de que había un grupo de personas, los burgueses, que estaban desafiando estas regulaciones y estaban logrando acumular riqueza a través del comercio. Estos burgueses se agrupaban en núcleos urbanos y estaban contribuyendo al desarrollo económico de las ciudades y países donde se encontraban. Smith observó que aquellos lugares con una mayor presencia de burgueses eran los que estaban prosperando y enriqueciéndose.\n\nEste fenómeno nos muestra la importancia de la libertad económica y la eliminación de trabas burocráticas para fomentar el crecimiento económico. La capacidad de comerciar libremente, sin excesivas regulaciones y permisos, permite que las personas puedan emprender, innovar y generar riqueza de manera más eficiente. La historia nos enseña que la prosperidad económica está estrechamente ligada a la libertad de comercio y a la capacidad de las personas para buscar su beneficio propio en un marco de respeto por los derechos de los demás.",
        "old_text": "¿No? Entonces era muy heavy, ¿no? Porque imaginaos que tú vivías en Barcelona y querías comerciar con Fouets de Vic. Pues era terrible. Necesitabas un permiso del rey para poder comerciar los Fouets de Vic. Necesitabas un permiso de la ciudad de Barcelona para poder salir de la ciudad de Barcelona. Luego, cuando te iban hacia Vic, claro, pasabas por caminos de los diversos señores, tenías que ir pagando a estos tíos, ¿no? Llegabas a Vic, necesitabas un permiso para poder entrar a la ciudad de Vic. Necesitabas otro permiso para poder comprar los Fouets de Vic. Necesitabas otro permiso para poder salir de la ciudad de Vic. Claro, esto era muy complejo, muy complejo, ¿lo veis? Era todo como muy complejo, ¿no? Bueno, y no lo he dicho, ¿eh? Pero luego había el resto, ¿no? La gente, ¿no? Que la gente eran como perros, ¿no? ¿Vale? Estos tenían que obedecer y punto, ¿no? No, no, no había más. ¿No? Y claro, Adam Smith se da cuenta de una historia. Se da cuenta que han ido apareciendo un grupo de gente cada vez es más numeroso, que han dejado de ser buena gente, perdón, ¿vale? Han dejado de ser buena gente, ¿vale? Van a su bola, de hecho, de hecho, están financiando, pues, barcos que se van a comerciar hacia hacia Grecia, no sé qué rollo, están no sé qué, no sé cuántos, incluso que dejan pasta a cambio de, ¿vale? Y que esta gente se está haciendo de oro, ¿no? Y que esta gente, además, se están agrupando en unos núcleos urbanos que les llamamos burgos, ¿no? De hecho, a esta gente les llamamos burgueses, y se ha dado cuenta que las ciudades o los países que tienen muchos burgueses son los países que están haciéndose ricos, ¿vale? Son los países que están prosperando.",
        "kind": "online_video",
        "file_number": "24",
        "filename": "5 2 Adam Smith La mano invisible-wav.json",
        "url": "https://www.youtube.com/watch?v=cyR3mMXAJtk&t=481s",
        "source": "5 2 Adam Smith La mano invisible-wav"
    },
    {
        "number": 6,
        "timestamp_start": "00:09:47,580",
        "timestamp_end": "00:11:29,580",
        "text": "Adam Smith plantea la pregunta filosófica de si es bueno ser egoísta, ya que observa que aquellos que buscan su propio interés son los que prosperan y contribuyen al progreso de los países. Esta idea se relaciona con el surgimiento del capitalismo. Smith concluye que ser egoísta no solo es beneficioso a nivel individual, sino que también tiene un impacto positivo a nivel social. Esta perspectiva puede resultar sorprendente, ya que se suele asociar el egoísmo con una connotación negativa. En este sentido, se le atribuyen a Smith frases como \"Sé malo que seas benefactor social\", lo cual refleja su enfoque en la importancia de seguir los propios intereses para fomentar el desarrollo económico.",
        "old_text": "Entonces, claro, la pregunta de Adam Smith es una pregunta filosófica, filosóficamente potente, ¿no? Y la pregunta es, ostras, ¿será bueno ser egoísta? Porque, claro, él se acaba de dar cuenta que la gente que es egoísta, la gente que va a su bola, ¿no? Que busca su propio interés, son los que están prosperando y son los que están haciendo que los países prosperen, ¿no? Capitalismo, ¿no? Veis que está iniciándose el movimiento capitalista, ¿no? Y el tío llega a la conclusión alucinante, pero alucinante, ¿no? Y es que su conclusión es que ser egoísta no es sólo bueno para uno mismo, sino que el que es egoísta es benefactor social. Claro, esto, como podéis entender, esto es la reostia, ¿no? Es como, ¿sabéis que ahora tenemos un papa que es muy moderno, ¿no? Imaginaos que el papa este moderno saliera un día de estos y dijera: \"A pecar, ¿no? A pecar, católicos, a pecar, no os preocupéis, que no pasa nada. Venga, haced lo que os pase por las narices, ¿no?\" La gente se sentiría súper a gusto, ¿no? Estaría porque la gente ahora se va a confesar, no sé qué, no sé cuántos, ¿no? Y el tío diría: \"Se ha acabado de confesar, no os preocupéis, yo cada semana os voy a dar la absolución así por la tele y se acabó el rollo, ¿no?\" ¿Vale? Pues claro, de golpe alguien te dice: \"Sé malo, ¿no? Sé malo que seas benefactor social, ¿no?\" Y dices: \"Joder, ya era hora que alguien me lo dijera, ¿no?\" ¿Vale? Entonces, se le atribuyen, cada vez a Smith le atribuimos dos frases, ¿no? Una, la verdad es que no es suya, pero se la hemos atribuido y, bueno, vamos a dejar que sea así, ¿no? Adam Smith le atribuimos una frase que es, o un eslogan que es, seguro que suena esto, ¿no? Porque se utiliza mogollón.",
        "kind": "online_video",
        "file_number": "24",
        "filename": "5 2 Adam Smith La mano invisible-wav.json",
        "url": "https://www.youtube.com/watch?v=cyR3mMXAJtk&t=587s",
        "source": "5 2 Adam Smith La mano invisible-wav"
    },
    {
        "number": 7,
        "timestamp_start": "00:11:29,580",
        "timestamp_end": "00:12:59,580",
        "text": "El liberalismo económico aboga por la libertad de mercado, donde cada país puede actuar según sus propios intereses. Adam Smith, uno de los principales exponentes de esta corriente, menciona el concepto de la \"mano invisible\". Esta teoría sostiene que si cada individuo busca su propio beneficio en un mercado libre, se logrará el mejor resultado para la sociedad en su conjunto. Smith ejemplifica esto con frases como \"No hemos de esperar de la benevolencia del cervecero que la cerveza sea buena. Ni hemos de esperar de la benevolencia del panadero que el pan sea bueno\", lo que significa que tanto el cervecero como el panadero producirán bienes de calidad para obtener ganancias. La idea es que al perseguir intereses individuales, se promueve el bienestar colectivo de manera eficiente.",
        "old_text": "\"Les ai faire...\" De hecho es \"Les ai faire, les ai passer\", ¿no? Que es liberalismo, liberalismo absoluto, ¿no? Que cada país haga lo que quiera. ¿Qué es esto que la corona de Castilla sea la única que tiene el monopolio del comercio con las indias? ¿De qué vamos, hombre? ¿No? Entonces, claro, los ingleses, por ejemplo, se inventan las patentes de Corso, los corsares, los piratas, ¿no? Que van con licencia de la reina de Inglaterra, ¿no? ¿Vale? Porque pasan, ¿no? Entonces, ¿qué está diciendo Smith? Que cada uno haga lo que quiera, que cada uno haga lo que quiera. El producto final será el mejor, ¿no? Nos haremos mucho más eficientes, ¿no? Y luego, hay otra que sí que es suya, esta la verdad es que es otro tío que se llama Kisney, pero da igual, ¿no? La importante es la mano invisible. ¿Vale? La mano invisible. ¿Y qué nos dice la mano invisible? Flipar, ¿eh? Lo que nos dice la mano invisible. Dice que si cada uno hacemos lo que queremos, si cada uno busca su propio beneficio, se acaba produciendo aquello más óptimo socialmente posible. ¿Vale? Entonces, tiene una serie de frases que dice: \"No hemos de esperar de la benevolencia del cervecero que la cerveza sea buena. Ni hemos de esperar de la benevolencia del panadero que el pan sea bueno.\" ¿No? El cervecero era muy buena cerveza porque ganaba mucha pasta. Y el panadero hará buen pan porque ganaba pasta. Punto. Por lo tanto, deja que el cervecero haga lo que quiera y deja que...",
        "kind": "online_video",
        "file_number": "24",
        "filename": "5 2 Adam Smith La mano invisible-wav.json",
        "url": "https://www.youtube.com/watch?v=cyR3mMXAJtk&t=689s",
        "source": "5 2 Adam Smith La mano invisible-wav"
    },
    {
        "number": 8,
        "timestamp_start": "00:12:59,580",
        "timestamp_end": "00:14:33,580",
        "text": "La \"mano invisible\" a la que se hace referencia en el texto es un concepto clave en la teoría económica, especialmente en el pensamiento de Adam Smith, considerado uno de los padres de la economía moderna. La idea detrás de la \"mano invisible\" es que, en un mercado libre y competitivo, las decisiones individuales de los agentes económicos, motivados por su propio interés personal, tienden a resultar en el beneficio de toda la sociedad. En otras palabras, cuando cada individuo busca maximizar su propio bienestar, en última instancia, contribuye al bienestar colectivo sin necesidad de una coordinación central.\n\nEn el ejemplo mencionado sobre la invención de la silla, se ilustra cómo la búsqueda individual de beneficio puede conducir a resultados positivos para la sociedad en su conjunto. Albert inventa la silla no porque tenga en cuenta los dolores de espalda de José, sino porque percibe una oportunidad de negocio al satisfacer una necesidad existente en el mercado. Esto ejemplifica cómo, a través de la búsqueda de beneficios personales, se pueden generar productos o servicios que cubran demandas reales de la sociedad, mejorando así el bienestar general.\n\nEn el contexto de la economía, la \"mano invisible\" representa la idea de que, en un mercado competitivo y sin intervenciones externas, los precios y las cantidades de bienes y servicios se ajustan de manera automática para equilibrar la oferta y la demanda. Este mecanismo de autorregulación del mercado es fundamental en la teoría económica clásica y subraya la importancia de la libre interacción entre los agentes económicos para alcanzar eficiencia en la asignación de recursos.",
        "old_text": "Claro, saca todas esas limitaciones de permisos y no sé qué rollos. Es lo que nos está diciendo, ¿no? ¿Vale? Entonces, lo que nos está diciendo, para que entendáis, ¿no? La mano invisible nos está diciendo que si cada uno hacemos lo que queremos, acabamos fabricando aquello que realmente es necesario. ¿Vale? Esa es la idea. Lo que realmente es necesario, ¿no? Vamos a... Yo creo que lo mismo es lo mejor es que lo veamos como un ejemplo, ¿no? Para que entendáis lo que intento decir. Vamos a imaginarnos un mundo donde no hay sillas. ¿Vale? Yo estoy aquí de pie dando la clase, ¿no? Bueno, me siento así encima de la mesa, ¿no? Y vosotros estáis sentados en el suelo. ¿Vale? Todo así, posición de loto, buen rollito, la espalda muy recta, pero os imagináis dos horas así. Mal rollo, ¿no? ¿Vale? Entonces, un día nos viene Albert y dice: \"Mira, José, mira, mira, mira, mira, mira lo que he inventado\". Y nos enseña una silla, ¿no? Y claro, yo digo: \"Ostras, ¿qué es esto?\" Le he bautizado \"silla\", ¿no? \"¿Y para qué sirve?\" Dice. \"Ya verás, pruébalo, ¿no? Tú da la clase sentado aquí y vas a ver qué guay, ¿no?\" Y ostras, doy la clase y digo: \"Ostras...\" ¿no? Y todos así, con la espalda hecha polvo, yo comodito aquí, ¿no? Claro, reflexión: ¿por qué Albert ha inventado la silla? ¿Por qué no le caigo de p*** y sabe que tengo dolores de espalda? Seguro que no, ¿no? ¿Vale? Solamente ha inventado la silla porque se le ha ocurrido que eso puede ser un business.",
        "kind": "online_video",
        "file_number": "24",
        "filename": "5 2 Adam Smith La mano invisible-wav.json",
        "url": "https://www.youtube.com/watch?v=cyR3mMXAJtk&t=779s",
        "source": "5 2 Adam Smith La mano invisible-wav"
    },
    {
        "number": 9,
        "timestamp_start": "00:14:33,580",
        "timestamp_end": "00:16:01,580",
        "text": "La producción de bienes y servicios es un concepto fundamental en macroeconomía. En el texto proporcionado, se ilustra de manera informal cómo la producción de sillas por parte de Albert genera ingresos significativos. Sin embargo, la saturación del mercado con sillas lleva a la necesidad de innovar y diversificar la producción. En este caso, se menciona la invención del sofá por parte de Kilian como una respuesta a la sobreproducción de sillas. \n\nEste ejemplo puede relacionarse con el concepto de productividad y especialización en la economía. La especialización en la producción de un bien o servicio puede ser beneficiosa hasta cierto punto, pero es importante diversificar y adaptarse a las necesidades cambiantes del mercado para mantener la competitividad y el crecimiento económico. La innovación juega un papel crucial en este proceso, permitiendo la creación de nuevos productos que satisfagan las demandas de los consumidores.",
        "old_text": "¿Vale? Y de hecho, cuando se acabe la clase, todos empezaréis a pedirle sillas a Albert. ¿Vale? Claro, ostras, Albert ganaba una pasta absolutamente potente, ¿no? A base de hacer sillas y más sillas y más sillas y más sillas, ¿no? Y digo: \"¿Qué pasa si Albert está haciendo sillas y se está haciendo de oro? Yo también quiero\". Y se pone a hacer sillas. Claro, claro, que si se pone a hacer sillas también gana pasta, ¿no? Y de golpe otro: \"¡Ah, yo también!\" Claro, pero a un momento tenemos suficientes sillas. Ya nos haréis de oro, ¿no? Claro, los primeros sí, pero el resto ya no, ¿no? ¿Vale? Y entonces Kilian dice: \"Ostras, ostras, ostras, ostras, sillas no, claro\". Y... ¡Cac! Ya lo tengo, ¿no? Y inventa el sofá, ¿vale? Y nos trae un sofá. No me dice: \"José, mira, pruébalo. Esto es definitivo, pruébalo de verdad. Esto es la c***cia, ¿no? ¡Buah! No, tres de la tarde, ¿eh? Son las tres, ¿no? Ahora. Bueno, a las tres... ¡Ah, no, no, no! Va el miércoles, ¿no? Trae un miércoles, ¿no? ¿Vale? Tres de la tarde, ¡tac, tac! Y, ¡cac! Pensar en esto de cinco minutos. Ir pensando, ¿no? Ir pensando: \"¡Cac! No, y el José se queda sobado, ¿no?\" Imaginaos vosotros en sofás, ¿no? Ya sería alucinante, ¿no? Entonces nos descubrimos que el sofá no es bueno para dar clase, ¿no? Es útil, no es necesario para dar clase, ¿no? El sofá es genial para ver la tele, para hacer la siesta, para ver una novela y quedarte sobadito y todas esas historias, pero no para otra historia, ¿no? Y, claro, ¡ostras! Pero, ¿qué haces de oro, no? Entonces, Laura inventa...",
        "kind": "online_video",
        "file_number": "24",
        "filename": "5 2 Adam Smith La mano invisible-wav.json",
        "url": "https://www.youtube.com/watch?v=cyR3mMXAJtk&t=873s",
        "source": "5 2 Adam Smith La mano invisible-wav"
    },
    {
        "number": 10,
        "timestamp_start": "00:16:01,580",
        "timestamp_end": "00:17:31,580",
        "text": "Es importante entender que en macroeconomía se analizan fenómenos a nivel agregado, es decir, a gran escala, como el comportamiento de la economía en su conjunto. Uno de los conceptos fundamentales en macroeconomía es el de la oferta y la demanda agregada, que se refiere a la cantidad total de bienes y servicios que los agentes económicos están dispuestos a comprar a un determinado nivel de precios en una economía.\n\nOtro concepto clave es el Producto Interno Bruto (PIB), que representa el valor de mercado de todos los bienes y servicios finales producidos en un país en un periodo de tiempo determinado. El PIB se utiliza como indicador del tamaño de la economía y de su crecimiento.\n\nEn macroeconomía también se estudian variables como el consumo, la inversión, el ahorro, la balanza comercial, el empleo y el desempleo, la inflación, entre otros. Estas variables son fundamentales para comprender el funcionamiento de la economía en su conjunto y para diseñar políticas económicas que promuevan el crecimiento y la estabilidad económica.",
        "old_text": "Viene un día y me dice: \"Mira, José, José, esto sí que es mola mogollón, ¿no? Mira, la silla de tres patas, ¿no?\" \"La silla de tres patas, es mucho más ligera, ya verás. Pruebala, pruébala, ¿no?\" Y yo cojo y la pruebo y ¡buaah! ¡Me cago el suelo, ¿no? ¡Ja, ja, ja, ja! \"¡Qué te pareces cachonda, no sé qué!\" Claro, ¿qué ocurrirá con tu silla, Laura? ¿Cuántas vas a vender? Tres sillas, ¿no? A la cuarta te rompen la cabeza, ¿no? ¿Vale? No es necesaria, ¿lo veis? Si cada uno hace lo que quiere, fabricamos cosas que son necesarias. ¿Quién decide lo que es necesario? Nosotros. Eso es muy importante entenderlo, ¿eh? Somos nosotros los que nos creamos nuestras necesidades, ¿no? ¿Vale? Mirad, hace un tiempo, ¿qué hará? Cuatro o cinco años, hubo una gente que inventaron el portátil plegable. ¿Lo habéis visto esto? Un portátil que se plegaba. ¿No? ¿Lo habéis visto? ¿Nadie lo ha visto esto? Genial, ¿no? A priori dices, si alguien te viene a ver y te dice: \"Mira, se me ha ocurrido una idea y voy a inventar un portátil plegable\", y dices: \"Vale, va, ¿dónde meto la pasta, no? Porque uno piensa: \"Esto es una idea buenísima, ¿no?\" Pues mirad, hemos decidido que no os interesa para nada el portátil plegable. ¿Lo veis? Para nada, ¿eh? Vic, Vic, ¿sabéis? Los bolis y toda esa historia, ¿no? Se os ocurrió inventar el móvil desechable. Y si os fijáis, yo creo, ahora ya se han dado cuenta de que no funciona, ¿no? Pero en muchas asesorineras había móviles que valen 9 euros, ¿no? Y tú tienes llamadas por valor de 9 euros, además.",
        "kind": "online_video",
        "file_number": "24",
        "filename": "5 2 Adam Smith La mano invisible-wav.json",
        "url": "https://www.youtube.com/watch?v=cyR3mMXAJtk&t=961s",
        "source": "5 2 Adam Smith La mano invisible-wav"
    }
]