[
    {
        "number": 1,
        "timestamp_start": "00:00:00,000",
        "timestamp_end": "00:02:26,920",
        "text": "En el estudio de la macroeconomía, es fundamental tener en cuenta diversos aspectos para comprender el funcionamiento de la economía a gran escala. Uno de los conceptos clave es el de desempleo, el cual se refiere a la situación en la que las personas que están en edad de trabajar y buscan empleo no pueden encontrarlo. En el texto se menciona que hay 6 millones de parados, lo cual indica una alta tasa de desempleo en la economía.\n\nAdemás, se hace referencia a un esquema que se ha propuesto, el cual parece plantear ciertas dudas o fallos. Es importante analizar detenidamente los modelos y esquemas en macroeconomía para identificar posibles errores o áreas de mejora. En este sentido, se menciona la importancia de la reinversión por parte de las empresas para crecer y expandirse en el mercado.\n\nPor otro lado, se alude a la idea de colaborar frente a competir, resaltando la importancia de la cooperación entre agentes económicos en contraposición a la competencia constante. Este enfoque puede tener implicaciones significativas en el funcionamiento de la economía y en la distribución de recursos.\n\nEn relación con las razones planteadas por Keynes, se destaca la importancia de comprender cómo funcionan los circuitos económicos y qué sucede cuando las familias deciden ahorrar en lugar de gastar. Estos aspectos son fundamentales para analizar el comportamiento de los agentes económicos y sus efectos en el sistema económico en su conjunto.",
        "old_text": "¿Qué es lo que no estamos teniendo en cuenta? Venga, ¿a alguien se le ocurre...? ¿En qué falla esto que os estoy proponiendo? ¿Se os ocurre o no? ¿En qué falla el sistema vitalista? ¿En qué es lo que no estamos teniendo en cuenta? Porque hay 6 millones de parados, ¿no? ¿Este esquema es cierto? Esto que yo acabo de dibujar de borradores, ya sé que con borradores no, pero ¿sería cierto o no? ¿Falla en algo? Venga, ha escrito, pero ¿qué quieres decir? Tú eres un poeta, ¿no? ¿Eso qué significa? No, no, no, fíjate, si ya hemos hablado de eso, ¿no? Todo lo que produces es evidente que no va a gustar, es evidente. El portátil aquel no ha gustado y no se ha vendido. El tío aquel se ha muerto de hambre, ¿me entiendes? Ya, y... Sí, sí. Claro, pueden reinvertir sin ningún problema, hacerse más grandes, ¿por qué no? Bien, Chavi, bien, bien, me gusta, me gusta lo que está diciendo Chavi, ¿vale? Vamos a dejarlo en paréntesis, pero eso es muy interesante, ¿vale? ¿Vale? El colaborar enfrente al competir, ¿no? Eso es vital, ¿vale? Vamos a hablar de esto dentro de un momento, ¿eh? Esa es una idea buena, ¿no? ¿Qué más? ¿Alguien se le ocurre algo más? Kilian, atención a lo que os voy a contar ahora, ¿vale? ¿Vale? Primera razón, ¿no? Esta razón la da Keynes, las dos, de hecho, son de Keynes, ¿no? Pero la primera razón, flipar, ¿eh? Este circuito es cierto siempre que funcione así, ¿no? Pero ¿qué ocurrirá? ¿Cuándo tu familia decida ahorrar para comprarte un superborrador cuando tengas 18 años? ¿Entendéis? ¿Entendéis? ¿Vas a vaciar el...",
        "kind": "online_video",
        "file_number": "25",
        "filename": "5 3 Fallos del capitalismo el ahorro-wav.json",
        "url": "https://www.youtube.com/watch?v=6TzOw2di45w&t=0s",
        "source": "5 3 Fallos del capitalismo el ahorro-wav"
    },
    {
        "number": 2,
        "timestamp_start": "00:02:26,920",
        "timestamp_end": "00:04:37,180",
        "text": "El ahorro es un concepto fundamental en macroeconomía. Cuando las familias o individuos ahorran, están destinando parte de sus ingresos a reservarlos para el futuro en lugar de gastarlos inmediatamente. A primera vista, el ahorro puede parecer positivo, ya que implica previsión y responsabilidad financiera. Sin embargo, desde el punto de vista macroeconómico, un alto nivel de ahorro puede tener efectos negativos en la economía en su conjunto.\n\nCuando una gran parte de la población ahorra en exceso, puede llevar a una disminución del consumo, lo que a su vez puede provocar una reducción en la demanda agregada. Esto puede resultar en una desaceleración económica, ya que las empresas ven reducidos sus ingresos al disminuir las ventas de sus productos o servicios.\n\nPor otro lado, la inversión es clave para el crecimiento económico. La inversión impulsa la producción, la creación de empleo y el desarrollo de nuevas tecnologías. Cuando las empresas invierten en maquinaria, equipos, investigación y desarrollo, están contribuyendo al aumento de la productividad y a la expansión de la economía.\n\nEn este sentido, es importante encontrar un equilibrio entre el ahorro y la inversión en una economía. Mientras que el ahorro es necesario para garantizar la estabilidad financiera a nivel individual, un exceso de ahorro a nivel macroeconómico puede obstaculizar el crecimiento económico. Por ello, fomentar la inversión a través de políticas económicas adecuadas es esencial para estimular la actividad económica y promover el desarrollo sostenible.",
        "old_text": "el... esto, ¿no? ¿Lo veis? Estaba haciendo el circuito, ¿no? Mal rollo, ¿eh? Muy mal rollo. ¿Entendéis la jugada? Claro que me dirán, José, pero algún día comprará el borrador tu familia, ¿no? Ya, y entonces la familia de Xavi será la que ahorrará. Siempre habrá ahorro, ¿lo veis? Cuidado lo que voy a decir ahora. El ahorro, terrible. Terrible para una economía. Ahorrar, terrible para un sistema económico. ¿Qué dice este tío? Palabra de honor que no he vivido. Os lo prometo, ¿vale? El ahorro es terrible. ¿Y entonces no hay solución? Sí, sí, hay una solución, mirad. La solución es esta. La inversión. ¿Vale? La inversión. ¿Vale? Claro, se invierte. Una economía invierte, esto va a crecer. ¿Vale? Pero el ahorro va a vaciarlo todo. ¿No? ¿Veis la jugada? Pues entonces, si esto es así, tenemos un problema. ¿Quién ahorra? ¿Quién ahorra? Los pobres ahorran. ¿Pero quiénes son? Las familias, ¿no? Son las que ahorran, ¿no? Vale, pobres y ricos. Los ricos también ahorran. ¿Vale? ¿Y quién invierte? ¿Eh? Eric. No, ¿quién invierte? ¿Quién hace la inversión en un país? ¿Eh? No, el Estado hace el gasto público. ¿Quién hace la inversión? Los bancos no invierten nada. Dejan dinero a gente para que invierta. ¿Pero quién invierte? ¿Eh? ¿Vale? Ahorran. Las familias invierten las empresas. ¡Ostras! Pues ahí va a haber un problema. ¿No? ¿Cuál es el problema? ¿Qué? ¿Quién decide esto? Las familias. ¿Quién decide esto? Las empresas, ¿no? Pues perdonad, ¿eh? Pero va a ser muy difícil, muy difícil que coincida, ¿no? Eso estará bien.",
        "kind": "online_video",
        "file_number": "25",
        "filename": "5 3 Fallos del capitalismo el ahorro-wav.json",
        "url": "https://www.youtube.com/watch?v=6TzOw2di45w&t=146s",
        "source": "5 3 Fallos del capitalismo el ahorro-wav"
    },
    {
        "number": 3,
        "timestamp_start": "00:04:37,180",
        "timestamp_end": "00:06:19,400",
        "text": "El equilibrio en un circuito económico se logra cuando el ahorro es igual a la demanda de inversión. Sin embargo, es poco probable que esto ocurra de forma natural. Es común que en ocasiones el ahorro sea menor que la inversión, lo que lleva al crecimiento económico. Por otro lado, si el ahorro es mayor que la demanda de inversión, el circuito se vacía. En resumen, si el ahorro es menor que la demanda de inversión, se produce un crecimiento económico. Este concepto nos ayuda a entender el flujo económico en una economía. \n\nJohn Maynard Keynes propuso soluciones a estas situaciones desequilibradas. Es importante tener en cuenta que los modelos simplificados, como el circuito económico presentado, no representan fielmente el funcionamiento real de la economía, que es mucho más complejo que tubos y grifos. Es fundamental comprender los conceptos en su totalidad y no caer en la simplificación excesiva de los mismos.",
        "old_text": "Este circuito estará equilibrado cuando el ahorro sea igual a la demanda de inversión. Pero será pura casualidad. Lógico es que el ahorro a veces sea inferior a la inversión y entonces esto crecerá. Habrá crecimiento económico o que el ahorro a veces sea inferior a la demanda de inversión. ¿Vale? ¿Vale? Si el ahorro es mayor que la demanda de inversión, se va a vaciar este circuito. Si el ahorro es... Yo no sé lo que he dicho, ¿vale? Si es mayor que la demanda de inversión, se vacía el circuito. Paro. Si el ahorro es menor que la demanda de inversión, crecimiento económico. De hecho, esto, podríamos decir, que nos está explicando el porqué del flujo económico aquel que os enseñaba. ¿Os acordáis? ¿Os acordáis? ¿Os acordáis? ¿Os acordáis de esto? De algún modo, esto nos está explicando. Pero claro, esto es un mal rollo, ¿no? Entonces, ¡ostras! Keynes dice... Bueno, pero hay una solución. Mirad. Ah, una cosa muy, muy importante. Este dibujo que os pongo ahora, que es el mismo que antes, pero así... más formalizado, más bonito, ¿no? Esto es un intento de simplificación de explicar algo. La economía no funciona así. No es una cuestión de tubos y grifos y... ¿Vale? Lo digo porque ahora, de golpe, porque me ocurre más de una vez, ¿no? Alguien empieza a pensar que si hubiera un tubo y si un secador que... No, no, no. Entender. No, no, no. ¿Vale? Esto se me ocurrió una noche de insomnio de verano, ¿no? Y yo dices, oh, lo podría explicar de esta manera.",
        "kind": "online_video",
        "file_number": "25",
        "filename": "5 3 Fallos del capitalismo el ahorro-wav.json",
        "url": "https://www.youtube.com/watch?v=6TzOw2di45w&t=277s",
        "source": "5 3 Fallos del capitalismo el ahorro-wav"
    },
    {
        "number": 4,
        "timestamp_start": "00:06:19,400",
        "timestamp_end": "00:07:48,060",
        "text": "El ahorro es mayor que la demanda de inversión, se produce un desequilibrio que puede llevar a problemas en la economía. Una posible solución a estos problemas dentro del capitalismo es la intervención del Estado. Esto implica que cuando la inversión no sea suficiente, el Estado puede aumentar el gasto público para estimular la economía. De igual manera, si el ahorro no es suficiente, el Estado puede ajustar los impuestos para equilibrar la situación. Esta idea se basa en las teorías de Keynes, quien defendía la importancia de la intervención estatal en la economía para regular el flujo económico y evitar crisis.",
        "old_text": "Punto. Y ya está, ¿no? ¿Vale? Pero no hay cubos, ni hay grifos, no hay nada de todo esto. ¿Vale? Lo único que estoy diciendo es que el ahorro, ¿veis? Si el ahorro es mayor que la demanda de inversión, eso se va a vaciar y es... Momento, Alejandro, eso va a ser un mal rollo. ¿Vale? No hay solución. Claro que dice, sí que hay solución. ¿Vale? Sí que hay solución a los problemas del capitalismo. Hay una solución. ¿Cuál es? Que el Estado intervenga. Que intervenga, fijaros, cuando la inversión no sea suficiente, gasto público, ¿lo veis? Que sea el Estado el que gaste. El ahorro no sea suficiente, juega con los impuestos. ¿Vale? Por lo tanto, ¿veis? Keynes, esto es... Ya lo veremos, ¿eh? Todo esto. Ahora es como anunciar algo, ¿no? Pero Keynes nos va a defender que es importante intervenir en la economía porque, de algún modo, si el Estado interviene en la economía, ¿vale? Podrá ir regulando la historia y que el flujo este funcione. Esta es la idea. ¿Vale? Antes de daros la palabra, ¿eh? Que algunos habéis levantado el brazo, ¿no? Un minuto. Quiero que durante un minuto lo discutáis y entonces me digáis el qué. Vale, va. Alejandro, ¿qué? Eh... A mí me ha hecho una duda cuando un poquito de la gente que habla de dinero, ¿verdad? Genial. Muy bien tu duda. Me gusta tu duda, ¿vale? Claro, entonces, si los bancos son los que dejan, genial, ya. Vete a pedir pasta ahora en banco.",
        "kind": "online_video",
        "file_number": "25",
        "filename": "5 3 Fallos del capitalismo el ahorro-wav.json",
        "url": "https://www.youtube.com/watch?v=6TzOw2di45w&t=379s",
        "source": "5 3 Fallos del capitalismo el ahorro-wav"
    },
    {
        "number": 5,
        "timestamp_start": "00:07:48,060",
        "timestamp_end": "00:09:33,060",
        "text": "Los bancos son vitales para un sistema económico, ya que catalizan el flujo de dinero en la economía. Sin embargo, en ocasiones no cumplen adecuadamente con esta función, lo cual puede generar problemas. Es importante entender que el ahorro no solo implica guardar el dinero debajo del colchón, sino también depositarlo en el banco. En tiempos de crisis económica, es fundamental que el Estado invierta una gran cantidad de dinero para estimular la economía, a diferencia de lo que comúnmente se hace que es ahorrar. Las empresas son las encargadas de invertir en la economía, lo cual es crucial para el crecimiento y desarrollo económico.",
        "old_text": "Vete a pedir pasta en banco. O sea, claro, los bancos son vitales para un sistema económico. ¿Por qué? Porque son los que van a catalizar este cubo, se convierta en grifo, ¿no? Pero... no siempre lo hacen. De hecho, ahora no lo están haciendo. ¿Vale? Entonces, ese es el problema. ¿Entiendes? Pero tienes razón, ¿no? Claro, yo cuando hablo de ahorro, ahorro, es lo de ponerlo debajo de. Claro. ¿Vale? Pero también es ponerlo en el banco, ¿eh? Porque el banco muchas veces no te deja ese dinero. Ese va a ser el problema, ¿no? Pero bien, bien, tu duda es muy buena. ¿Quilean? Eh... ¿Para qué vas a invertir si ya te iban a invertir en...? Va a hacer una autopista. Entonces, cuidado, ¿eh? Dentro de dos días yo os voy a defender una historia que es bestial. ¿Vale? El aeropuerto de Castellón, bienvenido sea. Bienvenido sea. ¡Hala, que diva, José! ¿Vale? Cuando... Fijaros lo que os voy a decir. Cuando hay una crisis económica, cuando hay una crisis económica, es cuando se ha de gastar mogollón de pasta el Estado. Todo totalmente lo contrario a lo que se está haciendo, que es ahorrar. ¿Vale? Absoluta. ¿Vale? Tranquilos, ¿eh? Yo ya sé que... Tranquilos, ¿vale? Ya lo veremos. Así es. ¿Así es? Pero es que las empresas son las que... ¿Las empresas son las que gastan? ¿O qué? ¿Qué es lo que se hace? No. Que invierten las empresas no son las propias empresas, son las empresas las que invierten.",
        "kind": "online_video",
        "file_number": "25",
        "filename": "5 3 Fallos del capitalismo el ahorro-wav.json",
        "url": "https://www.youtube.com/watch?v=6TzOw2di45w&t=468s",
        "source": "5 3 Fallos del capitalismo el ahorro-wav"
    },
    {
        "number": 6,
        "timestamp_start": "00:09:33,060",
        "timestamp_end": "00:09:55,020",
        "text": "En la economía, son las empresas las que realizan inversiones, las cuales consisten en generar bienes de capital y no simplemente en guardar dinero. El ahorro puro, por sí solo, no es beneficioso en términos económicos.",
        "old_text": "No en las empresas. En la economía son las empresas las que invierten. ¿Vale? Acuérdate lo que es inversión, generar bienes de capital. No es meter pasta. ¿Vale? ¿Sí? Vale. Entonces, tenemos la primera razón, ¿vale? La primera razón, el ahorro como tal puro, para que nos entendamos, ¿vale? El ahorro puro, mal rollo. mal rollo.",
        "kind": "online_video",
        "file_number": "25",
        "filename": "5 3 Fallos del capitalismo el ahorro-wav.json",
        "url": "https://www.youtube.com/watch?v=6TzOw2di45w&t=573s",
        "source": "5 3 Fallos del capitalismo el ahorro-wav"
    }
]