[
    {
        "number": 1,
        "timestamp_start": "00:00:00,000",
        "timestamp_end": "00:01:29,380",
        "text": "La teoría de juegos, desarrollada por John Nash, premio Nobel de Economía, es un concepto fundamental en macroeconomía. Nash, un genio esquizofrénico, creó esta teoría que ha tenido un gran impacto en el campo de la economía. La teoría de juegos se centra en el estudio de las interacciones estratégicas entre diferentes agentes racionales. En un contexto más amplio, la teoría de juegos se aplica para analizar situaciones donde las decisiones de un individuo afectan a los resultados de otros participantes. Es decir, se estudia cómo los jugadores toman decisiones teniendo en cuenta las decisiones de los demás y cómo estas decisiones afectan a los resultados finales. \n\nEn el ámbito de la macroeconomía, la teoría de juegos se utiliza para analizar fenómenos como la competencia entre empresas, la negociación colectiva, la política monetaria, entre otros. Es una herramienta poderosa que permite modelar situaciones complejas y predecir posibles resultados. La teoría de juegos ha revolucionado la forma en que entendemos las interacciones entre los agentes económicos y ha contribuido significativamente al desarrollo de la economía como ciencia.",
        "old_text": "Tenemos la primera razón, ¿vale? La primera razón, el ahorro como tal, puro, para que nos entendamos, ¿vale? El ahorro puro, mal rollo, ¿vale? Vamos a la segunda razón que tiene que ver mucho con lo del Xavi, ¿no? Esta segunda razón, para ilustrarla de una forma, digamos, alegre, ¿vale? Que me sabe mal porque, según como os podéis escabrear conmigo hoy, bueno, ya os sabéis que abriamos una vez, ¿no? Pero hoy puede ser más duro las mujeres porque lo que vamos a ver ahora es un poco machista, ¿vale? Pero es un trozo de una película que es una mente maravillosa. ¿La habéis visto, la peli esta? Sí. ¿Vale? La del Nash, premio Nobel de Economía, ¿no? Un tío que es esquizofrénico, ¿no? La teoría de juegos, ¿no? Bueno, vas a ver un trozo, ¿vale? Está Nash, era un tío que existe, ¿vale? Está vivo, está vivo. Es un tío que es esquizofrénico, que ve cosas, ¿no? Ve personas, aún las ve. Este tío ha venido a la OPC. ¿Vale? Más de una vez, ¿vale? Es un señoría muy mayor, pero es un tío bestial, que él sabe que ve gente que no existe, ¿no? Entonces el tío hace ver que... ¿No? Porque le hablan, ¿no? Y el tío pasa, ¿no? Es como que no estáis, ¿no? ¿Vale? Pero Nash es el tipo que desarrolló una cosa que se llama teoría de juegos, que luego hablamos del qué, ¿no? Entonces está Nash en un bareto con colegas, ¿vale? Está trabajando, está pensando en no sé qué tonterías, de unas palomas, no sé qué películas, ¿no? Y de golpe...",
        "kind": "online_video",
        "file_number": "26",
        "filename": "5 4 Fallos del capitalismo Ser social-wav.json",
        "url": "https://www.youtube.com/watch?v=TyquumLq-WI&t=0s",
        "source": "5 4 Fallos del capitalismo Ser social-wav"
    },
    {
        "number": 2,
        "timestamp_start": "00:01:29,380",
        "timestamp_end": "00:06:21,240",
        "text": "La macroeconomía es una rama de la economía que se encarga de estudiar el comportamiento de la economía en su conjunto. Se centra en analizar variables a nivel agregado, como el producto interno bruto (PIB), la inflación, el desempleo, entre otros. La macroeconomía busca entender cómo funcionan los grandes sectores de una economía y cómo las políticas económicas pueden influir en su desempeño.",
        "old_text": "Y de golpe... Y de golpe... Y de golpe... Y de golpe... Y de golpe... Y de golpe...",
        "kind": "online_video",
        "file_number": "26",
        "filename": "5 4 Fallos del capitalismo Ser social-wav.json",
        "url": "https://www.youtube.com/watch?v=TyquumLq-WI&t=89s",
        "source": "5 4 Fallos del capitalismo Ser social-wav"
    }
]