[
    {
        "number": 1,
        "timestamp_start": "00:00:00,000",
        "timestamp_end": "00:02:09,860",
        "text": "Las ideas de Adam Smith tuvieron mucho éxito en el siglo XIX, un siglo de grandes cambios donde se incentivó la iniciativa privada y se recompensó. Esto trajo consigo la creación de grandes empresas, innovaciones tecnológicas y transformaciones radicales en la vida de las personas en Europa. Sin embargo, estos avances también generaron desequilibrios en el sistema económico. Es en este contexto que surge la figura de Karl Marx, quien critica los efectos negativos de un sistema basado en la iniciativa privada. Marx señala que el capitalismo, al buscar constantemente maximizar las ganancias, genera desigualdades y explotación, lo que a la larga conduce a crisis y conflictos sociales.",
        "old_text": "Las ideas de este hombre, de Adam Smith, la verdad es que tuvieron muchísimo, muchísimo éxito. Y de hecho, si lo pensamos un poquito, la verdad es que el siglo XIX es un siglo alucinante de cambios. Gracias a que de golpe se incentiva la iniciativa privada. De golpe se recompensa la iniciativa privada. Hasta aquel momento eso era muy difícil, pero de golpe todo esto se libera. Entonces, claro, pensar, ¿eh? A principios del siglo XIX, Napoleón Bonaparte, los cañones aquellos redonditos con las bolitas blancas y a caballito todos. Se acaba el siglo XIX y hay coches, y hay locomotoras de vapor. En el 48 hacemos el primer trayecto en España de tren, etc. Ha cambiado radicalmente la vida de la gente que vive en Europa. Radicalmente, radicalmente. Y no solo esto, sino que hemos creado grandes empresas, han habido grandes innovaciones tecnológicas, etc. Gracias a qué? Seguramente a la iniciativa privada. Pero es verdad que eso está provocando grandes desequilibrios a la vez en el sistema. Entonces, es cuando aparece un tipo, hay muchos, ¿no? Pero el más famoso es el Karl Marx, ¿no? Que dice, ¡ostras, qué mal rollo, qué mal rollo, qué mal rollo, qué mal rollo! Habéis inventado un coche que para que funcione el motor ha de ir cada vez más revolucionado. Claro, eso es imposible, ¿no? Porque acabará quemando, el motor este, acaba rompiendo, explotando, ¿no? Entonces, claro, la gente se lo mira como diciendo, tú, tú eres tonto. Tú eres tonto, tío, si estabas mejor que nunca, ¿no? Ya, pero el proletariado, tal, no sé qué, no sé cuántos.",
        "kind": "online_video",
        "file_number": "27",
        "filename": "5 5 Auge y caida tesis no intervencionistas-wav.json",
        "url": "https://www.youtube.com/watch?v=8niauZtfpV0&t=0s",
        "source": "5 5 Auge y caida tesis no intervencionistas-wav"
    },
    {
        "number": 2,
        "timestamp_start": "00:02:09,860",
        "timestamp_end": "00:03:38,020",
        "text": "En el siglo XIX, el sistema capitalista comenzó a experimentar dificultades, lo cual se compara con un coche viejo que hace ruidos extraños pero sigue funcionando. En 1848, se menciona que el sistema capitalista empezó a tener problemas, pero logró mantenerse a flote. Posteriormente, en 1868, se hace referencia a la Comuna Francesa, una revolución anarquista que no logró cambiar el sistema establecido. A finales de siglo, se destaca la pérdida de Cuba y Filipinas por parte de España, lo cual se atribuye a una crisis económica significativa. En 1907, se menciona la \"semana trágica\" en Cataluña, donde hubo disturbios y revueltas anarquistas. Estos eventos se presentan como ejemplos de momentos de crisis en el sistema capitalista a lo largo de la historia.",
        "old_text": "Tú, tú eres tonto, tío, ¿no? Nadie le hace caso, ¿no? El pobre Marx murió en Londres, solo, arruinado. Nadie le hacía ni caso, ¿no? A este hombre. ¿Verdad? Pero, pero, sí que es verdad que a lo largo del siglo XIX, el coche del capitalismo empezó a tener problemas, ¿no? Entonces, es como, los coches ahora ya no les pasa, ¿no? Pero un coche viejo, no sé si lo habéis oído vosotros, ¿no? Se tiran pedos, ¿no? Los coches viejos, ¿no? De golpe tú vas en el coche y empieza, ¡pá, pá, pá, pá, pá! Y parece que se está ahogando, se está ahogando, y dices, ¡que no se pare, por favor, que no se pare! Y de golpe, ¡bum! Sigue tirando y no ha pasado nada. Pues mirad, en 1848 el sistema capitalista empezó a tirarse pedos. ¡Pá, pá, pá, pá, pá, pá! Y de golpe, ¡no, no, no pasa nada! ¡Bomba! Y siguieron, no pasa nada, no pasa nada, ¿no? En 1868 la Comuna Francesa, ¿no? Es una revolución anarquista, es una pasada, ¿no? Pero se los cargan a todos. No ha pasado nada, no ha pasado nada, ¿no? Seguimos para adelante, ¿no? Finales del siglo, ostras, finales del siglo, claro, España pierde Cuba y Filipinas. Dices, pues mejor. Hombre, no, es una crisis económica alucinante eso, ¿no? Las pierde porque es una crisis económica alucinante, ¿vale? El sistema capitalista se está tirando pedos otra vez, ¿no? 1907, la semana trágica en Cataluña, ¿no? Una revolución anarquista, ¿no? Se dedican a quemar monjas, a violarlas, es una locura, ¿no? Pero es lo mismo, es una especie de revolución de los trabajadores que están hartos de todo esto.",
        "kind": "online_video",
        "file_number": "27",
        "filename": "5 5 Auge y caida tesis no intervencionistas-wav.json",
        "url": "https://www.youtube.com/watch?v=8niauZtfpV0&t=129s",
        "source": "5 5 Auge y caida tesis no intervencionistas-wav"
    },
    {
        "number": 3,
        "timestamp_start": "00:03:38,020",
        "timestamp_end": "00:05:11,020",
        "text": "En 1914, la humanidad se sumergió en la Primera Guerra Mundial, un conflicto devastador que marcó un antes y un después en la historia. Posteriormente, en 1929, ocurrió el conocido como \"crack del 29\", una crisis económica sin precedentes que sumió al mundo en una profunda recesión. Ante esta situación, los economistas se vieron en la necesidad de replantearse sus teorías y estrategias, ya que la economía se desplomaba rápidamente.\n\nEn este contexto, surge la figura de John Maynard Keynes, quien abogaba por la intervención del Estado en la economía para estimular la demanda agregada y salir de la recesión. Su teoría se basaba en la idea de que en momentos de crisis, el sector privado no era capaz de generar el nivel de gasto necesario para reactivar la economía, por lo que era fundamental la intervención estatal.\n\nEstados Unidos, por su parte, tuvo un papel crucial en la Segunda Guerra Mundial, tanto en el aspecto militar como en el económico. La participación en el conflicto impulsó la economía estadounidense, que experimentó un crecimiento sin precedentes durante y después de la guerra. Este periodo de expansión económica se conoce como los \"Años Dorados\" del capitalismo, caracterizado por altas tasas de crecimiento y pleno empleo.\n\nEn resumen, tanto la Primera Guerra Mundial como la crisis del 29 y la Segunda Guerra Mundial marcaron hitos importantes en la historia económica mundial, que llevaron a la formulación de nuevas teorías y políticas económicas para hacer frente a los desafíos del siglo XX.",
        "old_text": "Pero no pasa nada, seguimos, ¿no? 1914, ostras, por primera vez la humanidad decide masacrarse entre ellos de una forma exagerada. Hay una película buenísima, buenísima del Stanley Kubrick, y no me viene el título, por lo tanto no os la puedo decir. Sí, sí, sí, sí, \"Senderos de Gloria\", ¿vale? Si la podéis ver es muy, muy buena, ¿no? Si veis esa película, es muy, muy buena, ¿no? Y la verdad es que es una película que no me gusta mucho, ¿no? Porque es una película que no me gusta mucho, ¿no? Pero es una película que no me gusta mucho, ¿no? Y la verdad es que es una película que no me gusta mucho, ¿no? Porque es una película que no me gusta mucho, ¿no? Pero si la podéis ver, es muy, muy buena, ¿no? Si veis esa película, es muy buena, muy buena, muy buena, y veis la crudeza de la primera guerra mundial, ¿no? Pero se acaba la primera guerra mundial y no ha pasado nada, seguimos para adelante, seguimos para adelante, seguimos para adelante, y de golpe, el crack del 29. Y el mundo se hunde. El mundo se hunde de una forma increíble, increíble, increíble, ¿no? Entonces, claro, los pensadores, hasta aquel momento, ¿qué pensaban todos los economistas? Que no se tenía que terminar la economía, ¿no? Por lo tanto, tranquilos que no pasa nada, ¿no? Pero la economía se hunde, se hunde en picado, se hunde en picado, se hunde en picado, se hunde en picado, ¿no? Entonces, cuando aparece ese tío Kinski, dice: \"Tíos, que se tiene que intervenir\", ¿vale? Y entonces interviene, ¿no? De una forma heavy, ¿no? Porque no sé si veis la gran intervención que hay, ¿no? ¿Cuál es, no? Esto ya lo veremos más adelante, ¿no? Pero fijaros, ¿eh? ¿Qué hace Estados Unidos? Entra en una guerra, ¿no? Que nadie lo ha invitado, ¿eh? Bueno, seguro lo han invitado, pero, ¿vale? Él entra a saco, ¿no? A saco, a saco, ¿no? Nunca Estados Unidos creció tanto como en la Segunda Guerra Mundial.",
        "kind": "online_video",
        "file_number": "27",
        "filename": "5 5 Auge y caida tesis no intervencionistas-wav.json",
        "url": "https://www.youtube.com/watch?v=8niauZtfpV0&t=218s",
        "source": "5 5 Auge y caida tesis no intervencionistas-wav"
    },
    {
        "number": 4,
        "timestamp_start": "00:05:11,020",
        "timestamp_end": "00:06:42,020",
        "text": "En la historia de la macroeconomía, se han vivido diferentes etapas donde las ideas predominantes han ido cambiando. En un momento dado, se consideró que el gasto público era la solución, y se pensó que el Estado debía intervenir de manera activa en la economía. Esto se dio en un contexto de bonanza económica en Europa y Estados Unidos, donde se aceptaba ampliamente la intervención estatal. Sin embargo, en los años 60, se llegó a creer que las crisis económicas eran cosa del pasado. Fue una época de gran creatividad y desarrollo cultural, con figuras como los Beatles y pensadores como Jean-Paul Sartre marcando la pauta.\n\nPero en los años 70, la situación cambió drásticamente y el mundo volvió a enfrentarse a crisis económicas. En este contexto, surge la figura de Milton Friedman, un destacado economista de la Universidad de Chicago, quien retomó el pensamiento clásico y advirtió sobre los peligros inminentes. Friedman se convirtió en un referente al plantear que el mundo se enfrentaba a desafíos importantes, retomando ideas que habían sido dejadas de lado en épocas de intervencionismo estatal.",
        "old_text": "Nunca, nunca, nunca, nunca, ¿no? Gasto público a punta para, a punta para, a punta para, ¿no? Entonces, durante unos años nos olvidamos del pensamiento clásico, ya no sirve para nada el pensamiento clásico, el Estado tiene que intervenir, ¿no? Entonces, son años de muy bonanza económica en Europa y en Estados Unidos, ¿no? Todo el mundo acepta que el Estado tiene que intervenir, tal, no sé qué, no sé cuántos, ¿no? Segunda Guerra Mundial, no sé qué, bum, bum, bum, bum, bum. Los años 60 llegamos a pensar que el mundo ya nunca más va a haber una crisis económica. Los años 60 son años de una gran... En Europa, ¿eh? ¿vale? En España no, ¿eh? España... Estábamos en una nubulosa con un tipo curioso, ¿vale? Sí, sí, bueno. Pero en Europa, ¿vale? Sí que es verdad que realmente nos pensamos que ya nunca más va a haber crisis. Son años de grandes... Fijaos, los \"Rolling Trolls\" Beatles, ¿no? Toda esta gente es de los años 60, ¿no? Pensadores, ¿no? Jean-Paul Sartre... Son años de una creatividad absolutamente bestial, ¿no? Pero de golpe, en los años 70, ¡buah! Se vuelve a hundir el mundo, ¿vale? Curiosamente, en los años 60, hay un tipo, que es este de aquí de la foto, ¿vale? Que se llama Milton Friedman, que va diciendo, ¿vale? Les dice a la gente que el mundo se va a acabar, ¿vale? Friedman es un profesor de Chicago, de la Universidad de Chicago, ¿vale? Y es el heredero del pensamiento clásico, ¿vale? Él ha retomado el pensamiento clásico.",
        "kind": "online_video",
        "file_number": "27",
        "filename": "5 5 Auge y caida tesis no intervencionistas-wav.json",
        "url": "https://www.youtube.com/watch?v=8niauZtfpV0&t=311s",
        "source": "5 5 Auge y caida tesis no intervencionistas-wav"
    },
    {
        "number": 5,
        "timestamp_start": "00:06:42,020",
        "timestamp_end": "00:07:56,820",
        "text": "Friedman es un economista destacado dentro del campo de la macroeconomía. Se caracteriza por su postura en favor de la no intervención del Estado en la economía. A lo largo de su carrera, Friedman ha producido una gran cantidad de material divulgativo, como vídeos, con el objetivo de que el público en general pueda comprender su enfoque y sus propuestas económicas. Es importante mencionar que, a pesar de su reconocimiento académico, Friedman ha sido criticado por su apoyo al régimen de Pinochet en Chile, el cual implementó políticas económicas controvertidas. A pesar de este aspecto polémico, Friedman recibió el Premio Nobel de Economía. Desde los años 70, se ha defendido nuevamente la idea de una intervención limitada del Estado en la economía.",
        "old_text": "Friedman es el tío más... De este movimiento es el más simpático, por decirlo de alguna manera, ¿no? Porque hay otro tío que se llama Hayek, ¿vale? Que es un profesor austríaco, pero, ostras, este tío es muy pesado, el Hayek, ¿vale? Es un tío muy rígido. Friedman, no. Friedman es un tío que... Que hizo... Ha hecho 28.000 vídeos, ¿vale? Para que la gente de la calle entienda su forma de pensar, ¿no? Y entienda su manera de defender qué se debería hacer en la economía. Y él que defiende que el Estado no tiene que intervenir en la economía. Friedman tiene una mancha bestial a nivel académico, y es que Friedman apoyó a Pinochet, ¿vale? Y Pinochet... Utilizó la política económica, ¿vale? Y el teórico era... Friedman dice que él no, es evidente que él sí. Porque además estuvo con él, ¿no? Una vez, pero estuvo con él en Chile, ¿no? Y le explicó qué se tenía que hacer, lo que no se tenía que hacer. Y formó a un millón de gente que... Por lo tanto, eso, a nivel académico, eso está muy feo. A pesar de que Friedman le dieron el premio Nobel de Economía, ¿vale? Y estos... Vuelven a... Desde los años 70 se vuelve a defender que el Estado tiene que intervenir muy poco en la economía. ¿Vale? ok Ahora",
        "kind": "online_video",
        "file_number": "27",
        "filename": "5 5 Auge y caida tesis no intervencionistas-wav.json",
        "url": "https://www.youtube.com/watch?v=8niauZtfpV0&t=402s",
        "source": "5 5 Auge y caida tesis no intervencionistas-wav"
    }
]