[
    {
        "number": 1,
        "timestamp_start": "00:00:00,000",
        "timestamp_end": "00:02:04,260",
        "text": "En el año 1929, la economía experimentó un colapso significativo, conocido como el Crack del 29. Este evento se caracterizó por el hundimiento de la bolsa, específicamente el índice Dow Jones, que representa a las 29 empresas más importantes en la bolsa de Nueva York. A pesar de que la bolsa se vio afectada, es importante destacar que no todos los sectores de la sociedad participan en ella. Por lo general, son los especuladores quienes invierten en el mercado bursátil, no las personas de bajos recursos. \n\nUn ejemplo ilustrativo de la época es el caso de Groucho Marx, un famoso cómico de los hermanos Marx. En 1929, Groucho Marx ganaba 2.000 dólares a la semana trabajando en Broadway, pero obtenía mayores ganancias invirtiendo en bolsa, a pesar de no tener un conocimiento profundo sobre el tema. Esto refleja cómo la especulación y la falta de información adecuada pueden influir en los mercados financieros y desencadenar crisis económicas.\n\nPara comprender a fondo las causas del colapso del 29 y sus implicaciones, es fundamental analizar casos como el mencionado y estudiar cómo la especulación y la falta de regulación pueden desencadenar crisis financieras a gran escala.",
        "old_text": "Ahora tendríamos que entender qué narices pasó en el 29. ¿Qué narices pasó en el 29? Pues en el 29 la economía se hundió. Pero hombre, lo que ocurrió es que la bolsa se hundió, ¿no? Es lo mismo. ¿Es lo mismo? No. ¿Quién juega a la bolsa? ¿Tú juegas a la bolsa, Alejandro? No. ¿Los pobres juegan a la bolsa? No. ¿Quién juega a la bolsa? Los especuladores. Entonces, si esto se arruina, que se mueran, ¿no? Pues no. Parece ser que fue terrible. Entonces, a mí me iría genial, genial, que para mañana, no, para el miércoles, o sea, y era un artículo de las lecturas que es de un tipo que se llama Groucho, no Carr, Groucho Marx. Groucho Marx era un cómico, ¿vale? Era un cómico, los hermanos Marx, ¿os suenan estos? Un tío que iba con el bigote pintado, con un jaque, que andase un poco... que andase un poco raro, ¿no? ¿Vale? Que dice, si no le gustan mis principios, se los cambio, yo qué sé, ¿no? ¿Sabéis, no? Vale, pues, este tipo, este tipo, Groucho Marx, en el año 29, trabajando en Broadway, en un teatro, ganaba 2.000 dólares a la semana. En el año 29. Mucho dinero, ¿no? Muy bien. Pues que sepáis, que sepáis, que jugando a bolsa ganaba mucha más pasta. Y ¿sabéis lo que sabía el de bolsa? Nada. Nada, ¿vale? De hecho, la gente que le pasaba información, él lo explica, ¿vale? Era sensorista del hotel, ¿no? Él oía cosas e iba comprando, ¿no? Bueno, si os leéis ese artículo, nos va a servir mogollón para el miércoles entender qué pasó, por qué se hundió la bolsa, por qué se hundió todo, ¿no? ¿Vale? Fijaros, ¿eh? El índice Dow Jones, aquí sobra una N, ¿eh? El Dow Jones, ¿eh? El Dow Jones, ¿eh? El Dow Jones, que son las 29 empresas que más dinero factura, más dinero mueven en la bolsa de Nueva York, cayó en picado.",
        "kind": "online_video",
        "file_number": "28",
        "filename": "5 6 CracK1929 1 funcionamiento bolsa-wav.json",
        "url": "https://www.youtube.com/watch?v=8HSSy9ga9IA&t=0s",
        "source": "5 6 CracK1929 1 funcionamiento bolsa-wav"
    },
    {
        "number": 2,
        "timestamp_start": "00:02:04,260",
        "timestamp_end": "00:03:40,640",
        "text": "El Producto Interno Bruto (PIB) es un indicador económico que refleja el valor de todos los bienes y servicios producidos en un país en un periodo determinado. En el caso mencionado, se habla de una caída del 30% en el PIB. Es importante diferenciar entre el PIB nominal y el PIB real. El Producto Nacional Bruto (PNB) es un concepto similar al PIB, pero incluye los ingresos netos del exterior, es decir, lo que los residentes de un país ganan en el extranjero menos lo que los extranjeros ganan en ese país.\n\nEn el contexto de España, se menciona que el PIB ha caído hasta un 4% en los últimos años, lo cual ha tenido un impacto significativo en la economía. Se hace hincapié en que una caída del 30% en el PIB, como se menciona en el ejemplo, sería devastadora para cualquier país. Esto se ilustra con la cifra de 17 millones de desempleados, lo cual representa una crisis económica y social de gran magnitud.\n\nLa aparición de un alto nivel de desempleo repentino, como se describe en el texto, puede llevar a situaciones de gran precariedad, especialmente si no existen sistemas de protección social efectivos, como el subsidio de desempleo. Esto puede desencadenar problemas adicionales, como el aumento de la delincuencia y la inestabilidad social.\n\nLa referencia a la caída de los precios, tanto en productos agrícolas como en otros bienes, debido a la falta de actividad económica es un ejemplo de los efectos de una recesión profunda en la economía. La disminución de la demanda y la falta de circulación de dinero pueden llevar a situaciones extremas, como la pérdida de valor de los productos y el cierre de empresas.\n\nLa mención de la quiebra de 9.000 bancos en el ejemplo destaca el impacto devastador que una crisis económica de gran escala puede tener en el sistema financiero. En comparación con la estabilidad del sistema bancario en España, donde la quiebra de solo unos pocos bancos tendría graves consecuencias, la magnitud de la crisis descrita en el ejemplo es abrumadora.\n\nEn resumen, el texto destaca la importancia del crecimiento económico sostenido, la estabilidad financiera y la protección social en la prevención de crisis económicas profundas y sus efectos devastadores en la sociedad.",
        "old_text": "El PIB, el PIB cayó un 30%. El PIB real, bueno, el PNB, ¿no? Es lo mismo, ¿no? El PIB cayó un 30%. En España el PIB ha caído en los últimos años como mucho, como mucho, como muchísimo, un 4%. Y mirad cómo estamos. ¿Vale? Ahora imaginaos en un país donde el PIB cae un 30%. Terrible. Terrible. 17 millones de parados. ¿Vale? Pensad que hasta aquel momento no existían los parados. No habían parados en Estados Unidos, ¿no? Entonces, de golpe, parados, y no solo parados, sino que no hay subsidio de paro. Es decir, el tío que se queda sin trabajo, ¿vale? Se queda sin un duro, con lo que tiene en el bolsillo, ¿no? ¿Vale? Es cuando aparece Al Capone y todas estas cosas, ¿no? Que ha ido a los precios un 25%. Dices, oh, fantástico. No, no, no. No, no, acordaros, ¿eh? Caen los precios porque no hay actividad económica, ¿no? Y es lo mismo que los precios de los productos agrícolas. Caen un 60%. Oh, para nada, ¿eh? Caen porque se están pudriendo. Si no, no caen. Pero aunque no se vende, se está pudriendo todo, acaban cayendo un 60%. 9.000, 9.000 bancos, 9.000 bancos quebraron. ¿Os imagináis lo que significa eso? En España, porque quiebren dos o tres, no hay un banco que quiebre. ¿No? Quebró uno y se os ha ido todo al carajo, ¿no? Y esto lo pongo porque creo que es como muy ejemplar, ¿no? Mirad, la General Motors en aquella época era como la telefónica aquí en España, pero multiplicado por 200.",
        "kind": "online_video",
        "file_number": "28",
        "filename": "5 6 CracK1929 1 funcionamiento bolsa-wav.json",
        "url": "https://www.youtube.com/watch?v=8HSSy9ga9IA&t=124s",
        "source": "5 6 CracK1929 1 funcionamiento bolsa-wav"
    },
    {
        "number": 3,
        "timestamp_start": "00:03:40,640",
        "timestamp_end": "00:05:10,660",
        "text": "La bolsa de valores es un mercado donde se intercambian activos financieros, como acciones, bonos, materias primas, entre otros. En el siglo XIX, se incentivó a la bolsa a ser un sistema de inversión y se promovió la iniciativa privada. En la bolsa, los precios de los activos varían según la oferta y la demanda de los mismos. Por ejemplo, si una empresa tiene buenos resultados financieros, es probable que el precio de sus acciones aumente, ya que los inversionistas estarán dispuestos a pagar más por ellas. Por el contrario, si una empresa tiene malos resultados, es probable que el precio de sus acciones disminuya. \n\nEn el caso mencionado de las acciones de General Motors, se observa una disminución en su valor a lo largo del tiempo. Esto puede ser debido a diversos factores, como malos resultados financieros, cambios en la industria automotriz, decisiones de la empresa, entre otros. Es importante tener en cuenta que invertir en la bolsa conlleva riesgos, ya que los precios de los activos pueden fluctuar y generar pérdidas para los inversionistas. Por lo tanto, es fundamental realizar un análisis detallado antes de tomar decisiones de inversión en el mercado bursátil.",
        "old_text": "Todo el mundo tenía acciones de la General Motors, ¿no? Pues fijaros, las acciones de la General Motors, septiembre del 29, 72 dólares. Al cabo de dos meses, 36 dólares. Al cabo de tres años, 8 dólares. Terrible, ¿no? Entonces, claro, yo ahora necesito... Yo ahora necesito explicaros, muy por encima, porque no quiero que... No quiero, ¿eh? No quiero que sepáis más de lo que os voy a explicar. Muy por encima, cómo funciona la bolsa. ¿Vale? Muy por encima, ¿no? Porque si no, difícilmente vamos a entender esto, ¿no? Entonces, ¿cómo funciona la bolsa? Mirad, lo que es evidente es que en el siglo XIX se incentivó a la bolsa a ser un sistema de inversión. Y se incentivó la iniciativa privada, ¿no? Entonces, había gente que se reunía en Barcelona, ¿no? Sobre todo, ¿sabéis? Cuando había el mercado de San Antonio, ¿sabéis que hay gente que se reunía a cambiar cromos, no? ¿Vale? Y en la Plaza Real hay gente que se dedica a intercambiar monedas, ¿no? Bueno, pues había gente en la calle Viñó, en una plaza que había en la calle Viñó, que se intercambiaban ideas, ¿no? Entonces, de golpe un tío decía, se me ha ocurrido una idea genial, genial, genial, genial. Una vía de tren que fuera de Barcelona a Mataró. ¡Oh, fantástico! Y había gente que dejaba pasta, ¿no? Pero claro, había mucho fraude también, ¿no? Porque había otro tío que decía, se me ha ocurrido una idea genial, pero era hacer un cohete que fuera a la Luna.",
        "kind": "online_video",
        "file_number": "28",
        "filename": "5 6 CracK1929 1 funcionamiento bolsa-wav.json",
        "url": "https://www.youtube.com/watch?v=8HSSy9ga9IA&t=220s",
        "source": "5 6 CracK1929 1 funcionamiento bolsa-wav"
    },
    {
        "number": 4,
        "timestamp_start": "00:05:10,660",
        "timestamp_end": "00:06:54,220",
        "text": "El concepto de collarín inventado por Leandro es un ejemplo interesante para ilustrar cómo la innovación puede impactar en la vida de las personas. En el ámbito de la macroeconomía, la innovación juega un papel crucial en el crecimiento económico de un país. Cuando se desarrollan nuevos productos o procesos que mejoran la calidad de vida de las personas, se generan oportunidades para el desarrollo de nuevas industrias y la creación de empleo. Además, la innovación puede aumentar la productividad de la economía en su conjunto, lo que a su vez puede llevar a un aumento en el nivel de vida de la población.",
        "old_text": "¡Oh, qué buena idea, qué buena idea! Entonces, le daban pasta y el tío, claro, se iba a la Polinesia, ¿no? Y no parecía nunca más, ¿no? Entonces, estaba mal rollo, ¿no? Entonces, ¿cómo va esto? Vamos a ver cómo funciona esto, ¿vale? Mirad, ¿os acordáis del Leandro? El Leandro Gao, ¿vale? El profesor aquí. El profesor aquel, ¿os acordáis que era inventor? ¿Os acordáis que tenía patentes? Una de las partidas que tenía es que inventaba cosas, ¿no? El Leandro tiene un invento que es fantástico, ¿vale? Y así ha inventado una cosa que es un collarín. ¿Sabéis cuando tú tienes un accidente? ¿Sabéis que hay collarinas, no? ¿Vale? Y hay collarín que vas todo el día así, ¿no? Vas fijo, ¿no? ¿Vale? Pero además, cuando vas a rehabilitación, ¿no? Cogen y te ponen una historia así, te cuelgan, ¿no? Y depende de lo que te hayas hecho, ¿no? Te cuelgan hacia aquí, o hacia aquí, o hacia aquí, ¿no? Es un rollo, ¿no? Porque tienes que ir cada día a rehabilitación, es un rollo, ¿no? El Leandro ha inventado un collarín alucinante, ¿vale? Que es, imaginaos, lo mismo, un collarín, pero que tiene aquí unas clavijas. ¿No? Y es como si fuera doble collarín. Entonces, tú puedes hacer que el collarín, de golpe, te aprietes. ¿Vale? O sea, se suba más de aquí, ¿no? O se suba más de aquí, o se suba más de aquí, o se suba más de aquí, ¿no? Y si te duele mucho, te lo sacas y se acabó el rollo, ¿no? Te lo reduces, ¿no? Pero eso, ¿qué permite? Fijaros, ¿eh? Te permite que no tendrías que ir a rehabilitación a ningún lado, ¿vale? Te permite hacer una vida más o menos normal, etcétera, etcétera, ¿no? ¿Vale? Pero el Leandro tiene un problema.",
        "kind": "online_video",
        "file_number": "28",
        "filename": "5 6 CracK1929 1 funcionamiento bolsa-wav.json",
        "url": "https://www.youtube.com/watch?v=8HSSy9ga9IA&t=310s",
        "source": "5 6 CracK1929 1 funcionamiento bolsa-wav"
    },
    {
        "number": 5,
        "timestamp_start": "00:06:54,220",
        "timestamp_end": "00:08:13,800",
        "text": "La inversión es un componente clave en la economía, ya que impulsa el crecimiento económico a través de la creación de empleo, aumento de la producción y mejora de la competitividad. En el caso de Leandro, quien ha inventado un producto y busca financiamiento para llevar a cabo una campaña de marketing, se enfrenta al desafío de conseguir los recursos necesarios para promocionar su invento y lograr que sea exitoso en el mercado. \n\nLa inversión en publicidad, como anuncios en televisión, visitas a hospitales y contratación de representantes, puede ser fundamental para dar a conocer el producto y generar demanda entre los consumidores. Sin embargo, Leandro se encuentra con la dificultad de convencer a potenciales inversores, como los estudiantes a los que se dirige José en este caso, de la viabilidad y rentabilidad de su proyecto.\n\nEs importante destacar que la confianza juega un papel crucial en las decisiones de inversión. Los inversores necesitan tener seguridad en la capacidad de Leandro para llevar a cabo su plan de marketing de manera efectiva y obtener los resultados esperados. Por lo tanto, Leandro debe trabajar en generar credibilidad y presentar un plan detallado que muestre cómo planea utilizar los 400.000 euros adicionales de inversión y cuál es el potencial de retorno de esa inversión. \n\nEn resumen, la inversión en marketing puede ser una estrategia valiosa para impulsar las ventas y el éxito de un producto, pero es fundamental contar con el respaldo financiero necesario y la confianza de los inversores para llevar a cabo con éxito dicha estrategia.",
        "old_text": "Y es que es un mal comercial, ¿no? Entonces, el tío ha inventado esto, se intenta mover, tal, ha hecho la patente, pero no hay manera, no hay manera, ¿no? Entonces, el Leandro me ha pedido, me ha pedido, dile a tus estudiantes que he inventado esto, ¿no? Y que necesito pasta, ¿no? Porque él piensa ahora que con unos 400.000 euros más, ¿vale? Podría hacer una buena campaña de marketing y que esto acabara petando, ¿no? ¿Vale? Anuncios en televisión, ir a hospitales, coger a cualquier... Representantes, etcétera, etcétera, ¿no? Y él ha calculado que con esto, con 400.000 euros tendría suficiente, ¿no? Pero claro, hay un problema, ¿no? Posiblemente hay un problema, ¿no? Y es que, claro, Leandro, yo lo conozco, ¿no? Pero vosotros conocéis a Leandro, lo que he presentado de unos abundes, pero nada más, ¿no? Entonces, claro, muy posiblemente vosotros no os fiáis de Leandro, ¿no? No sabéis quién es, ¿no? Entonces, Leandro me ha dicho, hey, ningún problema, José, ningún problema, ¿no? ¿Por qué? Porque Leandro... Leandro... Leandro... Leandro... Leandro... Leandro... Leandro... Leandro... Leandro... Leandro... Leandro... Leandro... Leandro... Leandro... Leandro... Leandro... Leandro... Leandro... Leandro... Leandro... Leandro... Leandro... Leandro... Leandro... Leandro... Leandro... Leandro... Leandro... Leandro... Leandro... Leandro... Leandro... Leandro... Leandro... Leandro... Leandro... Leandro... Leandro... Leandro... Leandro... Leandro... Leandro... Leandro... Leandro... Leandro... Leandro... Leandro... Leandro... Leandro... Leandro... Leandro... Leandro... Leandro... Leandro... Leandro... Leandro... Leandro... Leandro... Leandro... Leandro... Leandro... Leandro... Leandro... Leandro... Leandro... Leandro... Leandro... Leandro... Leandro... Leandro... Leandro... Leandro... Leandro... Leandro... Leandro... Leandro... Leandro... Leandro... Leandro...",
        "kind": "online_video",
        "file_number": "28",
        "filename": "5 6 CracK1929 1 funcionamiento bolsa-wav.json",
        "url": "https://www.youtube.com/watch?v=8HSSy9ga9IA&t=414s",
        "source": "5 6 CracK1929 1 funcionamiento bolsa-wav"
    },
    {
        "number": 6,
        "timestamp_start": "00:08:13,800",
        "timestamp_end": "00:08:43,600",
        "text": "La macroeconomía es una rama de la economía que se encarga de estudiar el comportamiento de la economía en su conjunto. Se centra en analizar variables a nivel agregado, como el producto interno bruto (PIB), la inflación, el desempleo, entre otros. Uno de los objetivos principales de la macroeconomía es entender y predecir cómo se comporta la economía en su totalidad, para poder tomar decisiones que mejoren el bienestar de la sociedad en su conjunto.",
        "old_text": "Leandro... Leandro... Leandro... Leandro... Leandro... Leandro... Leandro... Leandro... Leandro... Leandro... Leandro... Leandro... Leandro... Leandro... Leandro... Leandro... Leandro... Leandro... Leandro... Leandro... Leandro... Leandro... Leandro... Leandro... Leandro... Leandro... Leandro... Leandro... Leandro... Leandro... Leandro... Leandro... Leandro... Leandro... Leandro... Leandro... Leandro... Leandro... Leandro... Leandro... Leandro... Leandro... Leandro... Leandro... Leandro... Leandro... Leandro... Leandro... Leandro... Leandro... Leandro... Leandro... Leandro... Leandro... Leandro... Leandro... Leandro... Leandro... Leandro... Leandro... Leandro... Leandro... Leandro... Leandro... Leandro... Leandro... Leandro... Leandro... Leandro... Leandro... Leandro... Leandro... Leandro... Leandro... Leandro... Leandro... Leandro... Leandro... Leandro... Leandro... Leandro... Leandro... Leandro... Leandro... Leandro... Leandro... Leandro... Leandro... Leandro... Leandro... Leandro... Leandro... Leandro... Leandro... Leandro... Leandro... Leandro... Leandro... Leandro... Leandro... Leandro... Leandro... Leandro... Leandro... Leandro... Entonces me ha dicho, mira, diles... Entonces me ha dicho, mira, diles... Entonces me ha dicho, mira, diles... Entonces me ha dicho, mira, diles... Entonces me ha dicho, mira, diles... Entonces me ha dicho, mira, diles... Entonces me ha dicho, mira, diles... Entonces me ha dicho, mira, diles... Entonces me ha dicho, mira, diles... Entonces me ha dicho, mira, diles... Entonces me ha dicho, mira, diles... Entonces me ha dicho, mira, diles... Entonces me ha dicho, mira, diles... Entonces me ha dicho, mira, diles... Entonces me ha dicho, mira, diles... Entonces me ha dicho, mira, diles... Entonces me ha dicho, mira, diles... Entonces me ha dicho, mira, diles... Entonces me ha dicho, mira, diles... Entonces me ha dicho, mira, diles... Entonces me ha dicho, mira, diles... Entonces me ha dicho, mira, diles... Entonces me ha dicho, mira, diles... Entonces me ha dicho, mira, diles... Entonces me ha dicho, mira, diles...",
        "kind": "online_video",
        "file_number": "28",
        "filename": "5 6 CracK1929 1 funcionamiento bolsa-wav.json",
        "url": "https://www.youtube.com/watch?v=8HSSy9ga9IA&t=493s",
        "source": "5 6 CracK1929 1 funcionamiento bolsa-wav"
    },
    {
        "number": 7,
        "timestamp_start": "00:08:43,600",
        "timestamp_end": "00:09:25,600",
        "text": "error",
        "old_text": "Entonces me ha dicho, mira, diles... Entonces me ha dicho, mira, diles... Entonces me ha dicho, mira, diles... Entonces me ha dicho, mira, diles... Entonces me ha dicho, mira, diles... Entonces me ha dicho, mira, diles... Entonces me ha dicho, mira, diles... Entonces me ha dicho, mira, diles... Entonces me ha dicho, mira, diles... Entonces me ha dicho, mira, diles... Entonces me ha dicho, mira, diles... Entonces me ha dicho, mira, diles... Entonces me ha dicho, mira, diles... Entonces me ha dicho, mira, diles... Entonces me ha dicho, mira, diles... Entonces me ha dicho, mira, diles... Entonces me ha dicho, mira, diles... Entonces me ha dicho, mira, diles... Entonces me ha dicho, mira, diles... Entonces me ha dicho, mira, diles... Entonces me ha dicho, mira, diles... Entonces me ha dicho, mira, diles... Entonces me ha dicho, mira, diles... Entonces me ha dicho, mira, diles... Entonces me ha dicho, mira, diles... Entonces me ha dicho, mira, diles... Entonces me ha dicho, mira, diles... Entonces me ha dicho, mira, diles... Entonces me ha dicho, mira, diles... Entonces me ha dicho, mira, diles... Entonces me ha dicho, mira, diles... Entonces me ha dicho, mira, diles... Entonces me ha dicho, mira, diles... Entonces me ha dicho, mira, diles... Entonces me ha dicho, mira, diles... Entonces me ha dicho, mira, diles... Entonces me ha dicho, mira, diles... Entonces me ha dicho, mira, diles... Entonces me ha dicho, mira, diles... Entonces me ha dicho, mira, diles... Entonces me ha dicho, mira, diles... Entonces me ha dicho, mira, diles...",
        "kind": "online_video",
        "file_number": "28",
        "filename": "5 6 CracK1929 1 funcionamiento bolsa-wav.json",
        "url": "https://www.youtube.com/watch?v=8HSSy9ga9IA&t=523s",
        "source": "5 6 CracK1929 1 funcionamiento bolsa-wav"
    },
    {
        "number": 8,
        "timestamp_start": "00:09:25,600",
        "timestamp_end": "00:10:07,600",
        "text": "No hay información relevante en el texto proporcionado. Por favor, proporcione otro fragmento para poder continuar con la redacción del libro de macroeconomía.",
        "old_text": "Entonces me ha dicho, mira, diles... Entonces me ha dicho, mira, diles... Entonces me ha dicho, mira, diles... Entonces me ha dicho, mira, diles... Entonces me ha dicho, mira, diles... Entonces me ha dicho, mira, diles... Entonces me ha dicho, mira, diles... Entonces me ha dicho, mira, diles... Entonces me ha dicho, mira, diles... Entonces me ha dicho, mira, diles... Entonces me ha dicho, mira, diles... Entonces me ha dicho, mira, diles... Entonces me ha dicho, mira, diles... Entonces me ha dicho, mira, diles... Entonces me ha dicho, mira, diles... Entonces me ha dicho, mira, diles... Entonces me ha dicho, mira, diles... Entonces me ha dicho, mira, diles... Entonces me ha dicho, mira, diles... Entonces me ha dicho, mira, diles... Entonces me ha dicho, mira, diles... Entonces me ha dicho, mira, diles... Entonces me ha dicho, mira, diles... Entonces me ha dicho, mira, diles... Entonces me ha dicho, mira, diles... Entonces me ha dicho, mira, diles... Entonces me ha dicho, mira, diles... Entonces me ha dicho, mira, diles... Entonces me ha dicho, mira, diles... Entonces me ha dicho, mira, diles... Entonces me ha dicho, mira, diles... Entonces me ha dicho, mira, diles... Entonces me ha dicho, mira, diles... Entonces me ha dicho, mira, diles... Entonces me ha dicho, mira, diles... Entonces me ha dicho, mira, diles... Entonces me ha dicho, mira, diles... Entonces me ha dicho, mira, diles... Entonces me ha dicho, mira, diles... Entonces me ha dicho, mira, diles... Entonces me ha dicho, mira, diles... Entonces me ha dicho, mira, diles...",
        "kind": "online_video",
        "file_number": "28",
        "filename": "5 6 CracK1929 1 funcionamiento bolsa-wav.json",
        "url": "https://www.youtube.com/watch?v=8HSSy9ga9IA&t=565s",
        "source": "5 6 CracK1929 1 funcionamiento bolsa-wav"
    },
    {
        "number": 9,
        "timestamp_start": "00:10:07,600",
        "timestamp_end": "00:10:49,600",
        "text": "La macroeconomía es una rama de la economía que se encarga de estudiar el comportamiento de la economía en su conjunto. Se centra en analizar variables a nivel agregado, como el producto interno bruto (PIB), la tasa de desempleo, la inflación, entre otras. Uno de los objetivos principales de la macroeconomía es entender y predecir cómo se comportan estas variables en el corto y largo plazo, así como también diseñar políticas económicas para influir en estos indicadores.\n\nDentro de la macroeconomía, existen diferentes enfoques y teorías que buscan explicar los fenómenos económicos a nivel macro. Algunas de las principales teorías son la teoría cuantitativa del dinero, la teoría keynesiana, la teoría de las expectativas racionales, entre otras. Cada una de estas teorías ofrece un marco conceptual para analizar distintos aspectos de la economía, desde la relación entre el dinero y los precios, hasta la forma en que los agentes económicos toman decisiones en un entorno de incertidumbre.\n\nEn este sentido, la macroeconomía juega un papel fundamental en la formulación de políticas económicas a nivel gubernamental. A través del análisis de las variables macroeconómicas, los gobiernos pueden diseñar estrategias para promover el crecimiento económico, controlar la inflación, reducir el desempleo, entre otros objetivos. Es importante destacar que las decisiones de política económica pueden tener efectos significativos en la economía en su conjunto, por lo que es crucial contar con un marco teórico sólido que permita evaluar las consecuencias de dichas decisiones.",
        "old_text": "Entonces me ha dicho, mira, diles... Entonces me ha dicho, mira, diles... Entonces me ha dicho, mira, diles... Entonces me ha dicho, mira, diles... Entonces me ha dicho, mira, diles... Entonces me ha dicho, mira, diles... Entonces me ha dicho, mira, diles... Entonces me ha dicho, mira, diles... Entonces me ha dicho, mira, diles... Entonces me ha dicho, mira, diles... Entonces me ha dicho, mira, diles... Entonces me ha dicho, mira, diles... Entonces me ha dicho, mira, diles... Entonces me ha dicho, mira, diles... Entonces me ha dicho, mira, diles... Entonces me ha dicho, mira, diles... Entonces me ha dicho, mira, diles... Entonces me ha dicho, mira, diles... Entonces me ha dicho, mira, diles... Entonces me ha dicho, mira, diles... Entonces me ha dicho, mira, diles... Entonces me ha dicho, mira, diles... Entonces me ha dicho, mira, diles... Entonces me ha dicho, mira, diles... Entonces me ha dicho, mira, diles... Entonces me ha dicho, mira, diles... Entonces me ha dicho, mira, diles... Entonces me ha dicho, mira, diles... Entonces me ha dicho, mira, diles... Entonces me ha dicho, mira, diles... Entonces me ha dicho, mira, diles... Entonces me ha dicho, mira, diles... Entonces me ha dicho, mira, diles... Entonces me ha dicho, mira, diles... Entonces me ha dicho, mira, diles... Entonces me ha dicho, mira, diles... Entonces me ha dicho, mira, diles... Entonces me ha dicho, mira, diles... Entonces me ha dicho, mira, diles... Entonces me ha dicho, mira, diles... Entonces me ha dicho, mira, diles... Entonces me ha dicho, mira, diles...",
        "kind": "online_video",
        "file_number": "28",
        "filename": "5 6 CracK1929 1 funcionamiento bolsa-wav.json",
        "url": "https://www.youtube.com/watch?v=8HSSy9ga9IA&t=607s",
        "source": "5 6 CracK1929 1 funcionamiento bolsa-wav"
    },
    {
        "number": 10,
        "timestamp_start": "00:10:49,600",
        "timestamp_end": "00:11:31,600",
        "text": "La macroeconomía es una rama de la economía que se encarga de estudiar el comportamiento de la economía en su conjunto. Se centra en analizar variables a nivel agregado, como el nivel de producción total de un país, el nivel de empleo, la inflación, entre otros. Uno de los principales objetivos de la macroeconomía es entender y predecir cómo se comporta la economía en su conjunto, así como diseñar políticas económicas para promover un crecimiento sostenible y estable.",
        "old_text": "Entonces me ha dicho, mira, diles... Entonces me ha dicho, mira, diles... Entonces me ha dicho, mira, diles... Entonces me ha dicho, mira, diles... Entonces me ha dicho, mira, diles... Entonces me ha dicho, mira, diles... Entonces me ha dicho, mira, diles... Entonces me ha dicho, mira, diles... Entonces me ha dicho, mira, diles... Entonces me ha dicho, mira, diles... Entonces me ha dicho, mira, diles... Entonces me ha dicho, mira, diles... Entonces me ha dicho, mira, diles... Entonces me ha dicho, mira, diles... Entonces me ha dicho, mira, diles... Entonces me ha dicho, mira, diles... Entonces me ha dicho, mira, diles... Entonces me ha dicho, mira, diles... Entonces me ha dicho, mira, diles... Entonces me ha dicho, mira, diles... Entonces me ha dicho, mira, diles... Entonces me ha dicho, mira, diles... Entonces me ha dicho, mira, diles... Entonces me ha dicho, mira, diles... Entonces me ha dicho, mira, diles... Entonces me ha dicho, mira, diles... Entonces me ha dicho, mira, diles... Entonces me ha dicho, mira, diles... Entonces me ha dicho, mira, diles... Entonces me ha dicho, mira, diles... Entonces me ha dicho, mira, diles... Entonces me ha dicho, mira, diles... Entonces me ha dicho, mira, diles... Entonces me ha dicho, mira, diles... Entonces me ha dicho, mira, diles... Entonces me ha dicho, mira, diles... Entonces me ha dicho, mira, diles... Entonces me ha dicho, mira, diles... Entonces me ha dicho, mira, diles... Entonces me ha dicho, mira, diles... Entonces me ha dicho, mira, diles... Entonces me ha dicho, mira, diles...",
        "kind": "online_video",
        "file_number": "28",
        "filename": "5 6 CracK1929 1 funcionamiento bolsa-wav.json",
        "url": "https://www.youtube.com/watch?v=8HSSy9ga9IA&t=649s",
        "source": "5 6 CracK1929 1 funcionamiento bolsa-wav"
    }
]