[
    {
        "number": 1,
        "timestamp_start": "00:00:00,000",
        "timestamp_end": "00:02:25,640",
        "text": "En este apartado vamos a analizar por qué se hundió la bolsa de Nueva York. Para comprender este fenómeno, es necesario entender cómo funciona el mercado bursátil y por qué las acciones suben o bajan de valor. \n\nEn primer lugar, es importante mencionar que en la bolsa de Nueva York, al igual que en cualquier otro mercado bursátil, el precio de las acciones está determinado por la oferta y la demanda. Cuando la demanda de acciones de una empresa supera a la oferta, es decir, cuando hay más inversores interesados en comprar esas acciones de los que están dispuestos a vender, el precio de las acciones tiende a subir. Por el contrario, si la oferta supera a la demanda, es decir, hay más acciones en venta de las que los inversores desean adquirir, el precio de las acciones tiende a bajar.\n\nEn el texto se menciona un escenario en el que se dan recomendaciones de compra de acciones basadas en información privilegiada o rumores sobre posibles fusiones entre empresas. Es importante recordar que en la realidad, el uso de información privilegiada para obtener beneficios en el mercado de valores está prohibido y es considerado un delito de manipulación del mercado.\n\nEn resumen, la caída de la bolsa de Nueva York puede estar relacionada con diversos factores, como la incertidumbre económica, eventos geopolíticos, cambios en las políticas monetarias, entre otros. Es fundamental tener en cuenta que el comportamiento del mercado bursátil es complejo y está influenciado por una amplia gama de variables que pueden afectar tanto a nivel nacional como internacional.",
        "old_text": "Ahora lo que vamos a ver es por qué se hundió la bolsa de Nueva York. Entonces, para entender por qué se hundió la bolsa de Nueva York, tenemos que entender por qué paró sin subir, subió sin parar, subió sin parar y que por lo tanto se acabó hundiendo. ¿Os habéis leído el artículo del Groucho Marx? ¿Os habéis leído el artículo del Groucho Marx? Imaginéis que yo, de regalo del último día del curso, os digo, ¡Ey! Tengo tres chivatazos. Me han dicho que gas natural, ¿sabéis gas natural? Se va a unir con el corte inglés. Por lo tanto, yo compraría acciones al corte inglés rápidamente. Y luego me han contado que el BBV se va a quedar, se va a fusionar con la caja, con CaixaBank. Y luego me han contado que no sé qué historias. Haced lo que queráis, pero yo voy a comprar acciones de estas. Yo he comprado estas acciones aquí. De golpe vosotros compráis. Si compráis, la bolsa es un mercado cerrado. Hay 300 empresas. Hay 300 empresas. Hay 300 empresas. Hay 300 empresas. Hay 300 empresas que cotizan en bolsa. ¿Qué quiero decir? Que las acciones suben de precio si hay más demanda que oferta. Si vosotros empezáis a pedir, ¿qué va a ocurrir con las acciones? Estas que os he dicho, que van a subir. Claro, tendrías que comprar muchas, pero bueno, para que os entendamos, subirán. Ahora, estas acciones valían esto y ahora valen esto. ¡Ostras! El José este es un crack.",
        "kind": "online_video",
        "file_number": "29",
        "filename": "5 7 Crack 1929 2 Causas-wav.json",
        "url": "https://www.youtube.com/watch?v=fn-HigsUfqk&t=0s",
        "source": "5 7 Crack 1929 2 Causas-wav"
    },
    {
        "number": 2,
        "timestamp_start": "00:02:25,640",
        "timestamp_end": "00:12:02,800",
        "text": "La macroeconomía es una rama de la economía que se encarga de estudiar el comportamiento de la economía en su conjunto. Se centra en analizar variables a nivel agregado, como el producto interno bruto (PIB), la tasa de desempleo, la inflación, entre otras. Uno de los principales objetivos de la macroeconomía es entender y predecir el crecimiento económico de un país, así como también diseñar políticas que puedan influir en dicho crecimiento de manera positiva.",
        "old_text": "Es un crack. Vale, he ganado una parte. Vale, he ganado una parte. Vale, he ganado una parte. Vale, he ganado una parte. Vale, he ganado una parte. Vale, he ganado una parte. Vale, he ganado una parte. Vale, he ganado una parte. Vale, he ganado una parte. Vale, he ganado una parte. Vale, he ganado una parte. Vale, he ganado una parte. Vale, he ganado una parte. Vale, he ganado una parte. Vale, he ganado una parte. Vale, he ganado una parte. Vale, he ganado una parte. Vale, he ganado una parte. Vale, he ganado una parte. Vale, he ganado una parte. Vale, he ganado una parte. Vale, he ganado una parte. Vale, he ganado una parte. Vale, he ganado una parte. Vale, he ganado una parte. Vale, he ganado una parte. Vale, he ganado una parte. Vale, he ganado una parte. Vale, he ganado una parte. Vale, he ganado una parte. Vale, he ganado una parte. Vale, he ganado una parte. Vale, he ganado una parte. Vale, he ganado una parte. Vale, he ganado una parte. Vale, he ganado una parte. Vale, he ganado una parte. Vale, he ganado una parte. Vale, he ganado una parte. Vale, he ganado una parte. Vale, he ganado una parte. Vale, he ganado una parte. Vale, he ganado una parte. Vale, he ganado una parte. Vale, he ganado una parte. Vale, he ganado una parte. Vale, he ganado una parte. Vale, he ganado una parte. Vale, he ganado una parte. Vale, he ganado una parte.",
        "kind": "online_video",
        "file_number": "29",
        "filename": "5 7 Crack 1929 2 Causas-wav.json",
        "url": "https://www.youtube.com/watch?v=fn-HigsUfqk&t=145s",
        "source": "5 7 Crack 1929 2 Causas-wav"
    },
    {
        "number": 3,
        "timestamp_start": "00:12:02,800",
        "timestamp_end": "00:15:49,000",
        "text": "En situaciones de pánico en el mercado financiero, los inversores tienden a vender rápidamente sin importarles el impacto en los demás. Esto puede llevar a una espiral descendente en la que todos intentan vender al mismo tiempo, lo que provoca una caída en los precios de los activos financieros. En el año 1989 se vivió una situación similar, donde se intentó controlar el pánico bancario mediante la compra de acciones, lo cual se conoce como intervención para estabilizar el mercado.",
        "old_text": "Vale, he ganado una parte. Vale, he ganado una parte. Vale, he ganado una parte. Vale, he ganado una parte. Vale, he ganado una parte. Vale, he ganado una parte. Vale, he ganado una parte. Vale, he ganado una parte. Vale, he ganado una parte. Vale, he ganado una parte. Vale, he ganado una parte. Vale, he ganado una parte. Vale, he ganado una parte. Vale, he ganado una parte. Vale, he ganado una parte. Vale, he ganado una parte. Vale, he ganado una parte. Vale, muy bien. Ahora es la segunda fila. Y, y, y, ¿de qué? ¿De qué, no? ¿Vale? Tú ya estarías aquí fuera, ¿no? O te estarías tirando por la ventana, ¿no? Pero, ¿entendéis? Es un pánico, ¿no? Y cuando hay un pánico, hay una frase muy fea, muy fea, muy fea española, ¿vale? Que dice, no sé qué, el último. ¿Vale? Y cuando hay ese pánico, es el no sé qué, el último. Por lo tanto, yo voy a vender y me importa un pedo que lo cura los demás. Voy a vender rápidamente, rápidamente, rápidamente. ¿Entendéis? Dime, dime. Ah, bueno, Sergio. Vale, Sergio, dígas. Cuando comienza a vendras todo, Y luego hay veces que ya no, ¿eh? Yo te cuento otra historia. En el año 89 pasó lo mismo. Pasó lo mismo. Pasó lo mismo. ¿Vale? Y entonces se intentó controlar el pánico bancario diciendo, si las acciones, o sea, cuando bajaban, pero porque alguien compraba, eso se llamaba situación dinero. Y es que se habían casado acciones.",
        "kind": "online_video",
        "file_number": "29",
        "filename": "5 7 Crack 1929 2 Causas-wav.json",
        "url": "https://www.youtube.com/watch?v=fn-HigsUfqk&t=722s",
        "source": "5 7 Crack 1929 2 Causas-wav"
    },
    {
        "number": 4,
        "timestamp_start": "00:15:49,000",
        "timestamp_end": "00:17:11,740",
        "text": "En el ámbito de la macroeconomía, es fundamental comprender el funcionamiento de la bolsa de valores y cómo influye en la economía en general. La bolsa de valores es un mercado donde se negocian activos financieros, como acciones de empresas, bonos y otros instrumentos. La fluctuación de los precios en la bolsa puede tener un impacto significativo en la economía de un país.\n\nCuando se habla de una \"situación papel\" en la bolsa de valores, se hace referencia a un escenario en el que los precios de los activos caen bruscamente debido a la falta de compradores. Esto puede generar pánico entre los inversores y desencadenar una crisis financiera. Para evitar situaciones extremas, a veces se implementan medidas como detener la negociación en la bolsa si los precios caen más de un cierto porcentaje en un día.\n\nEs importante destacar que la caída de los precios en la bolsa puede llevar a escenarios inesperados, como la devaluación significativa de empresas. Por ejemplo, acciones de compañías como General Motors pueden sufrir una caída abrupta en su valor, lo cual impacta no solo a los accionistas, sino también a la economía en su conjunto.\n\nEn resumen, la bolsa de valores es un componente clave de la macroeconomía, ya que refleja la confianza de los inversores en la economía y puede influir en variables como el consumo, la inversión y el empleo. Es importante monitorear de cerca la evolución de la bolsa y entender cómo sus fluctuaciones pueden afectar el panorama económico.",
        "old_text": "Cuando caían demasiado y nadie había comprado, se hablaba de situación papel. Y es que han caído porque yo intento vender, pero nadie me está comprando. ¿Vale? Claro, si se produce una situación papel, eso es un pánico, ¿lo ves? Eso es terrible, ¿no? Entonces, dije, no, no, vamos a hacer una cosa. Si la bolsa cae más de un 10%, paramos la negociación. Cerramos. Durante el día, ¿no? Y que la gente se calme y que venga mañana, ¿no? Pero eso aún fue peor. Pues tú imagínate que tú tienes acciones y de golpe te dicen que hoy ha quedado la bolsa en situación papel porque nadie ha querido comprar, ¿no? ¿Tú qué haces al día siguiente? Tú estabas tranquilo, ¿eh? Al día siguiente quieres vender, ¿no? Entonces es una locura. ¿Vale? Es una locura. Claro, otra cosa. La bolsa puede caer hasta el infinito, ¿no? No, no, no. Entonces yo compro la General Motors por un dólar, ¿no? Y digo, pero yo soy el propietario de General Motors. Eso no puede ser, ¿no? Claro, las acciones de General Motors cayeron muchísimo, ¿os acordáis? Lo veíamos, ¿no? De 72 dólares en dos meses, ¿eh? A 36, de 36 a 8 dólares, ¿no? Terrible. Eso es terrible. Es terrible, es terrible, ¿no? Vale, pero eso es la bolsa, ¿no? Es la bolsa. Y, ¿no? Entre nosotros, ¿no? ¿Quién juega bolsa? La gente que tiene pasta y la gente que especula, ¿no? Los que quieren ganar pasta sin pegar ni brote.",
        "kind": "online_video",
        "file_number": "29",
        "filename": "5 7 Crack 1929 2 Causas-wav.json",
        "url": "https://www.youtube.com/watch?v=fn-HigsUfqk&t=949s",
        "source": "5 7 Crack 1929 2 Causas-wav"
    },
    {
        "number": 5,
        "timestamp_start": "00:17:11,740",
        "timestamp_end": "00:18:31,180",
        "text": "La bolsa de valores es un tema interesante en el ámbito de la macroeconomía. A lo largo de la historia, ha habido momentos en los que se han producido caídas significativas en los mercados financieros, lo cual puede tener repercusiones en la economía en su conjunto. Por ejemplo, la crisis financiera de 2008 tuvo su origen en el colapso del mercado de hipotecas de alto riesgo en Estados Unidos, lo que desencadenó una crisis económica a nivel mundial. \n\nEs importante entender que los movimientos en la bolsa de valores no solo afectan a los inversores directamente involucrados, sino que también pueden tener efectos en la economía real, en términos de empleo, producción y consumo. Por lo tanto, es fundamental analizar cómo se relacionan los eventos en los mercados financieros con el funcionamiento de la economía en su conjunto. \n\nEn el caso de España, la crisis de los pisos también es un ejemplo de cómo los desequilibrios en un sector específico, como el inmobiliario, pueden tener consecuencias sistémicas. Cuando se produce una burbuja inmobiliaria, con precios que suben de manera excesiva, y luego se produce un ajuste brusco, como ocurrió en España, se pueden desencadenar efectos negativos en otros sectores de la economía y en el bienestar de la población en general. \n\nPor lo tanto, es fundamental estudiar y comprender cómo funcionan los mercados financieros, cómo se relacionan con la economía real y cómo pueden influir en el desarrollo económico de un país. La macroeconomía nos proporciona las herramientas necesarias para analizar estos fenómenos y para diseñar políticas que contribuyan a la estabilidad y al crecimiento económico sostenible.",
        "old_text": "Esta es la gente que juega bolsa, ¿no? Entonces, ¿que estos se arruinan? Pues que se mueran, ¿no? Que se mueran, ¿vale? O sea, ¿que la bolsa de Nueva York se hundió? Vale, ¿y? ¿Cómo un mogollón de gente se arruinó? Vale, pues que se fastidien, ¿no? Dicen, dicen, ¿eh? Hay una leyenda urbana que dice que hay documentales que se ven rascacielos y se ven como hormiguitas. ¡Piu! ¡Piu! ¡Piu! Y no son hormiguitas, es gente, ¿no? Pero eso es mentira, ¿eh? Eso es mentira, ¿no? No existe ese documental, ¿eh? Yo lo he buscado por todos lados y no existe, no existe, ¿no? Pero bueno, pero intentáis que realmente fue un pánico alucinante, ¿no? Alucinante. Pero, pensar en eso, ¿no? Es gente que en principio son, entre nosotros, ¿eh? Indeseables. Que no, ¿eh? Pero... Xavi. ¿Hay ningún desencadenante? No, no, claro que hay un desencadenante. Si, si, se hundió el mundo. Se hundió el mundo. Es lo que vamos a ver, ¿vale? ¿Por qué la bolsa provocó que se hundiera el mundo, no? Eso es lo que quiero que veáis. Explícame por qué se ha ido al carajo los pisos en España. ¿Quién fue el primero que vendió? ¿Lo conoces tú o no? No, no, yo tampoco, pero... Pero alguien decidió que sí, ¿no? ¿Quién? Yo qué sé. ¿Entiendes? Lo que sabíamos es que todos... Yo te he puesto un ejemplo, ¿no? De tipos... Pero tampoco es verdad, ¿no? Pero sí que es verdad que se caldea la bolsa.",
        "kind": "online_video",
        "file_number": "29",
        "filename": "5 7 Crack 1929 2 Causas-wav.json",
        "url": "https://www.youtube.com/watch?v=fn-HigsUfqk&t=1031s",
        "source": "5 7 Crack 1929 2 Causas-wav"
    },
    {
        "number": 6,
        "timestamp_start": "00:18:31,180",
        "timestamp_end": "00:20:18,920",
        "text": "El ambiente se va caldeando hasta que, de golpe, todo el mundo decide que esto se ha acabado. Es similar a lo que ocurrió con los pisos. Imaginemos la siguiente situación: estamos en el año 1929 y tienes 600 dólares en el City Corporation of Ohio, un banco que cotiza en bolsa. De repente, las acciones de este banco caen en picado. ¿Qué harías? Lo lógico sería retirar el dinero, ¿verdad? Esto es lo que sucedió durante la Gran Depresión, donde 9.000 bancos quebraron. Por lo tanto, si tenías 600 dólares en el banco, ahora solo tendrías lo que llevas en el bolsillo, como por ejemplo, 20 euros.",
        "old_text": "Se va caldeando el ambiente, se va caldeando el ambiente, hasta que, ¡bum!, va, de golpe, todo el mundo decide que esto se ha acabado. ¿No? Lo mismo ocurrió con los pisos, acordaros. Es que es lo mismo, Xavi. Quiero que veáis esto. Cuando se hunde la bolsa... Paola, hacer una cosa. Arturo. Tú tienes... Fíjate, tú eres una persona modesta. Tienes 600 dólares, solo tienes 600 dólares, estamos en el año 29, ¿eh? No eres millonario, ni juegas a bolsa, ni nada de todo esto, ¿eh? Pero tú tienes 600 dólares en el City Corporation of Ohio, ¿vale? Es un banco. Que cotiza en bolsa, ¿no? Los bancos cotizan en bolsa, ¿no? Y tú ves que las acciones del City Corporation Bank of Ohio ¡Wiu! Que hayan picado. Tú tranquilo. ¿Qué vas a hacer? ¿El qué? No, si no tienes acciones, solo tienes una cuenta corriente, 600 dólares y una cuenta corriente. Lo quitas, ¿no? Lógico, ¿no? ¿Alguno de vosotros no quitaría la pasta del banco? Sí, sí te enterarías, Samuel, seguro que te enteras, seguro. Todos sacaríamos la pasta de los bancos, ¿no? ¿Es que sí? ¿Vale? Muy bien. Fijaros, ¿eh? Fijaros. 9.000, 9.000 bancos quebraron. 9.000 bancos quebraron. 9.000. ¿Qué significa esto? Que tú tenías 600 dólares, ¿no? ¿Cuánta pasta tienes en bolsillo ahora? ¿Cuánto llevas hoy? 20 euros. ¿20 euros, sí? Vale, pues que sepas que eso es lo que tienes. ¿Qué dices, José? ¿Qué dices? Yo tengo 600 dólares en el City... Si no existe el City Corporation Bank of Ohio.",
        "kind": "online_video",
        "file_number": "29",
        "filename": "5 7 Crack 1929 2 Causas-wav.json",
        "url": "https://www.youtube.com/watch?v=fn-HigsUfqk&t=1111s",
        "source": "5 7 Crack 1929 2 Causas-wav"
    },
    {
        "number": 7,
        "timestamp_start": "00:20:18,920",
        "timestamp_end": "00:21:56,860",
        "text": "La creación y destrucción del dinero es un concepto fundamental en macroeconomía. A lo largo de la historia, hemos visto cómo la oferta monetaria puede fluctuar significativamente, como ocurrió en el año 1929 durante la Gran Depresión. En ese momento, la oferta monetaria se desplomó, lo que tuvo graves consecuencias en la economía.\n\nEs común que las personas se pregunten dónde está el dinero, especialmente en épocas de crisis económicas. Antes, parecía que el dinero fluía con facilidad y abundancia, pero en realidad, el dinero no desaparece, simplemente se transforma. Esto se relaciona con la base monetaria y la oferta monetaria, dos conceptos clave para entender cómo se crea y se destruye el dinero en una economía.\n\nEs importante comprender que el dinero no es algo estático, sino que está en constante movimiento. Por ejemplo, cuando se menciona que alguien tiene una gran cantidad de dinero en un banco, como en el caso de Sergi con sus 3.500 millones de dólares en el Chase Manhattan Bank, en realidad ese dinero no está físicamente guardado en algún lugar, sino que forma parte de un sistema financiero más amplio.\n\nEn resumen, el dinero no desaparece misteriosamente, sino que se transforma a medida que la economía evoluciona. Es crucial tener en cuenta este principio en el estudio de la macroeconomía para comprender cómo funcionan los mecanismos financieros y cómo impactan en la sociedad en su conjunto.",
        "old_text": "No existe. Sergi, ¿no? Sergi tenía... Atención lo de Sergi, ¿vale? Porque Sergi era de los privilegiados. 3.500 euros. 3.500 millones de dólares. 3.500 millones de dólares. En... El Chase Manhattan Bank. Ya no existe el Chase Manhattan Bank. ¿Cuánta pasta tienes tú? No. ¿No aportas algo o no? Porque... ¿Vale? Claro, Sergi me dirá: \"No, no, no, José. No, no, no. Yo tenía 3.500 millones de dólares. ¡Los tengo! ¡Los tengo! No los tienes. No los tienes. Pues le voy a partir la cara al presidente del Chase Manhattan Bank. Vete, le voy a partir la cara. Él tampoco los tiene, ¿no? ¿Dónde está ese dinero? Que es la pregunta que hace todo Dios. No está ese dinero, acordaros. El dinero se crea y se destruye. La acordeona aquella, veíamos, la base monetaria y la oferta monetaria. ¿Qué ocurrió en el 29? ¡Cray! Cayó en saco la oferta monetaria. A mí me invitan a tertulias de empresarios, ¿no? A cambio me pagan la cena o me pagan la comida, ¿no? Y yo voy, ¿no? Y una de las preguntas que me han hecho en los últimos años, reiterativa, es: ¿Dónde están las calés? ¿Dónde está el dinero? ¿Por qué? Antes de aquí había mucha pasta. Todo Dios iba como un gollón de pasta, ¿no? ¿Dónde está esa pasta? Porque claro, no puede ser. ¿Quién se ha quedado? Y claro, cuando yo les digo: \"No, no, no, no, no. Estás equivocado, ¿eh? Esa pasta no está. Ha desaparecido, ¿no?\" Claro, no se lo creen, ¿no? Además de los catalanes, imaginaros, ¿no? No se lo creen ni locos, ni nada.",
        "kind": "online_video",
        "file_number": "29",
        "filename": "5 7 Crack 1929 2 Causas-wav.json",
        "url": "https://www.youtube.com/watch?v=fn-HigsUfqk&t=1218s",
        "source": "5 7 Crack 1929 2 Causas-wav"
    },
    {
        "number": 8,
        "timestamp_start": "00:21:56,860",
        "timestamp_end": "00:23:24,820",
        "text": "La base monetaria se refiere al dinero físico en circulación más las reservas bancarias en el banco central. Por otro lado, la oferta monetaria incluye el efectivo en manos del público, más los depósitos bancarios. Cuando se habla de que el dinero se destruye, se refiere a que puede salir de circulación, ya sea por decisiones de política monetaria o por otras razones. En el caso mencionado, se plantea que la pasta (dinero) ha desaparecido, lo cual puede implicar una reducción en la oferta monetaria. Esto puede tener consecuencias en la economía, como una disminución en la capacidad de compra de las personas y en la actividad económica en general.",
        "old_text": "¿Cómo que ha desaparecido la pasta? Que sí, que sí, que ha desaparecido, ¿no? Que no, que no. Esto es que alguien ha chupado. Alguien se ha sacado de fuera, tal, corrupción. Yo digo: \"Que no\". Y entonces les acabo explicando la base monetaria y la oferta monetaria, ¿no? Y de golpe se quedan súper decepcionados, ¿no? ¿Vale? Pero claro, entonces entienden que es verdad, que el dinero se destruye. Y entonces se dan cuenta de que ya no pueden echarle la culpa a nadie. ¿Lo ves? Porque claro, si alguien se ha quedado la pasta, ostras, lo voy a buscar y le aparto la cara. Pero es que ya no es así, ¿no? Ya no se ha quedado la pasta, ¿no? Que seguro que alguien sí, ¿eh? Pero ese no es el problema. ¿Lo veis? Pues tenemos un problemón, ¿eh? ¿Lo veis? Tenemos un problemón. ¿Por qué? Porque 9000 bancos significa mogollón de gente. Mogollón es mogollón de gente se ha quedado sin un duro. Sergi, que estaba acostumbrado a tomarse los yogures de Anone enriquecidos con nata y frutas silvestres del bosque traídos de la Amazonia del no sé qué. Se te ha acabado esto, ¿no? Se te ha acabado, ¿no? ¿Vale? Vale. Ahora a entender, ¿eh? El director de la cadena de producción de Anone, si no es tonto, dirá ostras, ostras, la que se nos viene encima. Vamos a hacer una cosa. Escucha, la, la, el producto este del, el que ha decidido con nata tal, vamos a parar la producción.",
        "kind": "online_video",
        "file_number": "29",
        "filename": "5 7 Crack 1929 2 Causas-wav.json",
        "url": "https://www.youtube.com/watch?v=fn-HigsUfqk&t=1316s",
        "source": "5 7 Crack 1929 2 Causas-wav"
    },
    {
        "number": 9,
        "timestamp_start": "00:23:24,820",
        "timestamp_end": "00:25:10,740",
        "text": "En el contexto de la macroeconomía, es fundamental comprender cómo las decisiones individuales y las acciones de las instituciones financieras pueden tener un impacto significativo en la economía en su conjunto. Por ejemplo, cuando se menciona que la gente se ha quedado sin recursos económicos, esto puede llevar a una disminución en la demanda de bienes y servicios, lo cual a su vez puede afectar a las empresas, como en el caso de Anone que enfrenta problemas financieros debido a la falta de demanda de sus productos.\n\nEn situaciones de crisis financiera, como la mencionada en el año 89, los bancos centrales juegan un papel crucial al asegurar la liquidez del sistema bancario. La liquidez es la capacidad de los bancos y otras instituciones financieras para cumplir con sus obligaciones de pago a corto plazo. Cuando los bancos centrales garantizan la liquidez, están contribuyendo a mantener la estabilidad del sistema financiero y evitando posibles quiebras que podrían tener efectos devastadores en la economía en general.\n\nEs importante destacar que las crisis financieras suelen tener un impacto generalizado, afectando a múltiples sectores de la economía y a la población en su conjunto, independientemente de su nivel socioeconómico. Por lo tanto, las medidas tomadas por las autoridades económicas, como los bancos centrales, son fundamentales para mitigar los efectos negativos y promover la recuperación económica.\n\nEn resumen, la interconexión entre las decisiones individuales, el funcionamiento de las instituciones financieras y las políticas económicas es un aspecto central en el estudio de la macroeconomía, ya que estas variables influyen en el comportamiento de la economía en su conjunto y en la estabilidad financiera.",
        "old_text": "Porque nadie nos lo va a comprar esto. La gente se ha quedado sin un duro. ¿Vale? Es una buena decisión, ¿no? Es una buena decisión, en principio, y dices, sí, porque te va a sobrar el yogur a punta pala, ¿no? Vale, pues, 400 tíos fuera. ¿No? Nos sobran 400 tíos, vale, los echamos. Problema, ¿eh? Estos 400 tíos no se van a poder tomar ni el yogur desnatado de oferta del capravo. ¿Veis? ¿Qué le pasa a Anone? Que empieza a tener unos problemas enormes, enormes. ¡Bum! Va a acabar cerrando. Y como a Anone, todos, ¿lo veis? Todos, todos, todos, todos. Por lo tanto, ¿ves el desencadenante? Que la bolsa se haya hundido, claro, no podemos decir, pues que se fastidien los especuladores, porque ese no es el problema. El problema es que los bancos están ahí. Y se hundieron. El banco, juega con tu dinero, lo presta, o crea dinero de tu dinero, acuérdate. Eric, crea dinero de tu dinero, no es que juegue con tu dinero. Pero la gente que Te aseguro que la gente que juega dinero en su casa, si eran ricos, si no eran ricos, lo pasaron mal igual. ¿Vale? Ha de ser muy rico, ¿eh? En el año 89, y en esta última crisis financiera, hemos aprendido de esto. Hemos aprendido, ¿vale? Entonces, os acordáis que los bancos aquí empezaron a tener grandes peligros, ¿eh? Grandes, grandes, ¿no? Y entonces, dijeron, ¡eh! Un momento, un momento, un momento, un momento. Por ejemplo, en la crisis financiera del 89, salieron los bancos centrales de los países y dijeron: \"Aseguramos la liquidez del sistema bancario\".",
        "kind": "online_video",
        "file_number": "29",
        "filename": "5 7 Crack 1929 2 Causas-wav.json",
        "url": "https://www.youtube.com/watch?v=fn-HigsUfqk&t=1404s",
        "source": "5 7 Crack 1929 2 Causas-wav"
    },
    {
        "number": 10,
        "timestamp_start": "00:25:10,740",
        "timestamp_end": "00:26:40,680",
        "text": "En el ámbito de la macroeconomía, es fundamental comprender el papel de los bancos centrales y su función en la economía de un país. En situaciones de crisis financiera, como la ocurrida en 2007, los bancos centrales juegan un papel crucial en la estabilidad del sistema financiero. \n\nEn el caso de España, el Banco de España es el encargado de garantizar la liquidez del sistema bancario. Durante la crisis financiera del 2007, los bancos centrales europeos, incluido el Banco de España, aseguraron los depósitos a través del \"Fondo de Garantía de Depósitos\". Este fondo garantiza un cierto monto de dinero por cada cuenta corriente, en el caso español, hasta 120.000 euros por cuenta.\n\nEsta medida de garantía de depósitos tiene como objetivo evitar el pánico bancario y proteger los ahorros de los ciudadanos. Al asegurar que una cantidad determinada de dinero está protegida en caso de quiebra bancaria, se busca mantener la confianza en el sistema financiero y evitar retiradas masivas de depósitos que puedan llevar al colapso de los bancos.\n\nEs importante destacar que estas medidas de protección de depósitos son parte de los mecanismos de regulación financiera que buscan mantener la estabilidad y solidez del sistema bancario. A través de estas garantías, se pretende prevenir crisis financieras y proteger los ahorros de los ciudadanos, contribuyendo así a la estabilidad económica del país.",
        "old_text": "¿Qué significa esto? Eso significaba que si tú ibas al banco a buscar la pasta, la pasta iba a estar. Porque el Banco de España, en el caso español, iba a ir con camiones, con billetes de mil pelas, los que fueran, para poder responder a esto. Si eso es así, tú ya no vas, ¿no? ¿No? Ahora, en la última crisis financiera, el 2007, ¿no? Los bancos centrales, en Europa, aseguraron, en Europa tenemos una cosa que se llama \"Fondo de Garantía de Depósitos\". Y eso significa que te aseguran, en el caso español, por ejemplo, por cada cuenta corriente tienes 120.000 euros asegurados. ¿Vale? Es decir, tú tienes 60.000 euros en una cuenta, si se hunde el banco, no te preocupes que los 60.000 euros son tuyos. Tienes 120.000 euros en una cuenta, no te preocupes, hay 120.000. Tienes 300.000 euros, 120.000 euros son tuyos. ¿Vale? Entonces, claro, eso provoca que la mayoría de gente no tenemos más de 120.000 euros en el banco, ¿no? Claro que hay gente que sí, pero la mayoría no, ¿no? Por lo tanto, si yo aseguro 120.000 euros, no pasa nada, ¿lo veis? No hay el pánico. Esto es teórico, ¿vale? Porque, por ejemplo, Irlanda, Irlanda aseguró el 100%, ¿vale? aseguró el 100% de toda la pasta, ¿no? Y los irlandeses no se fiaron. Y fueron a buscar la pasta. Y se hundió. ¿Vale? Hundieron los bancos en Irlanda, ¿no? Pero bueno, veis que hemos aprendido de estas cosas, ¿no? Entonces ahora ya sabemos cómo evitar según qué, ¿no? ¿Vale? Para un momento, eh.",
        "kind": "online_video",
        "file_number": "29",
        "filename": "5 7 Crack 1929 2 Causas-wav.json",
        "url": "https://www.youtube.com/watch?v=fn-HigsUfqk&t=1510s",
        "source": "5 7 Crack 1929 2 Causas-wav"
    }
]