[
    {
        "number": 1,
        "timestamp_start": "00:00:00,000",
        "timestamp_end": "00:01:29,580",
        "text": "Vamos a tratar de entender qué sucedió desde el punto de vista académico. Hoover era el presidente de Estados Unidos que acababa de ganar las elecciones en 1929. Se encontró con la Gran Depresión, y llamó a destacados economistas como Schumpeter y Lionel Robbins en busca de soluciones. Los economistas le aseguraron que la economía tiende hacia la plena ocupación a largo plazo, por lo que le recomendaron mantener la calma a pesar del desequilibrio temporal causado por la crisis.",
        "old_text": "Vamos a intentar entender qué es lo que pasó académicamente hablando. Ahora quiero que penséis en que vosotros sois el Hoover. Hoover era el presidente de Estados Unidos que en el año 29 acababa de ganar las elecciones. ¿Os imagináis? Es como el más, pobrecito. Es más, toda la vida soñando ser presidente y cuando es presidente tiene un marrón que te... Que ha de estar soñando dejar de serlo, este pobre hombre. Pues al Hoover le pasó lo mismo. Gana las elecciones y de golpe el mundo se hunde, se hunde, se hunde, se hunde. Y el tío mal rollo, que mal rollo, que mal rollo. Entonces, ¿qué hace? Pues llama a los mejores economistas del mundo. Los que, bueno, piden a sus profesores, tráeme aquí tíos muy potentes. Y trae a un tío que es potentísimo, que se llama Schumpeter. Y trae a otro tipo que es potentísimo, que se llama Lionel Robbins. Y les dice, tíos, tíos, tíos, tíos, tíos, tíos. Que esto se me va de las manos, que se está hundiendo la economía, ¿no? Le dicen, Hoover, ¿somos o no somos clásicos? ¿La economía tiende o no tiende a la plena ocupación a largo plazo? Pues tranquilo, tranquilo, ¿vale? Tranquilo porque la economía va a llegar a largo plazo con plena ocupación. Por lo tanto, tranquilo porque recuerda que si no actuamos la economía es altamente estable. Y ahora esto se ha desequilibrado, pero volverá. Eso es lo que pasa. Se ha desequilibrado con plena ocupación, por lo tanto, tranquilo.",
        "kind": "online_video",
        "file_number": "30",
        "filename": "5 8 Crack 1929 soluciones-wav.json",
        "url": "https://www.youtube.com/watch?v=W3bo5WdQb3s&t=0s",
        "source": "5 8 Crack 1929 soluciones-wav"
    },
    {
        "number": 2,
        "timestamp_start": "00:01:29,580",
        "timestamp_end": "00:03:27,540",
        "text": "El presidente Hoover creyó en la teoría de que la economía se recuperaría por sí sola, pero en 1932 fue reemplazado por Roosevelt, quien implementó el New Deal, una reforma económica significativa. Posteriormente, en 1936, John Maynard Keynes publicó \"La teoría general sobre la ocupación, el interés y el dinero\", donde explicaba cómo salir de la gran depresión. Keynes es considerado uno de los economistas más influyentes de la historia. \n\nLa demanda agregada es un concepto clave en macroeconomía, se refiere a la demanda total de bienes y servicios en una economía en un determinado periodo de tiempo. Es importante entender cómo funciona la demanda agregada para comprender el comportamiento de la economía en su conjunto.",
        "old_text": "Claro, el pobre Hoover se lo creyó, ¿no? Llegó el 32 y lo echaron a Hoover, ¿no? Claro, los yankees dijeron, fuera, fuera, este tío no lo queremos para nada, ¿no? Que en las elecciones otro tipo interesante, ¿no? Que nosotros en España le llamamos Roselbet. ¿Vale? Pero que es Roosevelt, ¿no? Y este tío, claro, ya no se ha creído nada, ¿no? No se cree nada. Y este tío hace una reforma muy fuerte, ¿no? Económicamente muy, muy fuerte, ¿no? Que se llama el New Deal. De hecho, el Obama. Lo han comparado con el Roosevelt, ¿no? Y parece ser que la economía sale de la historia, pero se vuelve a hundir, ¿no? No hay manera, no hay manera, no hay manera, ¿no? El ciclo económico continúa siendo algo duro, duro, duro, duro, duro. El Roosevelt, en el año 36, hoy hablar de ese tipo que os enseñaba en la foto del otro día, ¿no? Que se llama John Maynard Keynes. Que ese tipo, en el año 36, escribe un libro que explica cómo salir de la gran depresión. Claro, Roosevelt, que venga ese tío para acá, ¿no? ¿Vale? Este tío escribe un libro que se llama La teoría general. La teoría general sobre la ocupación, el interés del dinero, ¿no? Explica la anécdota, yo no sé si es cierta o no, ¿no? Que cuando llega Keynes a Estados Unidos, ¿no? Baja del avión, ¿no? Voyón de periodistas a su alrededor, ¿no? Y los periodistas le preguntan que quién es el mejor economista del mundo, ¿no? Y Keynes les responde que la modestia le impide decir quién es el mejor economista del mundo, ¿no? Porque evidentemente el mejor economista del mundo es él, ¿no? Bueno, vamos ahora a intentar entender, ¿vale? ¿Qué es lo que le explicaron? Para convencerlo al Hoover, ¿qué es lo que le explicaron el Rayonel Robbins y Schumpeter? Mirad, yo ahora necesito que recordemos conceptos y que aceptemos nuevos conceptos y que creemos nuevos conceptos, ¿no? El primer concepto del que hemos de hablar es la demanda agregada, que esto ya os suena, ¿no? La demanda agregada, ¿no? La demanda agregada es la demanda global de todo el mundo, ¿no? ¿Vale? Lo que pedimos todos, ¿vale? Entonces, vamos a poner...",
        "kind": "online_video",
        "file_number": "30",
        "filename": "5 8 Crack 1929 soluciones-wav.json",
        "url": "https://www.youtube.com/watch?v=W3bo5WdQb3s&t=89s",
        "source": "5 8 Crack 1929 soluciones-wav"
    },
    {
        "number": 3,
        "timestamp_start": "00:03:27,540",
        "timestamp_end": "00:05:09,580",
        "text": "La demanda agregada se refiere a la cantidad total de bienes y servicios que se planea comprar a diferentes niveles de precios en un país. En el gráfico que se presenta, se muestra la relación entre el nivel de precios y el Producto Interno Bruto (PIB). El nivel de precios se refiere al promedio de los precios de los bienes y servicios en una economía en un momento dado. Por ejemplo, se compara la inflación en España y en Argentina, donde se menciona que la inflación en Argentina es mucho más alta que en España, lo que indica que el nivel de precios en Argentina es más alto.\n\nLa demanda agregada de una población se ve afectada por su riqueza y el nivel de precios. Si el nivel de precios es alto, la población podrá comprar menos, y a medida que los precios bajan, la población podrá adquirir más bienes y servicios. Por lo tanto, la demanda agregada tiene una relación inversa con el nivel de precios, lo que se refleja en una curva descendente en el gráfico. En el punto donde la demanda agregada alcanza su máximo se encuentra la plena ocupación, que es cuando la economía produce al máximo de su capacidad.",
        "old_text": "La demanda agregada, ¿vale? Vamos a intentar buscar qué función tiene. Entonces, si yo aquí pongo nivel de precios, nivel de precios, ¿eh? Que no son precios, es nivel de precios. Y aquí pongo PIB, ¿qué quiere decir con nivel de precios? Por ejemplo. ¿Vos qué pensáis? ¿Que la inflación en España es más alta o más baja que en Argentina? Mucho más baja. En Argentina tiene una inflación en estos momentos casi del 30%. ¿Vale? Por lo tanto, la inflación en España es mucho más baja. ¿Sí? Pero eso es una cosa. ¿Y el nivel de precios? Aquí es más alto que allí. Aquí es más alto que allí, ¿no? No, no, el nivel de precios. Claro. El nivel de precios es mucho más alto. ¿Veis que son dos cosas distintas? Pues yo aquí estoy hablando de niveles de precios, ¿vale? Es evidente que para pasar de este nivel de precios a este, ha de haber inflación. Claro. ¿Vale? Y vamos a ver de este a este, ha de haber deflación. ¿Sí? Vale, entonces, ¿cómo se comporta la demanda agregada de una población? Vamos a imaginarlos, ¿vale? Una población con una riqueza concreta, ¿vale? Vamos a intentar ver cómo se mueve la función de demanda agregada. ¿Vale? Yo creo, ¿eh? Que con una riqueza concreta, si el nivel de precios es muy alto, esa población va a poder pedir poco, ¿no? Y a medida que baja el nivel de precios, van a poder ir pidiendo más, ¿no? ¿Lo veis? Por lo tanto, la demanda agregada, ¿no? La demanda agregada tendrá una función más o menos así, ¿no? Esta es la demanda agregada de un país, ¿vale? Claro, esto, producción cero, y aquí, claro, va a haber un máximo de producción que le vamos a llamar plena ocupación.",
        "kind": "online_video",
        "file_number": "30",
        "filename": "5 8 Crack 1929 soluciones-wav.json",
        "url": "https://www.youtube.com/watch?v=W3bo5WdQb3s&t=207s",
        "source": "5 8 Crack 1929 soluciones-wav"
    },
    {
        "number": 4,
        "timestamp_start": "00:05:09,580",
        "timestamp_end": "00:06:40,420",
        "text": "La oferta agregada, que representa la producción total de un país, es un concepto fundamental en macroeconomía. Al igual que con la demanda agregada, la oferta agregada también se ve afectada por diversos factores. En el largo plazo, la economía tiende a trabajar en plena ocupación, lo que significa que utiliza todos sus recursos de manera eficiente. Este concepto se basa en la idea de la \"mano invisible\", según la cual, si cada individuo actúa según sus intereses, se producirán los bienes y servicios necesarios para la sociedad en su conjunto.\n\nAdemás, la ley de Say establece que la producción de bienes necesarios conducirá a su compra, lo que contribuirá a mantener la economía en plena ocupación a largo plazo. En este sentido, los clásicos de la economía sostienen que la economía tiende hacia la plena ocupación de sus recursos en el largo plazo. Por lo tanto, es importante comprender cómo se relacionan los niveles de precios, el Producto Interno Bruto (PIB) y la ocupación plena en el análisis de la oferta agregada.",
        "old_text": "¿Ok? Vale, esto lo aceptamos todos, ¿no? Me imagino que esto es fácil de entender, ¿no? Sí, ¿eh? Si de golpe la población se hace más rica por lo que sea, pues la demanda agregada se desplazará, ¿no? Esa población es más pobre para demandar, también se desplazará hacia aquí, ¿no? ¿Vale? ¿Vale? Fácil, ¿no? Muy bien. Ahora vamos a intentar pensar en la oferta agregada, que sería la producción total de un país, ¿no? Lo mismo, ¿eh? Pondremos nivel de precios, pondremos PIB, pondremos plenas ocupaciones, lo pondremos todo. Y quiero que intentéis dibujar una función que cumpla lo que dicen los clásicos, ¿no? Y los clásicos dicen que a largo plazo, ¿no? A largo plazo la economía siempre trabaja en plena ocupación, ¿no? La economía siempre tiende a plena ocupación. La economía siempre tiende a plena ocupación a largo plazo, ¿no? De sus recursos, ¿no? ¿Vale? ¿Derivado de qué? De la mano invisible, ¿os acordáis? La mano invisible que nos dice que si cada uno hacemos lo que queremos, acabamos fabricando cosas que son necesarias. Primera. Segunda. ¿Vale? La segunda idea era la ley de Sey. Si fabricamos cosas que son necesarias, se acaban comprando siempre, ¿no? Por lo tanto, la conclusión es que a largo plazo la economía siempre tiende a plena ocupación, ¿no? Por lo tanto, la economía... A largo plazo tiende a la plena ocupación, ¿sí? ¿Vale? Y ahora voy a poner aquí precios. Vale, lo mismo, ¿eh? Nivel de precios. Voy a poner aquí PIP.",
        "kind": "online_video",
        "file_number": "30",
        "filename": "5 8 Crack 1929 soluciones-wav.json",
        "url": "https://www.youtube.com/watch?v=W3bo5WdQb3s&t=309s",
        "source": "5 8 Crack 1929 soluciones-wav"
    },
    {
        "number": 5,
        "timestamp_start": "00:06:40,420",
        "timestamp_end": "00:08:36,400",
        "text": "La plena ocupación es un concepto importante en macroeconomía. Se refiere al nivel de empleo en el que todos los recursos productivos de una economía están siendo utilizados de manera eficiente. En este estado, la tasa de desempleo es mínima y la producción se encuentra en su máximo nivel. \n\nEn el contexto de la oferta agregada, se busca una función que refleje que la economía tiende siempre hacia la plena ocupación a largo plazo. Esto implica que la economía, en su trayectoria de crecimiento sostenido, alcanza un nivel de producción en el que se aprovechan al máximo los recursos disponibles.\n\nPor otro lado, en cuanto a la demanda agregada, se refiere a la cantidad total de bienes y servicios que se planea adquirir a diferentes niveles de precios durante un periodo determinado. Esta demanda está determinada por factores como el consumo, la inversión, el gasto público y las exportaciones netas.\n\nEs importante tener en cuenta el Producto Interno Bruto (PIB) al analizar la producción de un país. El PIB representa el valor monetario de todos los bienes y servicios finales producidos en un país en un periodo de tiempo determinado. Es una medida clave para entender el tamaño de la economía y su evolución a lo largo del tiempo.\n\nEn resumen, tanto la oferta agregada como la demanda agregada, junto con el concepto de plena ocupación y el análisis del PIB, son elementos fundamentales en el estudio de la macroeconomía y en la comprensión del funcionamiento de una economía a nivel agregado.",
        "old_text": "Voy a poner aquí plena ocupación. ¿Sí? Vale, pues ahora yo quiero que os comáis el tarro y que dibujéis una función de oferta agregada que cumpla esto. Que cumpla que la economía a largo plazo tiende siempre a plena ocupación. ¿Sí? Tres minutos. ¿Vale? Quiero que lo discutáis entre vosotros durante tres minutos. Venga, vamos, va. Mar, ¿te ha quedado claro lo de la demanda o no? ¿No? No. Vale, vamos a la demanda. Primero vamos a la demanda, ¿eh? Es igual, es igual. Hay un grupo de gente con una riqueza concreta, hay una pasta concreta, ¿no? ¿Vale? Muy bien. Sí, esto es la producción de un país. La capacidad... ¿Qué es el PIP? ¿Qué es el PIP? ¿Qué era? El valor que prende esta producción, ¿no? El valor en euros que los ventas y servicios que se producen en un territorio. Tú lo cotizas valorando monetariamente, pero estamos hablando de los ventas y servicios que se fabrican en un país. Porque antes estábamos discutiendo porque no sabíamos si era realmente... A ver, ¿eh? ¿Cuántos? ¿Eh? 600. 600, ¿no? Vale. Es el valor, ¿no? Es el valor. 600 kilómetros es el valor, ¿no? Sí. Pero ¿qué estás mesurando? ¿De verdad qué estás mesurando? ¿Qué estás mesurando? La distancia. La distancia, ¿no? ¿Vale? Ahora, lo has de decir con un valor, ¿no? Sí. ¿Sí? ¿Pero qué estás mesurando? ¿Qué estás mesurando realmente? ¿Qué estás mesurando? La distancia, ¿no? Vale. Y ahora es el valor. De aquí a Madrid, volvemos, ¿eh? De aquí a Madrid, ¿cuántos kilómetros llevan? 600.",
        "kind": "online_video",
        "file_number": "30",
        "filename": "5 8 Crack 1929 soluciones-wav.json",
        "url": "https://www.youtube.com/watch?v=W3bo5WdQb3s&t=400s",
        "source": "5 8 Crack 1929 soluciones-wav"
    },
    {
        "number": 6,
        "timestamp_start": "00:08:36,400",
        "timestamp_end": "00:12:26,740",
        "text": "La capacidad de producción de bienes y servicios de un país es un concepto fundamental en macroeconomía. Se refiere a la cantidad de bienes y servicios que una economía puede producir en un período de tiempo determinado. Esta capacidad de producción está determinada por factores como la tecnología disponible, los recursos naturales, el capital humano y físico, entre otros.\n\nEs importante diferenciar entre el concepto de valor y la capacidad de producción. Mientras que el valor se refiere al precio o importancia que se le asigna a algo, la capacidad de producción se centra en la cantidad de bienes y servicios que se pueden producir. En el contexto de la macroeconomía, cuando se calcula la capacidad de producción de un país, no se está hablando de un valor monetario en sí, sino de la capacidad real de la economía para generar productos y servicios.\n\nPor lo tanto, es crucial comprender que la capacidad de producción no se mide en términos de valor monetario, sino en términos de la cantidad de bienes y servicios que un país es capaz de producir. Esta capacidad productiva es esencial para analizar el crecimiento económico, la eficiencia de una economía y la distribución de recursos en un país.",
        "old_text": "¿Seguro? ¿Y eso qué es? ¿Y eso qué es? Un valor, ¿no? Sí. Pero también es la distancia, ¿o no? Es el valor de la distancia. No. No, no, no, no, no. No me engañes a mí. ¿Vale? Es un valor, sí. Y es la distancia también, ¿o no? No. ¿El tuyo cervello lo entiende, que es una distancia, lo que te estoy diciendo? Si tú me dices, hey, voy a ir a la Plaza de Cataluña, y digo, ostras, tío, que tengo 6 kilómetros de aquí a la Plaza de Cataluña, ¿tú qué estás pensando? ¿Con un valor de 6 kilómetros lo estás pensando? Caminando, tal vez no iré. ¿No? ¿En qué estás pensando? ¿No? ¿Tú qué estás pensando? Si yo te digo, ¿quieres ir a la Plaza de Cataluña? ¿Tú qué te imaginas? 6 kilómetros de un número. No, Marc. Entonces, Marc. Es diferente. Si estamos... Estás complejo tú, chaval. ¿La capacidad de producción o el valor? Y que es un valor. Por eso decíamos que es el valor monetario. Pero lo que estoy calculando no es un valor monetario. Lo que estoy calculando es la capacidad de producción de bienes y servicios de un país. Que lo has tomado con un valor. Y que es un valor monetario. Y que es un valor monetario. Y que es un valor monetario. Y que es un valor monetario. Y que es un valor monetario. Y que es un valor monetario. Y que es un valor monetario. Y que es un valor monetario.",
        "kind": "online_video",
        "file_number": "30",
        "filename": "5 8 Crack 1929 soluciones-wav.json",
        "url": "https://www.youtube.com/watch?v=W3bo5WdQb3s&t=516s",
        "source": "5 8 Crack 1929 soluciones-wav"
    },
    {
        "number": 7,
        "timestamp_start": "00:12:26,740",
        "timestamp_end": "00:14:57,700",
        "text": "Un valor monetario es la representación en términos de dinero de un bien, servicio, activo o pasivo. Es la cantidad de dinero que se asigna a un determinado concepto económico. Por ejemplo, el precio de un producto en el mercado es un valor monetario, al igual que el salario de un trabajador o la deuda de una empresa. Los valores monetarios son fundamentales en la economía, ya que permiten realizar comparaciones, transacciones y cálculos financieros.",
        "old_text": "Y que es un valor monetario. Y que es un valor monetario. Y que es un valor monetario. Y que es un valor monetario. Y que es un valor monetario. Y que es un valor monetario. Y que es un valor monetario. Y que es un valor monetario. Y que es un valor monetario. Y que es un valor monetario. Y que es un valor monetario. Y que es un valor monetario. Y que es un valor monetario. Y que es un valor monetario. Y que es un valor monetario. Y que es un valor monetario. Y que es un valor monetario. Y que es un valor monetario. Y que es un valor monetario. Y que es un valor monetario. Y que es un valor monetario. Y que es un valor monetario. Y que es un valor monetario. Y que es un valor monetario. Y que es un valor monetario. Y que es un valor monetario. Y que es un valor monetario. Y que es un valor monetario. Y que es un valor monetario. Y que es un valor monetario. Y que es un valor monetario. Y que es un valor monetario. Y que es un valor monetario. Y que es un valor monetario. Y que es un valor monetario. Y que es un valor monetario. Y que es un valor monetario. Y que es un valor monetario. Y que es un valor monetario. Y que es un valor monetario. Y que es un valor monetario. Y que es un valor monetario.",
        "kind": "online_video",
        "file_number": "30",
        "filename": "5 8 Crack 1929 soluciones-wav.json",
        "url": "https://www.youtube.com/watch?v=W3bo5WdQb3s&t=746s",
        "source": "5 8 Crack 1929 soluciones-wav"
    },
    {
        "number": 8,
        "timestamp_start": "00:14:57,700",
        "timestamp_end": "00:17:27,540",
        "text": "Un valor monetario es la cantidad de dinero que se asigna a un bien o servicio en una economía. En el contexto de la Gran Depresión del año 1929, se produjo una crisis económica que llevó a la ruina a muchas personas y empresas. Esto provocó una disminución en la capacidad de compra de la población, lo que generó un exceso de productos en el mercado que no podían ser vendidos, como toneladas de yogur, tomates, bicicletas, coches, entre otros. Esta situación de exceso de oferta y falta de demanda se traduce en desempleo tanto de personas como de recursos productivos, lo que representa un problema económico grave. En este escenario, se evidencia que el punto B en el que se encuentra la economía no es necesariamente un punto de equilibrio, ya que la sobreproducción y la falta de ventas pueden llevar a una reducción de precios para tratar de deshacerse de los excedentes de productos.",
        "old_text": "Y que es un valor monetario. Y que es un valor monetario. Y que es un valor monetario. Y que es un valor monetario. Y que es un valor monetario. ¿Ok? Vale. ¿Qué pasó en el 29? ¿Qué pasó en el 29? La gente se arruinó, ¿no? La gente se arruinó. Por lo tanto, ¿qué ocurrió? Que a ese nivel de precios, se podía comprar todo esto la gente. Ya no podían pedir todo esto, ¿no? Podían pedir muchísimo menos, ¿no? A ese nivel de precios, solo podían pedir esto. Hechajero, ¿eh? ¿Vale? ¿Todo esto qué es? Paro. Paro. Y cuando hablo de paro, no estoy hablando solo de personas que sí, había 17 millones de personas sin poder trabajar, ¿no? Pero estoy hablando de 300 millones de toneladas de yogur que no se están vendiendo, ¿vale? 200 toneladas de tomates que tampoco se venden. 2.000 bicicletas que no se venden. 250.000 coches que no se venden. Etcétera, etcétera, etcétera, etcétera, ¿no? ¿Vale? Por lo tanto, es un dramón. ¿Veis que es un dramón? Estamos en un momento en el que estamos en el punto B, ¿no? Pero claro, Schumpeter y Robbins le dicen a este hombre, ¿no? Le dicen, pero el punto B, ¿tú crees que es un punto de equilibrio? ¿Qué quiere decir? ¿Que ahí vas a estar toda tu vida? No, no pasa nada, no te preocupes. ¿Por qué? Porque, hombre, los yogures no se venden, están a punto de pudrirse, ¿no? Los tomates no se venden, están a punto de pudrirse, y se bajarán de precio.",
        "kind": "online_video",
        "file_number": "30",
        "filename": "5 8 Crack 1929 soluciones-wav.json",
        "url": "https://www.youtube.com/watch?v=W3bo5WdQb3s&t=897s",
        "source": "5 8 Crack 1929 soluciones-wav"
    },
    {
        "number": 9,
        "timestamp_start": "00:17:27,680",
        "timestamp_end": "00:18:58,600",
        "text": "Es evidente que los precios bajarán, y aquellos que no encuentren trabajo aceptarán empleos con salarios más bajos. Esto provocará una disminución en el nivel de precios y un desplazamiento de la función de demanda agregada. En situaciones como la crisis del año 29, la demanda agregada cae bruscamente, lo que lleva a un aumento en el poder adquisitivo de ciertos bienes y servicios. Sin embargo, el equilibrio no se alcanza hasta que todos los recursos estén plenamente empleados, lo que se refleja en el punto D como un punto de equilibrio. La caída en los precios se debe a la disminución del valor del dinero.",
        "old_text": "¿No? ¿No? ¿No bajarán de precio? Es evidente que bajarán de precio, ¿no? ¿Y los ingenieros informáticos no encuentran curro? Bueno, pues aceptarán curros con sueldos más bajos, ¿no? ¿Lo veis? Por lo tanto, ¿qué va a ocurrir? Que va a bajar el nivel de precios. Nos situaremos aquí, ¿no? Claro, fijaros, ¿eh? Cuando esto cae, ¿qué ha ocurrido? Que se ha desplazado la función de demanda agregada. ¿No? Esto es lo que ha ocurrido, ¿eh? En el año 29, ¿no? En el año 29, ¡crack! La demanda agregada, la gente se hizo pobre de golpe de demanda agregada que hayan picado. Pero claro, ¿ahora qué ocurre? Que a este nivel de precios, fijaros que me llegaría. A este nivel de precios ya puedo comprar más. Estoy en el punto C. ¡Ostras! ¿El punto C es un punto de equilibrio? No, no, no, no, no, no. ¿Por qué? Porque aún hay gente que no tiene curro, aún hay bicicletas que no se venden, ¿no? Aún hay coches que no sé qué, hay tomates que no sé cuántos, por lo tanto, van a bajar más los precios, ¿no? Llegamos al punto D. ¿Pero el punto D es un punto de equilibrio? Tampoco, ¿no? ¿Tampoco? ¿Por qué? Porque aún hay cosas que tal, no, no, no, no, no, no. ¿Vale? Punto D. ¿El punto D es un punto de equilibrio? Sí. Fantástico. Espérate un momento, ¿eh, Samuel? Fantástico, ¿veis? Lo único que ha ocurrido es que los precios han bajado mogollón porque el día de hoy, el dinero ha caído en picado.",
        "kind": "online_video",
        "file_number": "30",
        "filename": "5 8 Crack 1929 soluciones-wav.json",
        "url": "https://www.youtube.com/watch?v=W3bo5WdQb3s&t=1047s",
        "source": "5 8 Crack 1929 soluciones-wav"
    },
    {
        "number": 10,
        "timestamp_start": "00:18:58,600",
        "timestamp_end": "00:20:39,740",
        "text": "En el campo de la macroeconomía, es fundamental comprender la relación entre la cantidad de dinero en circulación y el nivel de precios de bienes y servicios en una economía. Imaginemos un esquema donde se representan los bienes y servicios por un lado, y por otro lado la cantidad de dinero disponible. Esta relación nos permite establecer un nivel de precios en la economía. Sin embargo, ¿qué sucede si de repente la cantidad de dinero desaparece? Esto significa que ya no se puede adquirir la misma cantidad de bienes y servicios al nivel de precios anterior. La única solución sería una caída significativa en el nivel de precios para ajustarse a la nueva cantidad de dinero disponible.\n\nDe hecho, se plantea un escenario interesante: si en un momento de crisis, como la Gran Depresión, las personas hubieran aceptado de manera generalizada reducir sus sueldos y los precios de los productos en un 50%, la situación económica podría haber sido diferente. Esta medida drástica habría permitido ajustar la economía de manera más rápida y evitar prolongar el sufrimiento durante años. La clave radica en la flexibilidad y la capacidad de adaptación de los agentes económicos ante situaciones adversas.\n\nEn resumen, la flexibilidad de los precios y los salarios en respuesta a cambios en la cantidad de dinero en circulación es crucial para la estabilidad económica. En situaciones de crisis, la capacidad de ajuste rápido puede ser determinante para superar dificultades económicas de manera más eficiente.",
        "old_text": "¿Os acordáis de aquel esquema que yo os hacía del campo de prisioneros, que poníamos bienes y servicios, y por otro lado poníamos cantidad de dinero? Y esto nos establecía un nivel de precios, ¿no? ¿Qué ha pasado? ¿Qué ha pasado? Que de golpe, esto, solo era esto. La cantidad de dinero había desaparecido, ¿no? Todo esto de aquí había desaparecido. Y claro, con este dinero no podrías comprar todo esto, este nivel de precios, ¿no? La única solución que es que esto caiga, caiga mogollón. ¿Vale? Pof, ya está. Es más, fijaros, ¿eh? Si Hoover hubiera podido convencer a la gente que en un día bajaran sus sueldos y bajaran los precios un 50%, no hubiera habido gran depresión. ¿Lo veis? Porque la única... ¿No? Imaginaos que en un día que Hoover hubiera podido salir por la tele, que hubiera tele, que hubiera movilidad de gente viendo la tele, ¿no? Que eso no ocurría en el calle de época, ¿no? Y que les hubiera explicado este esquema. Les hubiera dicho, mirad, ¿no os queda más remedio que pasar de la situación B, que es donde estamos ahora, estamos hechos polvo, aquí. Podemos pasarla de dos maneras. Una es que sufráis. Que sufráis como locos. Durante 10 años. Y que resistáis a que bajen los precios y que bajen vuestros sueldos. ¿Vale? Pero acabaremos igual. Igual, ¿eh? Pero que resistáis mogollón, mogollón, mogollón. Y otra es que no resistáis para nada, ¿vale? Y que mañana aceptéis todos que vuestro sueldo es la mitad y vuestros precios son la mitad.",
        "kind": "online_video",
        "file_number": "30",
        "filename": "5 8 Crack 1929 soluciones-wav.json",
        "url": "https://www.youtube.com/watch?v=W3bo5WdQb3s&t=1138s",
        "source": "5 8 Crack 1929 soluciones-wav"
    }
]