[
    {
        "number": 1,
        "timestamp_start": "00:00:00,000",
        "timestamp_end": "00:01:44,220",
        "text": "El problema fundamental en economía es el ciclo económico. Este ciclo se caracteriza por periodos en los que la economía va bien, seguidos de caídas en la actividad económica. Los clásicos, una corriente de pensamiento económico, sostienen que el ciclo económico es inevitable y que es mejor no intervenir en él. Según los clásicos, el Estado no debería intervenir en la economía, ya que consideran que cualquier intervención estatal empeoraría la situación económica.",
        "old_text": "El problema que tenemos en economía es este. El problema serio que hay en cualquier país es este. El ciclo económico. Esto es en Estados Unidos, la verdad es que eso está muy mal dibujado, lo hice yo. Siempre digo que lo tengo que cambiar y no lo he cambiado nunca y me doy cuenta que no lo cambiaré. Pero está mal, el dibujo este está mal hecho. Pero la idea es que entendáis que hay un ciclo económico. De golpe la economía más o menos va bien, cae. Vuelve a ir bien, vuelve a caer. Vuelve a ir bien, vuelve a caer. Vuelve a ir bien, vuelve a caer. Vuelve a ir bien, más o menos, vuelve a caer. Vuelve a ir bien, se hunde la miseria. De hecho esto es la gran depresión. Y de golpe, ostras, parece que va muy bien, de nuevo vuelve a caer. Es un mal rollo. Eso es un mal rollo. Entonces, ante esta historia de que el ciclo económico parece ser que es inevitable, hay dos posturas en economía. Una que podríamos decir es la de siempre, la tradicional, la de toda la vida, que le llamamos la postura de los clásicos. Los clásicos defienden que este ciclo es algo que es inevitable y que mejor no tocarlo. Esa sería la idea. El Estado no tiene que intervenir en la economía. Eso lo defiende la escuela clásica, le llamaremos. Escuela clásica. Y es más, estos tíos defienden que si el Estado interviene, todo va a ser mucho peor.",
        "kind": "online_video",
        "file_number": "23",
        "filename": "5.1 Las dos grandes corrientes de pensamiento Clásicos y keynesianos-wav.json",
        "url": "https://www.youtube.com/watch?v=sPnlN49Ybis&t=0s",
        "source": "5.1 Las dos grandes corrientes de pensamiento Clásicos y keynesianos-wav"
    },
    {
        "number": 2,
        "timestamp_start": "00:01:44,220",
        "timestamp_end": "00:03:08,400",
        "text": "Por lo tanto, es importante entender las diferentes corrientes de pensamiento en macroeconomía. Por un lado, encontramos la postura que defiende una mínima intervención del Estado en la economía, asociada a los partidos de derechas como los republicanos, Mariano Rajoy, Berlusconi, Nicolás Sarkozy o Merkel. Esta corriente sostiene que el Estado no debería intervenir demasiado en la economía. \n\nPor otro lado, surge el pensamiento keynesiano, desarrollado por John Maynard Keynes justo antes de la Segunda Guerra Mundial. Esta corriente aboga por la intervención del Estado en la economía en momentos de crisis para estimular la demanda y salir de recesiones económicas. Keynes propone que, cuando la economía está en problemas, es necesario que el Estado intervenga para reactivarla.",
        "old_text": "Por lo tanto, por favor, no toques la economía, Estado. No toques nada. Porque cada vez que el Estado interviene en la economía, las cosas han ido mil veces peor. Esa es la idea. Y luego, hay otra corriente de pensamiento. Quiero que entendáis una cosa. ¿A quién relacionaríamos con esta forma de pensar? Pues a los partidos de derechas. Políticamente sería el tipo Archie, o los republicanos, o el Mariano Rajoy, o el Berlusconi, o el Nicolás Sarkozy, o la Merkel. Estarían relacionados con este tipo de gente. El Estado tiene que intervenir muy poco en la economía. Muy, muy poquito. ¿Vale? Y luego hay otra forma de pensar, que aparece después de la Segunda Guerra Mundial. ¿Vale? No, no, no, no, no, no. Sí, sí, sí. No, no, no, no. Justo antes de la Segunda Guerra Mundial. Justo antes de la Segunda Guerra Mundial, es verdad. Justo antes, ¿no? En el año 36. Que es un tipo que se llama Keynes. ¿Vale? Y de hecho le hablamos del pensamiento Keynesiano. ¿Vale? Y de hecho le hablamos del pensamiento Keynesiano. ¿Vale? Y de hecho le hablamos del pensamiento Keynesiano. No seguro que os suena esto del Keynes, ¿no? Y Keynes, o el pensamiento Keynesiano, defiende Y Keynes, o el pensamiento Keynesiano, defiende Y Keynes, o el pensamiento Keynesiano, defiende que ostras, que si la economía está mal, tenemos que intervenir para salir del bache económico. que ostras, que si la economía está mal, tenemos que intervenir para salir del bache económico.",
        "kind": "online_video",
        "file_number": "23",
        "filename": "5.1 Las dos grandes corrientes de pensamiento Clásicos y keynesianos-wav.json",
        "url": "https://www.youtube.com/watch?v=sPnlN49Ybis&t=104s",
        "source": "5.1 Las dos grandes corrientes de pensamiento Clásicos y keynesianos-wav"
    },
    {
        "number": 3,
        "timestamp_start": "00:03:08,400",
        "timestamp_end": "00:03:38,400",
        "text": "El Estado tiene la capacidad y la responsabilidad de intervenir en la economía. Estas dos posturas son distintas y hoy vamos a intentar entender por qué existen estas dos formas de pensar tan diferentes. Vamos a introducirnos en las grandes corrientes del pensamiento económico, y podemos decir que la política económica surge con Keynes.",
        "old_text": "¿Vale? Que el Estado tiene la capacidad y por tanto tiene la responsabilidad de hacerlo. Que el Estado tiene la capacidad y por tanto tiene la responsabilidad de hacerlo. Que el Estado tiene la capacidad y por tanto tiene la responsabilidad de hacerlo. ¿Vale? Son dos posturas que veréis que son súper distintas, ¿no? Son dos posturas que veréis que son súper distintas, ¿no? Entonces, hoy lo que vamos a intentar hacer es porque vamos a intentar entender el por qué hemos llegado a esas dos formas de pensar tan distintas una de la otra, ¿no? Entonces, hoy lo que vamos a intentar hacer es porque vamos a intentar entender el por qué hemos llegado a esas dos formas de pensar tan distintas una de la otra, ¿no? Entonces, hoy lo que vamos a intentar hacer es porque vamos a intentar entender el por qué hemos llegado a esas dos formas de pensar tan distintas una de la otra, ¿no? Entonces, hoy lo que vamos a intentar hacer es porque vamos a intentar entender el por qué hemos llegado a esas dos formas de pensar tan distintas una de la otra, ¿no? Y más o menos quién tiene razón, ¿no? Eso es lo que vamos a intentar ver, ¿no? Eso es lo que vamos a intentar ver, ¿no? Entonces, ¿veis? Vamos a introducirnos a los grandes corrientes del pensamiento económico. Entonces, ¿veis? Vamos a introducirnos a los grandes corrientes del pensamiento económico. De hecho, podríamos decir que la política económica aparece con Keynes.",
        "kind": "online_video",
        "file_number": "23",
        "filename": "5.1 Las dos grandes corrientes de pensamiento Clásicos y keynesianos-wav.json",
        "url": "https://www.youtube.com/watch?v=sPnlN49Ybis&t=188s",
        "source": "5.1 Las dos grandes corrientes de pensamiento Clásicos y keynesianos-wav"
    },
    {
        "number": 4,
        "timestamp_start": "00:03:38,400",
        "timestamp_end": "00:04:02,400",
        "text": "La política económica surge con Keynes, ya que antes no existía debido a que la creencia era que la mejor política económica era la de no intervenir. Es Keynes quien argumenta que el Estado debe intervenir en la economía, lo que da lugar al surgimiento de la macroeconomía y la política económica. En este sentido, se pueden identificar dos posturas: los no intervencionistas y los intervencionistas.",
        "old_text": "De hecho, podríamos decir que la política económica aparece con Keynes. De hecho, podríamos decir que la política económica aparece con Keynes. Antes no había política económica porque la mejor política económica era no hacer nada. Antes no había política económica porque la mejor política económica era no hacer nada. Antes no había política económica porque la mejor política económica era no hacer nada. Por lo tanto, no se tenía que hacer nada, ¿no? Es Keynes quien defiende que el Estado tiene que terminar la economía y, por lo tanto, ya podemos hablar de macroeconomía y de política económica, ¿no? Es Keynes quien defiende que el Estado tiene que terminar la economía y, por lo tanto, ya podemos hablar de macroeconomía y de política económica, ¿no? Es Keynes quien defiende que el Estado tiene que terminar la economía y, por lo tanto, ya podemos hablar de macroeconomía y de política económica, ¿no? Es Keynes quien defiende que el Estado tiene que terminar la economía y, por lo tanto, ya podemos hablar de macroeconomía y de política económica, ¿no? ¿Vale? Los no intervencionistas y los intervencionistas. ¿Vale? Los no intervencionistas y los intervencionistas.",
        "kind": "online_video",
        "file_number": "23",
        "filename": "5.1 Las dos grandes corrientes de pensamiento Clásicos y keynesianos-wav.json",
        "url": "https://www.youtube.com/watch?v=sPnlN49Ybis&t=218s",
        "source": "5.1 Las dos grandes corrientes de pensamiento Clásicos y keynesianos-wav"
    }
]