[
    {
        "number": 1,
        "timestamp_start": "00:00:00,000",
        "timestamp_end": "00:01:55,540",
        "text": "La macroeconomía es una rama de la economía que se encarga de estudiar el comportamiento de variables económicas a nivel agregado, es decir, a nivel de un país o región en su conjunto. En este campo, se distinguen dos corrientes principales: los clásicos y los keynesianos. Los clásicos, representados por figuras como Adam Smith, defienden la idea de que el mercado se autorregula a través de la \"mano invisible\". Esta noción sostiene que si cada individuo produce lo que desea, se generarán bienes y servicios útiles para la sociedad en su conjunto, siguiendo el principio de la ley de Say, que establece que la oferta crea su propia demanda. Es decir, la producción de bienes y servicios generará automáticamente la demanda necesaria para absorber esa producción.",
        "old_text": "¿Qué es la macro? Los clásicos los vamos a llamar clásicos y otros que defienden que la economía si se tiene que intervenir los vamos a llamar keynesianos. ¿Los clásicos están lidiados por quién? ¿Quién es el padre de la escuela clásica? Adam Smith. Y a Adam Smith le atribuimos como dos eslogans. ¿Cuáles son? La mano invisible y el SFR. Pero el que nos interesa es la mano invisible. ¿Y la mano invisible qué nos dice? ¿Qué dice la mano invisible? El mercado se reivindica. ¿Qué dice la mano invisible? Yo no digo la mano invisible. Si todos producimos lo que queremos, vamos a producir cosas útiles o algo así. Algo así no. ¿Qué es lo que dice la mano invisible? Que hacemos lo que queremos, que haremos cosas útiles. Si cada uno hace lo que quiere, al final solo se va produciendo lo que es necesario. Lo que realmente es necesario. No es lo mismo decir que vamos a fabricar cosas útiles a decir que vamos a fabricar cosas útiles. Lo más socialmente óptimo posible. ¿Lo ves que es distinto? Son dos cosas muy distintas. Y eso es lo que dice la mano invisible. Eso se apoya con la ley de Say. ¿Qué dice la ley de Say? Que la oferta genera su propia demanda. La oferta genera su propia demanda. Entonces, combinado de que si cada uno hace lo que quiere, fabricamos cosas innecesarias y que si fabricamos cosas innecesarias se acaban comprando por la ley de Say.",
        "kind": "online_video",
        "file_number": "32",
        "filename": "6 1 Pensamiento keynesiano Introducción-wav.json",
        "url": "https://www.youtube.com/watch?v=Auraxkjp98I&t=0s",
        "source": "6 1 Pensamiento keynesiano Introducción-wav"
    },
    {
        "number": 2,
        "timestamp_start": "00:01:55,540",
        "timestamp_end": "00:02:57,440",
        "text": "La conclusión de todo esto, según los clásicos, es que la ley de Say establece que la oferta genera su propia demanda. La ley de Say es un principio de la economía clásica que sostiene que, en una economía de mercado, la producción total de bienes y servicios genera automáticamente los ingresos necesarios para comprar esa producción. En otras palabras, la oferta de bienes y servicios crea su propia demanda a través de la generación de ingresos para los productores, que luego se convierten en demanda agregada. Este concepto es fundamental en la teoría económica clásica y ha sido objeto de debate y análisis a lo largo de la historia de la economía.",
        "old_text": "¿Cuál es la conclusión de todo esto? Según los clásicos. ¿Qué es lo que dice la ley de Say? Que la oferta genera su propia demanda. ¿Qué es lo que dice la ley de Say? Que la oferta genera su propia demanda. ¿Qué es lo que dice la ley de Say? Que la oferta genera su propia demanda. ¿Qué es lo que dice la ley de Say? Que la oferta genera su propia demanda. ¿Qué es lo que dice la ley de Say? Que la oferta genera su propia demanda. ¿Qué es lo que dice la ley de Say? Que la oferta genera su propia demanda. ¿Qué es lo que dice la ley de Say? Que la oferta genera su propia demanda. ¿Qué es lo que dice la ley de Say? Que la oferta genera su propia demanda. ¿Qué es lo que dice la ley de Say? Que la oferta genera su propia demanda. ¿Qué es lo que dice la ley de Say? Que la oferta genera su propia demanda. ¿Qué es lo que dice la ley de Say? Que la oferta genera su propia demanda. ¿Qué es lo que dice la ley de Say? Que la oferta genera su propia demanda. ¿Qué es lo que dice la ley de Say? Que la oferta genera su propia demanda. ¿Qué es lo que dice la ley de Say? Que la oferta genera su propia demanda. ¿Qué es lo que dice la ley de Say? Que la oferta genera su propia demanda.",
        "kind": "online_video",
        "file_number": "32",
        "filename": "6 1 Pensamiento keynesiano Introducción-wav.json",
        "url": "https://www.youtube.com/watch?v=Auraxkjp98I&t=115s",
        "source": "6 1 Pensamiento keynesiano Introducción-wav"
    },
    {
        "number": 3,
        "timestamp_start": "00:02:57,440",
        "timestamp_end": "00:04:00,640",
        "text": "La Ley de Say establece que la oferta de bienes y servicios en una economía genera automáticamente la demanda necesaria para adquirir esos bienes y servicios. Según esta teoría, la producción de bienes crea ingresos que a su vez se traducen en la capacidad de compra de los mismos bienes producidos. La idea principal es que no puede haber una sobreproducción prolongada en una economía, ya que cualquier exceso de oferta eventualmente encontrará demanda a través de los ingresos generados por la producción.",
        "old_text": "¿Qué es lo que dice la ley de Say? Que la oferta genera su propia demanda. ¿Qué es lo que dice la ley de Say? Que la oferta genera su propia demanda. ¿Qué es lo que dice la ley de Say? Que la oferta genera su propia demanda. ¿Qué es lo que dice la ley de Say? Que la oferta genera su propia demanda. ¿Qué es lo que dice la ley de Say? Que la oferta genera su propia demanda. ¿Qué es lo que dice la ley de Say? Que la oferta genera su propia demanda. ¿Qué es lo que dice la ley de Say? Que la oferta genera su propia demanda. ¿Qué es lo que dice la ley de Say? Que la oferta genera su propia demanda. ¿Qué es lo que dice la ley de Say? Que la oferta genera su propia demanda. ¿Qué es lo que dice la ley de Say? Que la oferta genera su propia demanda. ¿Qué es lo que dice la ley de Say? Que la oferta genera su propia demanda. ¿Qué es lo que dice la ley de Say? Que la oferta genera su propia demanda. ¿Qué es lo que dice la ley de Say? Que la oferta genera su propia demanda. ¿Qué es lo que dice la ley de Say? Que la oferta genera su propia demanda. ¿Qué es lo que dice la ley de Say? Que la oferta genera su propia demanda. ¿Qué es lo que dice la ley de Say? Que la oferta genera su propia demanda.",
        "kind": "online_video",
        "file_number": "32",
        "filename": "6 1 Pensamiento keynesiano Introducción-wav.json",
        "url": "https://www.youtube.com/watch?v=Auraxkjp98I&t=177s",
        "source": "6 1 Pensamiento keynesiano Introducción-wav"
    },
    {
        "number": 4,
        "timestamp_start": "00:04:00,640",
        "timestamp_end": "00:05:04,640",
        "text": "La Ley de Say establece que la oferta de bienes y servicios en una economía genera automáticamente la demanda necesaria para adquirir esa oferta. Es decir, la producción de bienes y servicios crea a su vez los ingresos necesarios para comprar esos mismos bienes y servicios. Esta teoría sugiere que no puede existir una sobreproducción prolongada en una economía, ya que cualquier exceso de oferta eventualmente encontrará demanda a través de los ingresos generados por la producción. La idea principal detrás de la Ley de Say es que el equilibrio entre la producción y el consumo se logra de forma natural en una economía de mercado.",
        "old_text": "¿Qué es lo que dice la ley de Say? Que la oferta genera su propia demanda. ¿Qué es lo que dice la ley de Say? Que la oferta genera su propia demanda. ¿Qué es lo que dice la ley de Say? Que la oferta genera su propia demanda. ¿Qué es lo que dice la ley de Say? Que la oferta genera su propia demanda. ¿Qué es lo que dice la ley de Say? Que la oferta genera su propia demanda. ¿Qué es lo que dice la ley de Say? Que la oferta genera su propia demanda. ¿Qué es lo que dice la ley de Say? Que la oferta genera su propia demanda. ¿Qué es lo que dice la ley de Say? Que la oferta genera su propia demanda. ¿Qué es lo que dice la ley de Say? Que la oferta genera su propia demanda. ¿Qué es lo que dice la ley de Say? Que la oferta genera su propia demanda. ¿Qué es lo que dice la ley de Say? Que la oferta genera su propia demanda. ¿Qué es lo que dice la ley de Say? Que la oferta genera su propia demanda. ¿Qué es lo que dice la ley de Say? Que la oferta genera su propia demanda. ¿Qué es lo que dice la ley de Say? Que la oferta genera su propia demanda. ¿Qué es lo que dice la ley de Say? Que la oferta genera su propia demanda. ¿Qué es lo que dice la ley de Say? Que la oferta genera su propia demanda.",
        "kind": "online_video",
        "file_number": "32",
        "filename": "6 1 Pensamiento keynesiano Introducción-wav.json",
        "url": "https://www.youtube.com/watch?v=Auraxkjp98I&t=240s",
        "source": "6 1 Pensamiento keynesiano Introducción-wav"
    },
    {
        "number": 5,
        "timestamp_start": "00:05:04,640",
        "timestamp_end": "00:06:08,640",
        "text": "La Ley de Say establece que la oferta de bienes y servicios en una economía genera automáticamente la demanda necesaria para adquirir esos bienes y servicios. Según esta teoría, la producción de bienes crea ingresos que a su vez se traducen en demanda de otros bienes y servicios en el mercado. La idea principal es que no puede existir una sobreproducción prolongada en una economía, ya que cualquier exceso de oferta eventualmente encontrará demanda a través de los ingresos generados por la producción.",
        "old_text": "¿Qué es lo que dice la ley de Say? Que la oferta genera su propia demanda. ¿Qué es lo que dice la ley de Say? Que la oferta genera su propia demanda. ¿Qué es lo que dice la ley de Say? Que la oferta genera su propia demanda. ¿Qué es lo que dice la ley de Say? Que la oferta genera su propia demanda. ¿Qué es lo que dice la ley de Say? Que la oferta genera su propia demanda. ¿Qué es lo que dice la ley de Say? Que la oferta genera su propia demanda. ¿Qué es lo que dice la ley de Say? Que la oferta genera su propia demanda. ¿Qué es lo que dice la ley de Say? Que la oferta genera su propia demanda. ¿Qué es lo que dice la ley de Say? Que la oferta genera su propia demanda. ¿Qué es lo que dice la ley de Say? Que la oferta genera su propia demanda. ¿Qué es lo que dice la ley de Say? Que la oferta genera su propia demanda. ¿Qué es lo que dice la ley de Say? Que la oferta genera su propia demanda. ¿Qué es lo que dice la ley de Say? Que la oferta genera su propia demanda. ¿Qué es lo que dice la ley de Say? Que la oferta genera su propia demanda. ¿Qué es lo que dice la ley de Say? Que la oferta genera su propia demanda. ¿Qué es lo que dice la ley de Say? Que la oferta genera su propia demanda.",
        "kind": "online_video",
        "file_number": "32",
        "filename": "6 1 Pensamiento keynesiano Introducción-wav.json",
        "url": "https://www.youtube.com/watch?v=Auraxkjp98I&t=304s",
        "source": "6 1 Pensamiento keynesiano Introducción-wav"
    },
    {
        "number": 6,
        "timestamp_start": "00:06:08,640",
        "timestamp_end": "00:07:12,640",
        "text": "La ley de Say establece que la oferta de bienes y servicios en una economía genera automáticamente la demanda necesaria para adquirir dichos bienes y servicios. Según esta teoría, la producción de bienes crea ingresos que a su vez se traducen en la capacidad de compra de los mismos bienes producidos. La idea principal es que no puede haber una sobreproducción generalizada en una economía, ya que toda la producción encontrará un comprador en el mercado.",
        "old_text": "¿Qué es lo que dice la ley de Say? Que la oferta genera su propia demanda. ¿Qué es lo que dice la ley de Say? Que la oferta genera su propia demanda. ¿Qué es lo que dice la ley de Say? Que la oferta genera su propia demanda. ¿Qué es lo que dice la ley de Say? Que la oferta genera su propia demanda. ¿Qué es lo que dice la ley de Say? Que la oferta genera su propia demanda. ¿Qué es lo que dice la ley de Say? Que la oferta genera su propia demanda. ¿Qué es lo que dice la ley de Say? Que la oferta genera su propia demanda. ¿Qué es lo que dice la ley de Say? Que la oferta genera su propia demanda. ¿Qué es lo que dice la ley de Say? Que la oferta genera su propia demanda. ¿Qué es lo que dice la ley de Say? Que la oferta genera su propia demanda. ¿Qué es lo que dice la ley de Say? Que la oferta genera su propia demanda. ¿Qué es lo que dice la ley de Say? Que la oferta genera su propia demanda. ¿Qué es lo que dice la ley de Say? Que la oferta genera su propia demanda. ¿Qué es lo que dice la ley de Say? Que la oferta genera su propia demanda. ¿Qué es lo que dice la ley de Say? Que la oferta genera su propia demanda. ¿Qué es lo que dice la ley de Say? Que la oferta genera su propia demanda.",
        "kind": "online_video",
        "file_number": "32",
        "filename": "6 1 Pensamiento keynesiano Introducción-wav.json",
        "url": "https://www.youtube.com/watch?v=Auraxkjp98I&t=368s",
        "source": "6 1 Pensamiento keynesiano Introducción-wav"
    },
    {
        "number": 7,
        "timestamp_start": "00:07:12,640",
        "timestamp_end": "00:10:54,640",
        "text": "La Ley de Say establece que la oferta crea su propia demanda. Esta teoría, propuesta por Jean-Baptiste Say, sostiene que a medida que se produce un bien o servicio, se genera automáticamente la demanda necesaria para adquirirlo. En otras palabras, la producción de bienes y servicios en una economía determinada generará los ingresos necesarios para comprar esos mismos bienes y servicios. La idea principal detrás de la Ley de Say es que no puede existir una sobreproducción prolongada en una economía, ya que cualquier exceso de oferta eventualmente encontrará demanda a través de los ingresos generados por la producción misma.",
        "old_text": "¿Qué es lo que dice la ley de Say? Que la oferta genera su propia demanda. ¿Qué es lo que dice la ley de Say? Que la oferta genera su propia demanda. ¿Qué es lo que dice la ley de Say? ¿Qué es lo que dice la ley de Say? ¿Qué es lo que dice la ley de Say? ¿Qué es lo que dice la ley de Say? ¿Qué es lo que dice la ley de Say? ¿Qué es lo que dice la ley de Say? ¿Qué es lo que dice la ley de Say? ¿Qué es lo que dice la ley de Say? ¿Qué es lo que dice la ley de Say? ¿Qué es lo que dice la ley de Say? ¿Qué es lo que dice la ley de Say? ¿Qué es lo que dice la ley de Say? ¿Qué es lo que dice la ley de Say? ¿Qué es lo que dice la ley de Say? ¿Qué es lo que dice la ley de Say? ¿Qué es lo que dice la ley de Say? ¿Qué es lo que dice la ley de Say? ¿Qué es lo que dice la ley de Say? ¿Qué es lo que dice la ley de Say? ¿Qué es lo que dice la ley de Say? ¿Qué es lo que dice la ley de Say? ¿Qué es lo que dice la ley de Say? ¿Qué es lo que dice la ley de Say? ¿Qué es lo que dice la ley de Say? ¿Qué es lo que dice la ley de Say? ¿Qué es lo que dice la ley de Say? ¿Qué es lo que dice la ley de Say? ¿Qué es lo que dice la ley de Say? ¿Qué es lo que dice la ley de Say? ¿Qué es lo que dice la ley de Say? ¿Qué es lo que dice la ley de Say? ¿Qué es lo que dice la ley de Say? ¿Qué es lo que dice la ley de Say? ¿Qué es lo que dice la ley de Say? ¿Qué es lo que dice la ley de Say? ¿Qué es lo que dice la ley de Say? ¿Qué es lo que dice la ley de Say? ¿Qué es lo que dice la ley de Say? ¿Qué es lo que dice la ley de Say? ¿Qué es lo que dice la ley de Say? ¿Qué es lo que dice la ley de Say? ¿Qué es lo que dice la ley de Say? ¿Qué es lo que dice la ley de Say? ¿Qué es lo que dice la ley de Say? ¿Qué es lo que dice la ley de Say? ¿Qué es lo que dice la ley de Say? ¿Qué es lo que dice la ley de Say? ¿Qué es lo que dice la ley de Say? ¿Qué es lo que dice la ley de Say? ¿Qué es lo que dice la ley de Say? ¿Qué es lo que dice la ley de Say? ¿Qué es lo que dice la ley de Say? ¿Qué es lo que dice la ley de Say? ¿Qué es lo que dice la ley de Say? ¿Qué es lo que dice la ley de Say? ¿Qué es lo que dice la ley de Say? ¿Qué es lo que dice la ley de Say? ¿Qué es lo que dice la ley de Say? ¿Qué es lo que dice la ley de Say? ¿Qué es lo que dice la ley de Say? ¿Qué es lo que dice la ley de Say? ¿Qué es lo que dice la ley de Say? ¿Qué es lo que dice la ley de Say? ¿Qué es lo que dice la ley de Say? ¿Qué es lo que dice la ley de Say? ¿Qué es lo que dice la ley de Say? ¿Qué es lo que dice la ley de Say? ¿Qué es lo que dice la ley de Say? ¿Qué es lo que dice la ley de Say? ¿Qué es lo que dice la ley de Say? ¿Qué es lo que dice la ley de Say? ¿Qué es lo que dice la ley de Say? ¿Qué es lo que dice la ley de Say? ¿Qué es lo que dice la ley de Say? ¿Qué es lo que dice la ley de Say? ¿Qué es lo que dice la ley de Say? ¿Qué es lo que dice la ley de Say? ¿Qué es lo que dice la ley de Say? ¿Qué es lo que dice la ley de Say? ¿Qué es lo que dice la ley de Say? ¿Qué es lo que dice la ley de Say? ¿Qué es lo que dice la ley de Say? ¿Qué es lo que dice la ley de Say? ¿Qué es lo que dice la ley de Say? ¿Qué es lo que dice la ley de Say? ¿Qué es lo que dice la ley de Say? ¿Qué es lo que dice la ley de Say? ¿Qué es lo que dice la ley de Say? ¿Qué es lo que dice la ley de Say? ¿Qué es lo que dice la ley de Say? ¿Qué es lo que dice la ley de Say? ¿Qué es lo que dice la ley de Say? ¿Qué es lo que dice la ley de Say? ¿Qué es lo que dice la ley de Say? ¿Qué es lo que dice la ley de Say? ¿Qué es lo que dice la ley de Say? ¿Qué es lo que dice la ley de Say? ¿Qué es lo que dice la ley de Say? ¿Qué es lo que dice la ley de Say? ¿Qué es lo que dice la ley de Say? ¿Qué es lo que dice la ley de Say? ¿Qué es lo que dice la ley de Say? ¿Qué es lo que dice la ley de Say? ¿Qué es lo que dice la ley de Say? ¿Qué es lo que dice la ley de Say? ¿Qué es lo que dice la ley de Say? ¿Qué es lo que dice la ley de Say?",
        "kind": "online_video",
        "file_number": "32",
        "filename": "6 1 Pensamiento keynesiano Introducción-wav.json",
        "url": "https://www.youtube.com/watch?v=Auraxkjp98I&t=432s",
        "source": "6 1 Pensamiento keynesiano Introducción-wav"
    }
]