[
    {
        "number": 1,
        "timestamp_start": "00:00:00,000",
        "timestamp_end": "00:01:47,640",
        "text": "El aeropuerto de Castellón es un ejemplo que se utiliza para analizar los efectos positivos que puede tener sobre la economía, a pesar de ser considerado un mal ejemplo. Aunque la idea inicial detrás de la construcción del aeropuerto no fue necesariamente mala, la crisis económica afectó el desarrollo de la zona a la que pretendía servir, como la macro urbanización Marinador. Esta urbanización estaba destinada a crecer significativamente, con la construcción de hoteles, campos de golf y otras infraestructuras, pero la crisis económica interrumpió este proceso. A pesar de estos contratiempos, se busca calcular los efectos positivos que el aeropuerto de Castellón podría tener en la economía española, centrándose en su impacto en el Producto Interno Bruto (PIB).",
        "old_text": "¿Qué premisas hay que hacer sobre el aeropuerto de Castellón? Es muy mal ejemplo. Es el peor ejemplo que yo podía tomar. El peor, pero por eso lo tomo. Porque quiero que veáis que un ejemplo pésimo, incluso ese ejemplo que es súper pésimo, tendrá efectos positivos sobre la economía. Hasta ahora yo utilizaba el fórum. Pero me di cuenta que no, que lo de Castellón es más heavy que lo del fórum. Entonces prefiero lo de Castellón y ya está. Y ahora, punto aparte. Que sepáis una cosa, lo de Castellón no fue tan mala idea. Pero esto es aparte. Castellón está al lado, ese aeropuerto está muy cerca de una cosa que se llama Marinador. Marinador es una historia, una macro, macro, macro urbanización con hoteles y como 18.000 cosas. Y que esa historia, ese Marinador, tenía que crecer muchísimo más, muchísimo, muchísimo más. Se tenían que montar campos de golf, se tenían que hacer no sé qué. La crisis económica ha roto toda esa historia. Pero el aeropuerto estaba pensado, entre otras cosas, a dar servicio a esta historia. O sea, que sí que es un error absoluto, pero que no es el fruto de un tío que estaba un día súper enganchado allí. Vamos a hacer un aeropuerto aquí porque me gusta esto. No, no, ¿vale? Bueno. Así y todo, siendo muy mal ejemplo, vamos a intentar calcular los efectos positivos del aeropuerto de Castellón sobre la economía española. ¿Vale? Entonces aquí vamos a poner los efectos sobre el PIB del aeropuerto de Castellón.",
        "kind": "online_video",
        "file_number": "33",
        "filename": "6 2 El multiplicador de la inversión las bondades del aereopuerto de Castellón-wav.json",
        "url": "https://www.youtube.com/watch?v=Sx6LGdp3O-M&t=0s",
        "source": "6 2 El multiplicador de la inversión las bondades del aereopuerto de Castellón-wav"
    },
    {
        "number": 2,
        "timestamp_start": "00:01:47,640",
        "timestamp_end": "00:03:37,920",
        "text": "La inversión realizada en el aeropuerto de Castellón fue de 100 millones de euros, financiada a través de gasto público por la comunidad autónoma de Valencia. Este tipo de inversión pública tiene un efecto multiplicador en la economía, conocido como el efecto multiplicador de la inversión o del gasto público. Este efecto se refiere a la idea de estimular la economía a través de inversiones públicas en caso de que la inversión privada sea insuficiente. \n\nSuponiendo una propensión marginal al consumo de 0,8, los 100 millones de euros de gasto público generaron un impacto significativo en el Producto Interno Bruto (PIB) de la región. La construcción del aeropuerto con sus instalaciones como la torre de control, salas de espera y áreas de check-in, representa una inversión tangible que contribuye al desarrollo económico local.",
        "old_text": "¿Cuánto invirtieron en el aeropuerto de Castellón esta gente? No tenemos ni idea, ¿no? Me lo invento, ¿vale? Por inventarme. Creo que fueron, creo, ¿eh? 300.000. 150 millones de euros. Pero aunque no lo sé, voy a suponer que fueron 100 millones de euros. ¿Vale? Entonces, la inversión... Esto le vamos a llamar el efecto, ¿vale? Esto se llama el efecto multiplicador de la inversión o del gasto público. ¿Vale? La idea es que el efecto es el mismo. Se va a producir el mismo efecto. Si esta inversión la hace... ¿La Skoplovich? ¿Sabéis quién es la Skoplovich? ¿Vale? O lo hace la comunidad autónoma de Valencia. ¿Vale? La idea es que si la comunidad autónoma... No, perdonad. Si la inversión privada no quiere hacerlo, pues que lo haga la inversión pública para poder estimular la economía. Esa es la idea. ¿Vale? Entonces... ¿Inversión qué hicieron? Bueno, vamos a suponer, perdonad, que la propensión marginal al consumo es de 0,8. ¿Ok? Entonces, la inversión que se hizo... Vamos a suponer que fue... Que no era inversión, era gasto público, ¿vale? Porque eso lo hizo el Estado. Bueno, lo hizo la comunidad autónoma de Valencia, ¿no? Se gastaron 100 millones de euros. ¿Vale? 100 millones de euros. Primer efecto importante, primer efecto importante, ¿no? Sobre el PIB. Ahora en Castellón hay un aeropuerto. ¿No? Eso existe. ¿Vale? Con una torre de control, ¿vale? Con una sala para recibir a la gente, para hacer los check-ins, para... Eso existe, está todo. ¿Vale? Que vale 100 millones de euros.",
        "kind": "online_video",
        "file_number": "33",
        "filename": "6 2 El multiplicador de la inversión las bondades del aereopuerto de Castellón-wav.json",
        "url": "https://www.youtube.com/watch?v=Sx6LGdp3O-M&t=107s",
        "source": "6 2 El multiplicador de la inversión las bondades del aereopuerto de Castellón-wav"
    },
    {
        "number": 3,
        "timestamp_start": "00:03:37,920",
        "timestamp_end": "00:05:25,140",
        "text": "El efecto evidente de la construcción del aeropuerto de Castellón fue el aumento de la renta de un grupo de personas en 100 millones de euros. Este incremento se debe a que la inversión en la infraestructura del aeropuerto generó empleo y oportunidades de negocio para diversos sectores, como ingenieros, arquitectos, paletas, electricistas, proveedores de cemento, diseñadores, entre otros. \n\nEste aumento en la renta permitió a las personas beneficiadas tanto ahorrar como consumir. Por ejemplo, si suponemos un coeficiente de consumo de 0,8, el consumo de este grupo de personas se incrementó en 100 millones de euros multiplicado por 0,8. \n\nAdemás, se menciona la posibilidad de que, debido a la intensidad del sol en la zona, todos hayan tenido que adquirir gafas de sol de una marca específica, lo que también impulsaría el consumo. \n\nEn resumen, la construcción del aeropuerto de Castellón tuvo un impacto positivo en la economía local al generar empleo, aumentar la renta disponible de ciertos sectores y estimular el consumo.",
        "old_text": "Eso nadie lo puede negar. Eso está ahí. Incluso hay una escultura de un tipo curioso, ¿no? Que vale una pasta también. Y eso está. ¿Vale? Por tanto, el primer efecto evidente es que... Hay 100 millones de euros ahí. ¿No? Que se haya equivocado, porque además, no sé si sabéis, la pista es demasiado estrecha. ¿No? Entonces, claro, no les dan permiso para que vuelen aviones porque es peligroso, ¿no? Entonces, claro, nunca van a volar aviones ahí. ¿Vale? Porque se equivocaron, ¿no? Entonces, claro, es para coger al ingeniero de camino de quien fuera, ¿no? Y, hombre, decirle que de qué va, ¿no? ¿Vale? Primer efecto. Vale. Fijaros, ¿eh? Se hace el aeropuerto de Castellón, ¿vale? ¿Y esa pasta quién va a parar? A la gente que participó haciendo el aeropuerto de Castellón, ¿no? ¿Quiénes son? El ingeniero de caminos este, curioso. ¿Vale? Seguro que hubieron arquitectos, paletas, electricistas, proveedores de cemento, diseñadores de no sé qué historias. ¿Vale? Etcétera, etcétera, etcétera, etcétera, etcétera, etcétera, ¿no? Gracias al aeropuerto de Castellón aumentó la renta de un grupo de gente en 100 millones de euros. ¿Qué? ¿Qué? Si no se hubiera hecho el aeropuerto de Castellón, esta gente no hubiera terminado. No hubiera tenido un duro. ¿Lo veis? Ahora imaginémonos, claro, esta gente aquí fue con este dinero. Una parte lo ahorraron, pero otra parte lo consumieron, ¿no? Pero pensad, imaginaos, consumo 0,8, ¿no? Pues esta gente aumentó su consumo en 100 por 0,8. Imaginémonos que en el aeropuerto de Castellón había un solazo tan bestia, tan bestia, tan bestia, que todos se tuvieron que comprar gafas de sol, ¿no? ¿Vale? Y se compraron todos gafas de sol de la casa Indo.",
        "kind": "online_video",
        "file_number": "33",
        "filename": "6 2 El multiplicador de la inversión las bondades del aereopuerto de Castellón-wav.json",
        "url": "https://www.youtube.com/watch?v=Sx6LGdp3O-M&t=217s",
        "source": "6 2 El multiplicador de la inversión las bondades del aereopuerto de Castellón-wav"
    },
    {
        "number": 4,
        "timestamp_start": "00:05:25,140",
        "timestamp_end": "00:06:57,900",
        "text": "La casa Indo aumentó sus ingresos en 80 millones de euros gracias a la construcción del aeropuerto de Castellón. Esto generó un efecto multiplicador en la economía, ya que parte de ese dinero fue ahorrado y otra parte fue consumida. Los proveedores, distribuidores, fabricantes y diseñadores relacionados con la casa Indo también se beneficiaron al aumentar su renta en la misma cantidad. Este aumento en la renta lleva a un aumento en el consumo, que en este caso sería de 64 millones de euros. Es importante tener en cuenta este efecto multiplicador en la economía, ya que puede tener un impacto significativo en diferentes sectores. Por ejemplo, la casa Nutrexpa pudo vender colacao por valor de 64 millones de euros gracias a la actividad generada por la construcción del aeropuerto.",
        "old_text": "¿Vale? Y se compraron todos gafas de sol de la casa Indo por valor de 80 millones de euros que, si no se hubiera hecho el aeropuerto de Castellón, no las hubieran comprado. ¿Lo veis? La casa Indo aumentó sus ingresos en 80 millones de euros que, si no se hubiera hecho el aeropuerto de Castellón, nunca lo hubieran tenido. ¿Y qué hizo la gente que trabajaba en la casa Indo con esta pasta? Una parte la ahorraron, ¿no? Pero otra parte la consumieron, ¿no? Entonces, ¿qué hizo la gente que trabajaba en la casa Indo con esta pasta? Una parte la ahorraron, ¿no? Entonces, los proveedores de la casa Indo, los distribuidores de la casa Indo, los fabricantes de cristales, los fabricantes de la pasta, los diseñadores de las gafas, etcétera, etcétera, aumentan su renta en 80 millones de euros, ¿no? Entonces, aumentarán su consumo en 100... No, en 80, perdonad, ¿vale? En 80 por 0,8, ¿no? 64, ¿vale? Imaginémonos que todos se vuelven locos por el colacao, ¿vale? Se ponen todos como locos a comprarse colacao. ¿Qué pasa? Que se venden colacao por valor de 64 millones de euros. Muy importante. Es que yo creo que eso no lo tenemos en cuenta y es muy importante. La casa Nutrexpa acaba de vender colacao por valor de 64 millones de euros gracias a qué? A que se ha hecho el Aeropuerto de Castellón. Si no, no hubieran vendido ese colacao. Alejandro... No, no, no, ahora nada. Ahora nada. ¿Vale? Etcétera, etcétera, etcétera, etcétera, ¿vale? Etcétera, etcétera, ¿no? Entonces, ese etcétera, etcétera, etcétera, etcétera, ¿vale? ¿Vale? Entonces, ¿qué pasa? Entonces, ese etcétera vamos a calcularlo, ¿no? Sí.",
        "kind": "online_video",
        "file_number": "33",
        "filename": "6 2 El multiplicador de la inversión las bondades del aereopuerto de Castellón-wav.json",
        "url": "https://www.youtube.com/watch?v=Sx6LGdp3O-M&t=325s",
        "source": "6 2 El multiplicador de la inversión las bondades del aereopuerto de Castellón-wav"
    },
    {
        "number": 5,
        "timestamp_start": "00:06:57,900",
        "timestamp_end": "00:08:32,900",
        "text": "El efecto multiplicador en macroeconomía se refiere al fenómeno por el cual un aumento en la inversión o el gasto público genera un incremento mayor en el Producto Interno Bruto (PIB) de un país. En el texto se menciona una fórmula que incluye la propensión marginal al consumo y la propensión marginal al ahorro para calcular este efecto. Básicamente, cuando el Estado invierte una cantidad, por ejemplo, 100 unidades monetarias, y el efecto multiplicador es de 5, significa que el PIB aumentará en 500 unidades monetarias. \n\nEs importante destacar que el efecto multiplicador no opera de manera aislada, ya que en una economía globalizada como la actual, donde se consumen productos extranjeros, el impacto puede ser diferente. Por ejemplo, si parte de la inversión se destina a comprar productos importados, el efecto multiplicador se verá reducido. Por lo tanto, es fundamental considerar las interacciones con el comercio internacional al analizar el efecto multiplicador en una economía.",
        "old_text": "Esto se llama efecto multiplicador. Y el efecto multiplicador, fijaros, ¿esto qué es? Esto es 100 por 1 más 0,8 más 0,8 al cuadrado más una progresión geométrica, ¿no? ¿Vale? Esto es igual a qué? A 100, 1 partido por 1, menos 0,8. 1 partido por 0,2. 5. ¿Vale? 100 por 5 son 500, ¿no? ¿100 qué es? La inversión inicial. ¿Vale? ¿Lo veis? ¿Esto qué es? Esto es la propensión marginal al consumo. ¿Y esto qué es? La propensión marginal al ahorro. ¿Veis la jugada? Acabamos de descubrir algo que es flipante, ¿eh? El Estado invierte 100 y consigue que el PIB aumente en 500. Esos 100 es inversión o gasto público. ¿Y el resto qué es? El resto, que es todo esto de aquí, es consumo. ¿Vale? Es una forma de estimular el consumo en un país. ¿Vale? ¿Eso es del todo cierto? No, es evidente que no, ¿eh? Es evidente que no. Primero, primero. Yo os he puesto Indos y os he puesto Nutrexpas, porque son empresas españolas, ¿no? Pero nosotros consumimos un montón de cosas que son extranjeras. Por lo tanto, va a haber un efecto multiplicador. Evidente que sí. Pero ese efecto multiplicador se va a expander por todos lados, ¿no? Porque... ¿No? Porque... ¿No? Mirad. ¿Tú qué tienes? ¿Qué es esto? Un iPhone, ¿no? Vale, pues esto no es \"Made in Spain\", ¿no? ¿Vale? Tú tienes una carpeta o PC, bueno, esto sí que es \"Made in Spain\", ¿no? Pero tú tienes un BIC, no es \"Made in Spain\".",
        "kind": "online_video",
        "file_number": "33",
        "filename": "6 2 El multiplicador de la inversión las bondades del aereopuerto de Castellón-wav.json",
        "url": "https://www.youtube.com/watch?v=Sx6LGdp3O-M&t=417s",
        "source": "6 2 El multiplicador de la inversión las bondades del aereopuerto de Castellón-wav"
    },
    {
        "number": 6,
        "timestamp_start": "00:08:32,900",
        "timestamp_end": "00:09:54,280",
        "text": "El gasto público es un tema fundamental en macroeconomía. Cuando el Estado invierte en proyectos como infraestructuras, educación o sanidad, se generan efectos en la economía de un país. Estos efectos pueden ser positivos, ya que el gasto público puede impulsar el crecimiento económico y generar riqueza.\n\nEs importante tener en cuenta que el gasto público también tiene limitaciones. Por ejemplo, en el texto se menciona la existencia de impuestos. Cuando el Estado recauda impuestos, parte del dinero que ha invertido vuelve a sus arcas. Esto puede limitar el impacto del gasto público en la economía, ya que el Estado recupera parte de los fondos invertidos.\n\nEn resumen, el gasto público puede tener efectos positivos en la economía de un país, ya que puede impulsar el crecimiento y generar riqueza. Sin embargo, es importante considerar las limitaciones, como la existencia de impuestos, que pueden reducir el impacto del gasto público. Es fundamental analizar de manera integral cómo se financian estos proyectos y cuál es su impacto en la economía a largo plazo.",
        "old_text": "¿Veis? Entonces, claro, tenemos que tener cuidado, ¿no? Por lo tanto, el efecto va a ser, ¿eh? Va a existir. Pero no va a ser tan bestia, ¿no? Segunda limitación. Yo no he supuesto que haya impuestos, pero es que hay impuestos en nuestro país, ¿no? Entonces, claro, el Estado dice de golpe: \"¿Has ingresado... ¿Has ingresado 100? ¡Ah! ¡Qué guay! Oye, mira, te voy a meter de impuestos 50, ¿no? Me los quedo. Por lo tanto, ya. ¿Veis que el efecto no es tan bestia? Pero sí que es cierto que, además, eso le permite al Estado recuperar parte de la pasta que ha invertido. Por lo tanto, tampoco está mal. ¿Vale? Consideraciones. Muy bien, ¿eh? Muy bien, Kilian. Sí, sí, ya sé que estáis todos deseosos de machacarme, ¿no? Pero... ¿Qué pasa? ¿Qué pasa? ¿Qué pasa? ¿Qué pasa? ¿Qué pasa? ¿Qué pasa? ¿Qué pasa? El aeropuerto de Castellón no es un buen ejemplo, entenderlo. ¿Vale? Lo único que yo pongo en el aeropuerto de Castellón es para que entendáis que el peor ejemplo tiene efectos positivos. ¿Vale? Hay mejores ejemplos. Y tanto. Miles. Miles de mejores ejemplos. Miles, ¿no? Miles, seguro, ¿eh? Entonces, yo no digo que hemos de hacer aeropuertos de Castellón a punta para. No está... No estoy diciendo esto, ¿no? No. Lo que estoy diciendo es que el gasto público va a generar riqueza en un país. No digo nada más. Y he pillado el ejemplo peor posible para hacerlo. Pero ¿queréis que os ponga un buen ejemplo? Las Olimpiadas de Barcelona.",
        "kind": "online_video",
        "file_number": "33",
        "filename": "6 2 El multiplicador de la inversión las bondades del aereopuerto de Castellón-wav.json",
        "url": "https://www.youtube.com/watch?v=Sx6LGdp3O-M&t=512s",
        "source": "6 2 El multiplicador de la inversión las bondades del aereopuerto de Castellón-wav"
    },
    {
        "number": 7,
        "timestamp_start": "00:09:54,280",
        "timestamp_end": "00:18:37,780",
        "text": "Las Olimpiadas de Barcelona tuvieron un impacto transformador en la ciudad, generando un gasto significativo. Este evento cambió radicalmente la apariencia de Barcelona, que antes era una ciudad gris y aburrida, con poca actividad nocturna. Los edificios fueron renovados y la ciudad experimentó un cambio positivo en su economía. Este tipo de eventos pueden tener efectos positivos en el desarrollo económico de una región.",
        "old_text": "¿No? Las Olimpiadas de Barcelona transformaron la ciudad de Barcelona. Y fue un gasto bestial. Pero bestial, ¿eh? Pero ostras, todos somos conscientes, sobre todo los que vivíamos antes de las Olimpiadas, de que Barcelona ha cambiado de una forma radical. Radical. No tiene nada que ver esta ciudad, que antes era una ciudad gris. ¿Vale? Aburrida. Eh... Pfff... Sin mucha vida por la noche. Bueno, sin nada de vida por la noche, ¿no? O sea, tú cogías el coche a las 10 de la noche y no había coches en la calle, ¿no? ¿Vale? Todo esto ha cambiado radicalmente, ¿no? Los edificios son bonitos, los han limpiado, etcétera, etcétera, ¿no? Y esa ciudad se ha vuelto rica. ¿Vale? Ahora sí, ¿eh? Ahora yo paro, ¿vale? Pero os doy dos minutos para que lo discutáis entre vosotros. No, porque una cosa que no os he dicho, claro. ¿Y dónde sacamos la pasta, no? ¿Vale? Esa es otra historia, ¿no? ¿De dónde vamos a sacar la pasta? Bueno, luego ya nos vemos, ¿eh? ¿De dónde sacamos la pasta? Pero lo importante es que ese efecto se produce. Vamos ahora a buscar de dónde sacamos el dinero. ¿Vale? Pero ese efecto se produce. Venga, va. Dos minutos. ¿Quién mejor para elegir? ¿Quién mejor para elegir? ¿Quién mejor para elegir? ¿Quién mejor para elegir? ¿Quién mejor para elegir? ¿Quién mejor para elegir? ¿Quién mejor para elegir? ¿Quién mejor para elegir? ¿Quién mejor para elegir? ¿Quién mejor para elegir? ¿Quién mejor para elegir? ¿Quién mejor para elegir? ¿Quién mejor para elegir? ¿Quién mejor para elegir? ¿Quién mejor para elegir? ¿Quién mejor para elegir? ¿Quién mejor para elegir? ¿Quién mejor para elegir? ¿Quién mejor para elegir? ¿Quién mejor para elegir? ¿Quién mejor para elegir? ¿Quién mejor para elegir? ¿Quién mejor para elegir? ¿Quién mejor para elegir? ¿Quién mejor para elegir? ¿Quién mejor para elegir? ¿Quién mejor para elegir? ¿Quién mejor para elegir? ¿Quién mejor para elegir? ¿Quién mejor para elegir? ¿Quién mejor para elegir? ¿Quién mejor para elegir? ¿Quién mejor para elegir? ¿Quién mejor para elegir? ¿Quién mejor para elegir? ¿Quién mejor para elegir? ¿Quién mejor para elegir? ¿Quién mejor para elegir? ¿Quién mejor para elegir? ¿Quién mejor para elegir? ¿Quién mejor para elegir? ¿Quién mejor para elegir? ¿Quién mejor para elegir? ¿Quién mejor para elegir? ¿Quién mejor para elegir? ¿Quién mejor para elegir? ¿Quién mejor para elegir? ¿Quién mejor para elegir? ¿Quién mejor para elegir? ¿Quién mejor para elegir? ¿Quién mejor para elegir? ¿Quién mejor para elegir? ¿Quién mejor para elegir? ¿Quién mejor para elegir? ¿Quién mejor para elegir? ¿Quién mejor para elegir? ¿Quién mejor para elegir? ¿Quién mejor para elegir? ¿Quién mejor para elegir? ¿Quién mejor para elegir? ¿Quién mejor para elegir? ¿Quién mejor para elegir? ¿Quién mejor para elegir? ¿Quién mejor para elegir? ¿Quién mejor para elegir? ¿Quién mejor para elegir? ¿Quién mejor para elegir? ¿Quién mejor para elegir? ¿Quién mejor para elegir? ¿Quién mejor para elegir? ¿Quién mejor para elegir? ¿Quién mejor para elegir? ¿Quién mejor para elegir? ¿Quién mejor para elegir? ¿Quién mejor para elegir? ¿Quién mejor para elegir? ¿Quién mejor para elegir? ¿Quién mejor para elegir? ¿Quién mejor para elegir? ¿Quién mejor para elegir? ¿Quién mejor para elegir? ¿Quién mejor para elegir? ¿Quién mejor para elegir? ¿Quién mejor para elegir? ¿Quién mejor para elegir? ¿Quién mejor para elegir? ¿Quién mejor para elegir? ¿Quién mejor para elegir? ¿Quién mejor para elegir? ¿Quién mejor para elegir? ¿Quién mejor para elegir? ¿Quién mejor para elegir? ¿Quién mejor para elegir? ¿Quién mejor para elegir? ¿Quién mejor para elegir? ¿Quién mejor para elegir? ¿Quién mejor para elegir? ¿Quién mejor para elegir? ¿Quién mejor para elegir? ¿Quién mejor para elegir? ¿Quién mejor para elegir? ¿Quién mejor para elegir? ¿Quién mejor para elegir? ¿Quién mejor para elegir? ¿Quién mejor para elegir? ¿Quién mejor para elegir? ¿Quién mejor para elegir? ¿Quién mejor para elegir? ¿Quién mejor para elegir? ¿Quién mejor para elegir? ¿Quién mejor para elegir? ¿Quién mejor para elegir? ¿Quién mejor para elegir? ¿Quién mejor para elegir? ¿Quién mejor para elegir? ¿Quién mejor para elegir? ¿Quién mejor para elegir? ¿Quién mejor para elegir? ¿Quién mejor para elegir? ¿Quién mejor para elegir? ¿Quién mejor para elegir? ¿Quién mejor para elegir? ¿Quién mejor para elegir? ¿Quién mejor para elegir? ¿Quién mejor para elegir? ¿Quién mejor para elegir? ¿Quién mejor para elegir? ¿Quién mejor para elegir? ¿Quién mejor para elegir? ¿Quién mejor para elegir? ¿Quién mejor para elegir? ¿Quién mejor para elegir? ¿Quién mejor para elegir? ¿Quién mejor para elegir? ¿Quién mejor para elegir? ¿Quién mejor para elegir? ¿Quién mejor para elegir? ¿Quién mejor para elegir? ¿Quién mejor para elegir? ¿Quién mejor para elegir? ¿Quién mejor para elegir? ¿Quién mejor para elegir? ¿Quién mejor para elegir? ¿Quién mejor para elegir? ¿Quién mejor para elegir? ¿Quién mejor para elegir? ¿Quién mejor para elegir? ¿Quién mejor para elegir? ¿Quién mejor para elegir? ¿Quién mejor para elegir? ¿Quién mejor para elegir? ¿Quién mejor para elegir? ¿Quién mejor para elegir? ¿Quién mejor para elegir? ¿Quién mejor para elegir? ¿Quién mejor para elegir? ¿Quién mejor para elegir? ¿Quién mejor para elegir? ¿Quién mejor para elegir? ¿Quién mejor para elegir? ¿Quién mejor para elegir? ¿Quién mejor para elegir? ¿Quién mejor para elegir? ¿Quién mejor para elegir? ¿Quién mejor para elegir? ¿Quién mejor para elegir? ¿Quién mejor para elegir? ¿Quién mejor para elegir? ¿Quién mejor para elegir? ¿Quién mejor para elegir? ¿Quién mejor para elegir? ¿Quién mejor para elegir? ¿Quién mejor para elegir? ¿Quién mejor para elegir? ¿Quién mejor para elegir? ¿Quién mejor para elegir? ¿Quién mejor para elegir? ¿Quién mejor para elegir? ¿Quién mejor para elegir? ¿Quién mejor para elegir? ¿Quién mejor para elegir? ¿Quién mejor para elegir? ¿Quién mejor para elegir? ¿Quién mejor para elegir? ¿Quién mejor para elegir? ¿Quién mejor para elegir? ¿Quién mejor para elegir? ¿Quién mejor para elegir? ¿Quién mejor para elegir? ¿Quién mejor para elegir? ¿Quién mejor para elegir? ¿Quién mejor para elegir? ¿Quién mejor para elegir? ¿Quién mejor para elegir? ¿Quién mejor para elegir? ¿Quién mejor para elegir? ¿Quién mejor para elegir? ¿Quién mejor para elegir? ¿Quién mejor para elegir? ¿Quién mejor para elegir? ¿Quién mejor para elegir? ¿Quién mejor para elegir? ¿Quién mejor para elegir? ¿Quién mejor para elegir? ¿Quién mejor para elegir? ¿Quién mejor para elegir? ¿Quién mejor para elegir? ¿Quién mejor para elegir? ¿Quién mejor para elegir? ¿Quién mejor para elegir? ¿Quién mejor para elegir? ¿Quién mejor para elegir? ¿Quién mejor para elegir? ¿Quién mejor para elegir? ¿Quién mejor para elegir? ¿Quién mejor para elegir? ¿Quién mejor para elegir? ¿Quién mejor para elegir? ¿Quién mejor para elegir? ¿Quién mejor para elegir? ¿Quién mejor para elegir? ¿Quién mejor para elegir? ¿Quién mejor para elegir? ¿Quién mejor para elegir? ¿Quién mejor para elegir? ¿Quién mejor para elegir? ¿Quién mejor para elegir? ¿Quién mejor para elegir? ¿Quién mejor para elegir? ¿Quién mejor para elegir? ¿Quién mejor para elegir? ¿Quién mejor para elegir? ¿Quién mejor para elegir? ¿Quién mejor para elegir? ¿Quién mejor para elegir? ¿Quién mejor para elegir? ¿Quién mejor para elegir? ¿Quién mejor para elegir? ¿Quién mejor para elegir? ¿Quién mejor para elegir? ¿Quién mejor para elegir? ¿Quién mejor para elegir? ¿Quién mejor para elegir? ¿Quién mejor para elegir? ¿Quién mejor para elegir? ¿Quién mejor para elegir? ¿Quién mejor para elegir? ¿Quién mejor para elegir? ¿Quién mejor para elegir? ¿Quién mejor para elegir? ¿Quién mejor para elegir? ¿Quién mejor para elegir? ¿Quién mejor para elegir? ¿Quién mejor para elegir? ¿Quién mejor para elegir? ¿Quién mejor para elegir? ¿Quién mejor para elegir? ¿Quién mejor para elegir? ¿Quién mejor para elegir? ¿Quién mejor para elegir? ¿Quién mejor para elegir? ¿Quién mejor para elegir? ¿Quién mejor para elegir? ¿Quién mejor para elegir? ¿Quién mejor para elegir? ¿Quién mejor para elegir? ¿Quién mejor para elegir? ¿Quién mejor para elegir? ¿Quién mejor para elegir? ¿Quién mejor para elegir? ¿Quién mejor para elegir? ¿Quién mejor para elegir? ¿Quién mejor para elegir? ¿Quién mejor para elegir? ¿Quién mejor para elegir? ¿Quién mejor para elegir? ¿Quién mejor para elegir? ¿Quién mejor para elegir? ¿Quién mejor para elegir? ¿Quién mejor para elegir? ¿Quién mejor para elegir? ¿Quién mejor para elegir? ¿Quién mejor para elegir? ¿Quién mejor para elegir? ¿Quién mejor para elegir? ¿Quién mejor para elegir? ¿Quién mejor para elegir? ¿Quién mejor para elegir? ¿Quién mejor para elegir? ¿Quién mejor para elegir? ¿Quién mejor para elegir? ¿Quién mejor para elegir? ¿Quién mejor para elegir? ¿Quién mejor para elegir? ¿Quién mejor para elegir? ¿Quién mejor para elegir? ¿Quién mejor para elegir? ¿Quién mejor para elegir? ¿Quién mejor para elegir? ¿Quién mejor para elegir? ¿Quién mejor para elegir? ¿Quién mejor para elegir? ¿Quién mejor para elegir? ¿Quién mejor para elegir? ¿Quién mejor para elegir?",
        "kind": "online_video",
        "file_number": "33",
        "filename": "6 2 El multiplicador de la inversión las bondades del aereopuerto de Castellón-wav.json",
        "url": "https://www.youtube.com/watch?v=Sx6LGdp3O-M&t=594s",
        "source": "6 2 El multiplicador de la inversión las bondades del aereopuerto de Castellón-wav"
    }
]