[
    {
        "number": 1,
        "timestamp_start": "00:00:00,000",
        "timestamp_end": "00:01:48,640",
        "text": "Para financiar el aumento del gasto público, se plantea la posibilidad de aumentar los impuestos. Sin embargo, este enfoque puede no ser efectivo para estimular la economía. Si se aumentan los impuestos en 100 unidades para financiar un aumento del gasto público en la misma cantidad, la renta disponible también aumentará en 100 unidades. Esto provocará un aumento en el consumo, pero si no se considera el efecto de los impuestos, la renta de las personas caerá y, por ende, el consumo también disminuirá.\n\nPor lo tanto, la única forma efectiva de estimular la economía en este caso sería proporcionar directamente esa cantidad adicional de dinero a la población, es decir, regalarles esa \"pasta\". De esta manera, se lograría un efecto multiplicador en la economía al aumentar el consumo y, por ende, la actividad económica.\n\nEn resumen, si el gasto público es igual a la recaudación por impuestos, no se generará un efecto multiplicador positivo en la economía. Para estimularla, es necesario que el gasto público supere la recaudación por impuestos. Por tanto, las dos formas principales de lograr esto serían aumentar el gasto público o reducir los impuestos.",
        "old_text": "¿Y de dónde sacamos la pasta? De dónde la sacamos, ¿no? ¿Vale? Y alguien dirá, hombre, pues... Con los impuestos. Aumentamos los impuestos en 100. ¿Vale? Y ya está, ya tenemos la pasta, ¿no? No. ¿Por qué? Porque si tú aumentas el gasto público en 100, va a haber un aumento de la renta disponible en 100, eso va a provocar un aumento del consumo en 100, en 80, perdonad, ¿no? En 100. Etcétera, etcétera, ¿no? Pero claro, si esto no hace función de todos los impuestos, vas a aumentar, vas a caer, ¿no? Va a caer la renta de la gente en 100, va a caer el consumo en 80, etcétera, etcétera, ¿no? ¿Lo ves? Por lo tanto, si tú quieres, si tú quieres estimular la economía, la única solución es regalarle esa pasta a la gente. Claro. ¿Lo ves? Es la única posibilidad, ¿eh? ¿Vale? ¿Lo ves? ¿Qué quiero decir con esto? Que parece evidente que si el gasto público es igual a la reclamación por impuestos, va a ser un mal rollo. ¿Sí o no? Porque no va a haber ningún efecto multiplicador. Y si yo lo que quiero es estimular la economía, tengo que hacer que lo que yo me gaste sea mayor que la reclamación por impuestos, ¿no? Por lo tanto, para estimular la economía, puedo hacer dos maneras, ¿no? O de tres, si tú quieres, ¿no? Pero son dos, en definitiva, ¿no? Una será, una será aumentando el gasto público y otra será bajar los impuestos.",
        "kind": "online_video",
        "file_number": "34",
        "filename": "6 3 Como financiarse La no intuición-wav.json",
        "url": "https://www.youtube.com/watch?v=gpcc6aJAcy8&t=0s",
        "source": "6 3 Como financiarse La no intuición-wav"
    },
    {
        "number": 2,
        "timestamp_start": "00:01:48,640",
        "timestamp_end": "00:23:05,640",
        "text": "El efecto de aumentar el gasto público en 100 no es exactamente el mismo que bajar los impuestos. Esto se debe a que el gasto público implica la realización de inversiones concretas, como la construcción de infraestructuras como el AVE o el túnel de Abracons, por ejemplo. En cambio, la reducción de impuestos tiene un impacto diferente en la economía. Es importante tener en cuenta que el gasto público puede tener un efecto más inmediato en la demanda agregada, mientras que la reducción de impuestos puede estimular la inversión privada y el consumo. Por lo tanto, la elección entre aumentar el gasto público o reducir impuestos dependerá de los objetivos macroeconómicos que se quieran alcanzar en un determinado momento.",
        "old_text": "¿Va a haber el mismo efecto? ¿No? ¿Va a haber el mismo efecto, no? ¿Aumentar el gasto público en 100 va a ser el mismo efecto que bajar los impuestos? No exactamente. No exactamente, ¿eh? Porque el gasto público, yo tengo algo concreto hecho. ¿Entendes? Tengo el fórum. Si no, no lo tengo, ¿no? Ahora, entre tú y yo, si somos políticos, ¿qué preferirías? ¿Qué es lo que quieres decir ahí? ¿Sí? ¿Por ejemplo, el AVE? ¿El túnel de Abracons? ¿Sí? ¿El túnel de Abracons? ¿El túnel de Abracons? ¿El túnel de Abracons? ¿El túnel de Abracons? ¿El túnel de Abracons? ¿El túnel de Abracons? ¿El túnel de Abracons? ¿El túnel de Abracons? ¿El túnel de Abracons? ¿El túnel de Abracons? ¿El túnel de Abracons? ¿El túnel de Abracons? ¿El túnel de Abracons? ¿El túnel de Abracons? ¿El túnel de Abracons? ¿El túnel de Abracons? ¿El túnel de Abracons? ¿El túnel de Abracons? ¿El túnel de Abracons? ¿El túnel de Abracons? ¿El túnel de Abracons? ¿El túnel de Abracons? ¿El túnel de Abracons? ¿El túnel de Abracons? ¿El túnel de Abracons? ¿El túnel de Abracons? ¿El túnel de Abracons? ¿El túnel de Abracons? ¿El túnel de Abracons? ¿El túnel de Abracons? ¿El túnel de Abracons? ¿El túnel de Abracons? ¿El túnel de Abracons? ¿El túnel de Abracons? ¿El túnel de Abracons? ¿El túnel de Abracons? ¿El túnel de Abracons? ¿El túnel de Abracons? ¿El túnel de Abracons? ¿El túnel de Abracons? ¿El túnel de Abracons? ¿El túnel de Abracons? ¿El túnel de Abracons? ¿El túnel de Abracons? ¿El túnel de Abracons? ¿El túnel de Abracons? ¿El túnel de Abracons? ¿El túnel de Abracons? ¿El túnel de Abracons? ¿El túnel de Abracons? ¿El túnel de Abracons? ¿El túnel de Abracons? ¿El túnel de Abracons? ¿El túnel de Abracons? ¿El túnel de Abracons? ¿El túnel de Abracons? ¿El túnel de Abracons? ¿El túnel de Abracons? ¿El túnel de Abracons? ¿El túnel de Abracons? ¿El túnel de Abracons? ¿El túnel de Abracons? ¿El túnel de Abracons? ¿El túnel de Abracons? ¿El túnel de Abracons? ¿El túnel de Abracons? ¿El túnel de Abracons? ¿El túnel de Abracons? ¿El túnel de Abracons? ¿El túnel de Abracons? ¿El túnel de Abracons? ¿El túnel de Abracons? ¿El túnel de Abracons? ¿El túnel de Abracons? ¿El túnel de Abracons? ¿El túnel de Abracons? ¿El túnel de Abracons? ¿El túnel de Abracons? ¿El túnel de Abracons? ¿El túnel de Abracons? ¿El túnel de Abracons? ¿El túnel de Abracons? ¿El túnel de Abracons? ¿El túnel de Abracons? ¿El túnel de Abracons? ¿El túnel de Abracons? ¿El túnel de Abracons? ¿El túnel de Abracons? ¿El túnel de Abracons? ¿El túnel de Abracons? ¿El túnel de Abracons? ¿El túnel de Abracons? ¿El túnel de Abracons? ¿El túnel de Abracons? ¿El túnel de Abracons? ¿El túnel de Abracons? ¿El túnel de Abracons? ¿El túnel de Abracons? ¿El túnel de Abracons? ¿El túnel de Abracons? ¿El túnel de Abracons? ¿El túnel de Abracons? ¿El túnel de Abracons? ¿El túnel de Abracons? ¿El túnel de Abracons? ¿El túnel de Abracons? ¿El túnel de Abracons? ¿El túnel de Abracons? ¿El túnel de Abracons? ¿El túnel de Abracons? ¿El túnel de Abracons? ¿El túnel de Abracons? ¿El túnel de Abracons? ¿El túnel de Abracons? ¿El túnel de Abracons? ¿El túnel de Abracons? ¿El túnel de Abracons? ¿El túnel de Abracons? ¿El túnel de Abracons? ¿El túnel de Abracons? ¿El túnel de Abracons? ¿El túnel de Abracons? ¿El túnel de Abracons? ¿El túnel de Abracons? ¿El túnel de Abracons? ¿El túnel de Abracons? ¿El túnel de Abracons? ¿El túnel de Abracons? ¿El túnel de Abracons? ¿El túnel de Abracons? ¿El túnel de Abracons? ¿El túnel de Abracons? ¿El túnel de Abracons? ¿El túnel de Abracons? ¿El túnel de Abracons? ¿El túnel de Abracons? ¿El túnel de Abracons? ¿El túnel de Abracons? ¿El túnel de Abracons? ¿El túnel de Abracons? ¿El túnel de Abracons? ¿El túnel de Abracons? ¿El túnel de Abracons? ¿El túnel de Abracons? ¿El túnel de Abracons? ¿El túnel de Abracons? ¿El túnel de Abracons? ¿El túnel de Abracons? ¿El túnel de Abracons? ¿El túnel de Abracons? ¿El túnel de Abracons? ¿El túnel de Abracons? ¿El túnel de Abracons? ¿El túnel de Abracons? ¿El túnel de Abracons? ¿El túnel de Abracons? ¿El túnel de Abracons? ¿El túnel de Abracons? ¿El túnel de Abracons? ¿El túnel de Abracons? ¿El túnel de Abracons? ¿El túnel de Abracons? ¿El túnel de Abracons? ¿El túnel de Abracons? ¿El túnel de Abracons? ¿El túnel de Abracons? ¿El túnel de Abracons? ¿El túnel de Abracons? ¿El túnel de Abracons? ¿El túnel de Abracons? ¿El túnel de Abracons? ¿El túnel de Abracons? ¿El túnel de Abracons? ¿El túnel de Abracons? ¿El túnel de Abracons? ¿El túnel de Abracons? ¿El túnel de Abracons? ¿El túnel de Abracons? ¿El túnel de Abracons? ¿El túnel de Abracons? ¿El túnel de Abracons? ¿El túnel de Abracons? ¿El túnel de Abracons? ¿El túnel de Abracons? ¿El túnel de Abracons? ¿El túnel de Abracons? ¿El túnel de Abracons? ¿El túnel de Abracons? ¿El túnel de Abracons? ¿El túnel de Abracons? ¿El túnel de Abracons? ¿El túnel de Abracons? ¿El túnel de Abracons? ¿El túnel de Abracons? ¿El túnel de Abracons? ¿El túnel de Abracons? ¿El túnel de Abracons? ¿El túnel de Abracons? ¿El túnel de Abracons? ¿El túnel de Abracons? ¿El túnel de Abracons? ¿El túnel de Abracons? ¿El túnel de Abracons? ¿El túnel de Abracons? ¿El túnel de Abracons? ¿El túnel de Abracons? ¿El túnel de Abracons? ¿El túnel de Abracons? ¿El túnel de Abracons? ¿El túnel de Abracons? ¿El túnel de Abracons? ¿El túnel de Abracons? ¿El túnel de Abracons? ¿El túnel de Abracons? ¿El túnel de Abracons? ¿El túnel de Abracons? ¿El túnel de Abracons? ¿El túnel de Abracons? ¿El túnel de Abracons? ¿El túnel de Abracons? ¿El túnel de Abracons? ¿El túnel de Abracons? ¿El túnel de Abracons? ¿El túnel de Abracons? ¿El túnel de Abracons? ¿El túnel de Abracons? ¿El túnel de Abracons? ¿El túnel de Abracons? ¿El túnel de Abracons? ¿El túnel de Abracons? ¿El túnel de Abracons? ¿El túnel de Abracons? ¿El túnel de Abracons? ¿El túnel de Abracons? ¿El túnel de Abracons? ¿El túnel de Abracons? ¿El túnel de Abracons? ¿El túnel de Abracons? ¿El túnel de Abracons? ¿El túnel de Abracons? ¿El túnel de Abracons? ¿El túnel de Abracons? ¿El túnel de Abracons? ¿El túnel de Abracons? ¿El túnel de Abracons? ¿El túnel de Abracons? ¿El túnel de Abracons? ¿El túnel de Abracons? ¿El túnel de Abracons? ¿El túnel de Abracons? ¿El túnel de Abracons? ¿El túnel de Abracons? ¿El túnel de Abracons? ¿El túnel de Abracons? ¿El túnel de Abracons? ¿El túnel de Abracons? ¿El túnel de Abracons? ¿El túnel de Abracons? ¿El túnel de Abracons? ¿El túnel de Abracons? ¿El túnel de Abracons? ¿El túnel de Abracons? ¿El túnel de Abracons? ¿El túnel de Abracons? ¿El túnel de Abracons? ¿El túnel de Abracons? ¿El túnel de Abracons? ¿El túnel de Abracons? ¿El túnel de Abracons? ¿El túnel de Abracons? ¿El túnel de Abracons? ¿El túnel de Abracons? ¿El túnel de Abracons? ¿El túnel de Abracons? ¿El túnel de Abracons? ¿El túnel de Abracons? ¿El túnel de Abracons? ¿El túnel de Abracons? ¿El túnel de Abracons? ¿El túnel de Abracons? ¿El túnel de Abracons? ¿El túnel de Abracons? ¿El túnel de Abracons? ¿El túnel de Abracons? ¿El túnel de Abracons? ¿El túnel de Abracons? ¿El túnel de Abracons? ¿El túnel de Abracons? ¿El túnel de Abracons? ¿El túnel de Abracons? ¿El túnel de Abracons? ¿El túnel de Abracons? ¿El túnel de Abracons? ¿El túnel de Abracons? ¿El túnel de Abracons? ¿El túnel de Abracons? ¿El túnel de Abracons? ¿El túnel de Abracons? ¿El túnel de Abracons? ¿El túnel de Abracons? ¿El túnel de Abracons? ¿El túnel de Abracons? ¿El túnel de Abracons? ¿El túnel de Abracons? ¿El túnel de Abracons? ¿El túnel de Abracons? ¿El túnel de Abracons? ¿El túnel de Abracons? ¿El túnel de Abracons? ¿El túnel de Abracons? ¿El túnel de Abracons? ¿El túnel de Abracons? ¿El túnel de Abracons? ¿El túnel de Abracons? ¿El túnel de Abracons? ¿El túnel de Abracons? ¿El túnel de Abracons? ¿El túnel de Abracons? ¿El túnel de Abracons? ¿El túnel de Abracons? ¿El túnel de Abracons? ¿El túnel de Abracons? ¿El túnel de Abracons? ¿El túnel de Abracons? ¿El túnel de Abracons? ¿El túnel de Abracons? ¿El túnel de Abracons? ¿El túnel de Abracons? ¿El túnel de Abracons? ¿El túnel de Abracons? ¿El túnel de Abracons? ¿El túnel de Abracons? ¿El túnel de Abracons? ¿El túnel de Abracons? ¿El túnel de Abracons? ¿El túnel de Abracons? ¿El túnel de Abracons? ¿El túnel de Abracons? ¿El túnel de Abracons? ¿El túnel de Abracons? ¿El túnel de Abracons? ¿El túnel de Abracons? ¿El túnel de Abracons? ¿El túnel de Abracons? ¿El túnel de Abracons? ¿El túnel de Abracons? ¿El túnel de Abracons? ¿El túnel de Abracons? ¿El túnel de Abracons? ¿El túnel de Abracons? ¿El túnel de Abracons? ¿El túnel de Abracons? ¿El túnel de Abracons? ¿El túnel de Abracons? ¿El túnel de Abracons? ¿El túnel de Abracons? ¿El túnel de Abracons? ¿El túnel de Abracons? ¿El túnel de Abracons? ¿El túnel de Abracons? ¿El túnel de Abracons? ¿El túnel de Abracons? ¿El túnel de Abracons? ¿El túnel de Abracons? ¿El túnel de Abracons? ¿El túnel de Abracons? ¿El túnel de Abracons? ¿El túnel de Abracons? ¿El túnel de Abracons? ¿El túnel de Abracons? ¿El túnel de Abracons? ¿El túnel de Abracons? ¿El túnel de Abracons? ¿El túnel de Abracons? ¿El túnel de Abracons? ¿El túnel de Abracons? ¿El túnel de Abracons? ¿El túnel de Abracons? ¿El túnel de Abracons? ¿El túnel de Abracons? ¿El túnel de Abracons? ¿El túnel de Abracons? ¿El túnel de Abracons? ¿El túnel de Abracons? ¿El túnel de Abracons? ¿El túnel de Abracons? ¿El túnel de Abracons? ¿El túnel de Abracons? ¿El túnel de Abracons? ¿El túnel de Abracons? ¿El túnel de Abracons? ¿El túnel de Abracons? ¿El túnel de Abracons? ¿El túnel de Abracons? ¿El túnel de Abracons? ¿El túnel de Abracons? ¿El túnel de Abracons? ¿El túnel de Abracons? ¿El túnel de Abracons? ¿El túnel de Abracons? ¿El túnel de Abracons? ¿El túnel de Abracons? ¿El túnel de Abracons? ¿El túnel de Abracons? ¿El túnel de Abracons? ¿El túnel de Abracons? ¿El túnel de Abracons? ¿El túnel de Abracons? ¿El túnel de Abracons? ¿El túnel de Abracons? ¿El túnel de Abracons? ¿El túnel de Abracons? ¿El túnel de Abracons? ¿El túnel de Abracons? ¿El túnel de Abracons? ¿El túnel de Abracons? ¿El túnel de Abracons? ¿El túnel de Abracons? ¿El túnel de Abracons? ¿El túnel de Abracons? ¿El túnel de Abracons? ¿El túnel de Abracons? ¿El túnel de Abracons? ¿El túnel de Abracons? ¿El túnel de Abracons? ¿El túnel de Abracons? ¿El túnel de Abracons? ¿El túnel de Abracons? ¿El túnel de Abracons? ¿El túnel de Abracons? ¿El túnel de Abracons? ¿El túnel de Abracons? ¿El túnel de Abracons? ¿El túnel de Abracons? ¿El túnel de Abracons? ¿El túnel de Abracons? ¿El túnel de Abracons? ¿El túnel de Abracons? ¿El túnel de Abracons? ¿El túnel de Abracons? ¿El túnel de Abracons? ¿El túnel de Abracons? ¿El túnel de Abracons? ¿El túnel de Abracons? ¿El túnel de Abracons? ¿El túnel de Abracons? ¿El túnel de Abracons? ¿El túnel de Abracons? ¿El túnel de Abracons? ¿El túnel de Abracons? ¿El túnel de Abracons? ¿El túnel de Abracons? ¿El túnel de Abracons? ¿El túnel de Abracons? ¿El túnel de Abracons? ¿El túnel de Abracons? ¿El túnel de Abracons? ¿El túnel de Abracons? ¿El túnel de Abracons? ¿El túnel de Abracons? ¿El túnel de Abracons? ¿El túnel de Abracons? ¿El túnel de Abracons? ¿El túnel de Abracons? ¿El túnel de Abracons? ¿El túnel de Abracons? ¿El túnel de Abracons? ¿El túnel de Abracons? ¿El túnel de Abracons? ¿El túnel de Abracons? ¿El túnel de Abracons? ¿El túnel de Abracons? ¿El túnel de Abracons? ¿El túnel de Abracons? ¿El túnel de Abracons? ¿El túnel de Abracons? ¿El túnel de Abracons? ¿El túnel de Abracons? ¿El túnel de Abracons? ¿El túnel de Abracons? ¿El túnel de Abracons? ¿El túnel de Abracons? ¿El túnel de Abracons? ¿El túnel de Abracons? ¿El túnel de Abracons? ¿El túnel de Abracons? ¿El túnel de Abracons? ¿El túnel de Abracons? ¿El túnel de Abracons? ¿El túnel de Abracons? ¿El túnel de Abracons? ¿El túnel de Abracons? ¿El túnel de Abracons? ¿El túnel de Abracons? ¿El túnel de Abracons? ¿El túnel de Abracons? ¿El túnel de Abracons? ¿El túnel de Abracons? ¿El túnel de Abracons? ¿El túnel de Abracons? ¿El túnel de Abracons? ¿El túnel de Abracons? ¿El túnel de Abracons? ¿El túnel de Abracons? ¿El túnel de Abracons? ¿El túnel de Abracons? ¿El túnel de Abracons? ¿El túnel de Abracons? ¿El túnel de Abracons? ¿El túnel de Abracons? ¿El túnel de Abracons? ¿El túnel de Abracons? ¿El túnel de Abracons? ¿El túnel de Abracons? ¿El túnel de Abracons? ¿El túnel de Abracons? ¿El túnel de Abracons? ¿El túnel de Abracons? ¿El túnel de Abracons? ¿El túnel de Abracons? ¿El túnel de Abracons? ¿El túnel de Abracons? ¿El túnel de Abracons? ¿El túnel de Abracons? ¿El túnel de Abracons? ¿El túnel de Abracons? ¿El túnel de Abracons? ¿El túnel de Abracons? ¿El túnel de Abracons? ¿El túnel de Abracons? ¿El túnel de Abracons? ¿El túnel de Abracons? ¿El túnel de Abracons? ¿El túnel de Abracons? ¿El túnel de Abracons? ¿El túnel de Abracons? ¿El túnel de Abracons? ¿El túnel de Abracons? ¿El túnel de Abracons? ¿El túnel de Abracons? ¿El túnel de Abracons? ¿El túnel de Abracons? ¿El túnel de Abracons? ¿El túnel de Abracons? ¿El túnel de Abracons? ¿El túnel de Abracons? ¿El túnel de Abracons? ¿El túnel de Abracons? ¿El túnel de Abracons? ¿El túnel de Abracons? ¿El túnel de Abracons? ¿El túnel de Abracons? ¿El túnel de Abracons? ¿El túnel de Abracons? ¿El túnel de Abracons? ¿El túnel de Abracons? ¿El túnel de Abracons? ¿El túnel de Abracons? ¿El túnel de Abracons? ¿El túnel de Abracons? ¿El túnel de Abracons? ¿El túnel de Abracons? ¿El túnel de Abracons? ¿El túnel de Abracons? ¿El túnel de Abracons? ¿El túnel de Abracons? ¿El túnel de Abracons? ¿El túnel de Abracons? ¿El túnel de Abracons? ¿El túnel de Abracons? ¿El túnel de Abracons? ¿El túnel de Abracons? ¿El túnel de Abracons? ¿El túnel de Abracons? ¿El túnel de Abracons? ¿El túnel de Abracons? ¿El túnel de Abracons? ¿El túnel de Abracons? ¿El túnel de Abracons? ¿El túnel de Abracons? ¿El túnel de Abracons? ¿El túnel de Abracons? ¿El túnel de Abracons? ¿El túnel de Abracons? ¿El túnel de Abracons? ¿El túnel de Abracons? ¿El túnel de Abracons? ¿El túnel de Abracons? ¿El túnel de Abracons? ¿El túnel de Abracons? ¿El túnel de Abracons? ¿El túnel de Abracons? ¿El túnel de Abracons? ¿El túnel de Abracons? ¿El túnel de Abracons? ¿El túnel de Abracons? ¿El túnel de Abracons? ¿El túnel de Abracons? ¿El túnel de Abracons? ¿El túnel de Abracons? ¿El túnel de Abracons? ¿El túnel de Abracons? ¿El túnel de Abracons? ¿El túnel de Abracons? ¿El túnel de Abracons? ¿El túnel de Abracons? ¿El túnel de Abracons? ¿El túnel de Abracons? ¿El túnel de Abracons? ¿El túnel de Abracons? ¿El túnel de Abracons? ¿El túnel de Abracons? ¿El túnel de Abracons? ¿El túnel de Abracons? ¿El túnel de Abracons? ¿El túnel de Abracons? ¿El túnel de Abracons? ¿El túnel de Abracons? ¿El túnel de Abracons? ¿El túnel de Abracons? ¿El túnel de Abracons? ¿El túnel de Abracons? ¿El túnel de Abracons? ¿El túnel de Abracons? ¿El túnel de Abracons? ¿El túnel de Abracons? ¿El túnel de Abracons? ¿El túnel de Abracons? ¿El túnel de Abracons? ¿El túnel de Abracons? ¿El túnel de Abracons? ¿El túnel de Abracons? ¿El túnel de Abracons? ¿El túnel de Abracons? ¿El túnel de Abracons? ¿El túnel de Abracons? ¿El túnel de Abracons? ¿El túnel de Abracons? ¿El túnel de Abracons? ¿El túnel de Abracons? ¿El túnel de Abracons? ¿El túnel de Abracons? ¿El túnel de Abracons? ¿El túnel de Abracons? ¿El túnel de Abracons? ¿El túnel de Abracons? ¿El túnel de Abracons? ¿El túnel de Abracons? ¿El túnel de Abracons? ¿El túnel de Abracons? ¿El túnel de Abracons? ¿El túnel de Abracons? ¿El túnel de Abracons? ¿El túnel de Abracons? ¿El túnel de Abracons? ¿El túnel de Abracons? ¿El túnel de Abracons? ¿El túnel de Abracons? ¿El túnel de Abracons? ¿El túnel de Abracons? ¿El túnel de Abracons? ¿El túnel de Abracons? ¿El túnel de Abracons? ¿El túnel de Abracons? ¿El túnel de Abracons? ¿El túnel de Abracons? ¿El túnel de Abracons? ¿El túnel de Abracons? ¿El túnel de Abracons? ¿El túnel de Abracons? ¿El túnel de Abracons? ¿El túnel de Abracons? ¿El túnel de Abracons? ¿El túnel de Abracons? ¿El túnel de Abracons? ¿El túnel de Abracons? ¿El túnel de Abracons? ¿El túnel de Abracons? ¿El túnel de Abracons? ¿El túnel de Abracons? ¿El túnel de Abracons? ¿El túnel de Abracons? ¿El túnel de Abracons? ¿El túnel de Abracons? ¿El túnel de Abracons? ¿El túnel de Abracons? ¿El túnel de Abracons? ¿El túnel de Abracons? ¿El túnel de Abracons? ¿El túnel de Abracons? ¿El túnel de Abracons? ¿El túnel de Abracons? ¿El túnel de Abracons? ¿El túnel de Abracons? ¿El túnel de Abracons? ¿El túnel de Abracons? ¿El túnel de Abracons? ¿El túnel de Abracons? ¿El túnel de Abracons? ¿El túnel de Abracons? ¿El túnel de Abracons? ¿El túnel de Abracons? ¿El túnel de Abracons? ¿El túnel de Abracons? ¿El túnel de Abracons? ¿El túnel de Abracons? ¿El túnel de Abracons? ¿El túnel de Abracons? ¿El túnel de Abracons? ¿El túnel de Abracons? ¿El túnel de Abracons? ¿El túnel de Abracons? ¿El túnel de Abracons? ¿El túnel de Abracons? ¿El túnel de Abracons? ¿El túnel de Abracons? ¿El túnel de Abracons? ¿El túnel de Abracons? ¿El túnel de Abracons? ¿El túnel de Abracons? ¿El túnel de Abracons? ¿El túnel de Abracons? ¿El túnel de Abracons? ¿El túnel de Abracons? ¿El túnel de Abracons? ¿El túnel de Abracons? ¿El túnel de Abracons? ¿El túnel de Abracons? ¿El túnel de Abracons? ¿El túnel de Abracons? ¿El túnel de Abracons? ¿El túnel de Abracons? ¿El túnel de Abracons? ¿El túnel de Abracons? ¿El túnel de Abracons? ¿El túnel de Abracons? ¿El túnel de Abracons? ¿El túnel de Abracons? ¿El túnel de Abracons? ¿El túnel de Abracons? ¿El túnel de Abracons? ¿El túnel de Abracons? ¿El túnel de Abracons? ¿El túnel de Abracons? ¿El túnel de Abracons? ¿El túnel de Abracons? ¿El túnel de Abracons? ¿El túnel de Abracons? ¿El túnel de Abracons? ¿El túnel de Abracons? ¿El túnel de Abracons? ¿El túnel de Abracons? ¿El túnel de Abracons? ¿El túnel de Abracons? ¿El túnel de Abracons? ¿El túnel de Abracons? ¿El túnel de Abracons? ¿El túnel de Abracons? ¿El túnel de Abracons? ¿El túnel de Abracons? ¿El túnel de Abracons? ¿El túnel de Abracons? ¿El túnel de Abracons? ¿El túnel de Abracons? ¿El túnel de Abracons? ¿El túnel de Abracons? ¿El túnel de Abracons? ¿El túnel de Abracons? ¿El túnel de Abracons? ¿El túnel de Abracons? ¿El túnel de Abracons? ¿El túnel de Abracons? ¿El túnel de Abracons? ¿El túnel de Abracons? ¿El túnel de Abracons? ¿El túnel de Abracons? ¿El túnel de Abracons? ¿El túnel de Abracons? ¿El túnel de Abracons? ¿El túnel de Abracons? ¿El túnel de Abracons? ¿El túnel de Abracons? ¿El túnel de Abracons? ¿El túnel de Abracons? ¿El túnel de Abracons? ¿El túnel de Abracons? ¿El túnel de Abracons? ¿El túnel de Abracons? ¿El túnel de Abracons? ¿El túnel de Abracons? ¿El túnel de Abracons? ¿El túnel de Abracons? ¿El túnel de Abracons? ¿El túnel de Abracons? ¿El túnel de Abracons? ¿El túnel de Abracons? ¿El túnel de Abracons? ¿El túnel de Abracons? ¿El túnel de Abracons? ¿El túnel de Abracons? ¿El túnel de Abracons? ¿El túnel de Abracons? ¿El túnel de Abracons? ¿El túnel de Abracons? ¿El túnel de Abracons? ¿El túnel de Abracons? ¿El túnel de Abracons? ¿El túnel de Abracons? ¿El túnel de Abracons? ¿El túnel de Abracons? ¿El túnel de Abracons? ¿El túnel de Abracons? ¿El túnel de Abracons? ¿El túnel de Abracons? ¿El túnel de Abracons? ¿El túnel de Abracons? ¿El túnel de Abracons? ¿El túnel de Abracons? ¿El túnel de Abracons? ¿El túnel de Abracons? ¿El túnel de Abracons? ¿El túnel de Abracons? ¿El túnel de Abracons? ¿El túnel de Abracons? ¿El túnel de Abracons? ¿El túnel de Abracons? ¿El túnel de Abracons? ¿El túnel de Abracons? ¿El túnel de Abracons? ¿El túnel de Abracons? ¿El túnel de Abracons? ¿El túnel de Abracons? ¿El túnel de Abracons? ¿El túnel de Abracons? ¿El túnel de Abracons? ¿El túnel de Abracons? ¿El túnel de Abracons? ¿El túnel de Abracons? ¿El túnel de Abracons? ¿El túnel de Abracons? ¿El túnel de Abracons? ¿El túnel de Abracons? ¿El túnel de Abracons? ¿El túnel de Abracons? ¿El túnel de Abracons? ¿El túnel de Abracons? ¿El túnel de Abracons? ¿El túnel de Abracons? ¿El túnel de Abracons? ¿El túnel de Abracons? ¿El túnel de Abracons? ¿El túnel de Abracons? ¿El túnel de Abracons? ¿El túnel de Abracons? ¿El túnel de Abracons? ¿El túnel de Abracons? ¿El túnel de Abracons? ¿El túnel de Abracons? ¿El túnel de Abracons? ¿El túnel de Abracons? ¿El túnel de Abracons? ¿El túnel de Abracons? ¿El túnel de Abracons? ¿El túnel de Abracons? ¿El túnel de Abracons? ¿El túnel de Abracons? ¿El túnel de Abracons? ¿El túnel de Abracons? ¿El túnel de Abracons? ¿El túnel de Abracons? ¿El túnel de Abracons? ¿El túnel de Abracons? ¿El túnel de Abracons? ¿El túnel de Abracons? ¿El túnel de Abracons? ¿El túnel de Abracons? ¿El túnel de Abracons? ¿El túnel de Abracons? ¿El túnel de Abracons? ¿El túnel de Abracons? ¿El túnel de Abracons? ¿El túnel de Abracons? ¿El túnel de Abracons? ¿El túnel de Abracons? ¿El túnel de Abracons? ¿El túnel de Abracons? ¿El túnel de Abracons? ¿El túnel de Abracons? ¿El túnel de Abracons? ¿El túnel de Abracons? ¿El túnel de Abracons? ¿El túnel de Abracons? ¿El túnel de Abracons? ¿El túnel de Abracons? ¿El túnel de Abracons? ¿El túnel de Abracons? ¿El túnel de Abracons? ¿El túnel de Abracons? ¿El túnel de Abracons? ¿El túnel de Abracons? ¿El túnel de Abracons? ¿El túnel de Abracons? ¿El túnel de Abracons? ¿El túnel de Abracons? ¿El túnel de Abracons? ¿El túnel de Abracons? ¿El túnel de Abracons? ¿El túnel de Abracons? ¿El túnel de Abracons? ¿El túnel de Abracons? ¿El túnel de Abracons? ¿El túnel de Abracons? ¿El túnel de Abracons? ¿El túnel de Abracons? ¿El túnel de Abracons? ¿El túnel de Abracons? ¿El túnel de Abracons? ¿El túnel de Abracons? ¿El túnel de Abracons? ¿El túnel de Abracons? ¿El túnel de Abracons? ¿El túnel de Abracons? ¿El túnel de Abracons? ¿El túnel de Abracons? ¿El túnel de Abracons? ¿El túnel de Abracons? ¿El túnel de Abracons? ¿El túnel de Abracons? ¿El túnel de Abracons? ¿El túnel de Abracons? ¿El túnel de Abracons? ¿El túnel de Abracons? ¿El túnel de Abracons? ¿El túnel de Abracons? ¿El túnel de Abracons? ¿El túnel de Abracons? ¿El túnel de Abracons? ¿El túnel de Abracons? ¿El túnel de Abracons? ¿El túnel de Abracons? ¿El túnel de Abracons? ¿El túnel de Abracons? ¿El túnel de Abracons? ¿El túnel de Abracons? ¿El túnel de Abracons? ¿El túnel de Abracons? ¿El túnel de Abracons? ¿El túnel de Abracons? ¿El túnel de Abracons? ¿El túnel de Abracons? ¿El túnel de Abracons? ¿El túnel de Abracons? ¿El túnel de Abracons? ¿El túnel de Abracons? ¿El túnel de Abracons? ¿El túnel de Abracons? ¿El túnel de Abracons? ¿El túnel de Abracons? ¿El túnel de Abracons? ¿El túnel de Abracons? ¿El túnel de Abracons? ¿El túnel de Abracons? ¿El túnel de Abracons? ¿El túnel de Abracons? ¿El túnel de Abracons? ¿El túnel de Abracons? ¿El túnel de Abracons? ¿El túnel de Abracons? ¿El túnel de Abracons? ¿El túnel de Abracons? ¿El túnel de Abracons? ¿El túnel de Abracons? ¿El túnel de Abracons? ¿El túnel de Abracons? ¿El túnel de Abracons? ¿El túnel de Abracons? ¿El túnel de Abracons? ¿El túnel de Abracons? ¿El túnel de Abracons? ¿El túnel de Abracons? ¿El túnel de Abracons? ¿El túnel de Abracons? ¿El túnel de Abracons? ¿El túnel de Abracons? ¿El túnel de Abracons? ¿El túnel de Abracons? ¿El túnel de Abracons? ¿El túnel de Abracons? ¿El túnel de Abracons? ¿El túnel de Abracons? ¿El túnel de Abracons? ¿El túnel de Abracons? ¿El túnel de Abracons? ¿El túnel de Abracons? ¿El túnel de Abracons? ¿El túnel de Abracons? ¿El túnel de Abracons? ¿El túnel de Abracons? ¿El túnel de Abracons? ¿El túnel de Abracons? ¿El túnel de Abracons? ¿El túnel de Abracons? ¿El túnel de Abracons? ¿El túnel de Abracons? ¿El túnel de Abracons? ¿El túnel de Abracons? ¿El túnel de Abracons? ¿El túnel de Abracons? ¿El túnel de Abracons? ¿El túnel de Abracons? ¿El túnel de Abracons? ¿El túnel de Abracons? ¿El túnel de Abracons? ¿El túnel de Abracons? ¿El túnel de Abracons? ¿El túnel de Abracons? ¿El túnel de Abracons? ¿El túnel de Abracons? ¿El túnel de Abracons? ¿El túnel de Abracons? ¿El túnel de Abracons? ¿El túnel de Abracons? ¿El túnel de Abracons? ¿El túnel de Abracons? ¿El túnel de Abracons? ¿El túnel de Abracons? ¿El túnel de Abracons? ¿El túnel de Abracons? ¿El túnel de Abracons? ¿El túnel de Abracons? ¿El túnel de Abracons? ¿El túnel de Abracons? ¿El túnel de Abracons? ¿El túnel de Abracons? ¿El túnel de Abracons? ¿El túnel de Abracons? ¿El túnel de Abracons? ¿El túnel de Abracons? ¿El túnel de Abracons? ¿El túnel de Abracons? ¿El túnel de Abracons? ¿El túnel de Abracons? ¿El túnel de Abracons? ¿El túnel de Abracons? ¿El túnel de Abracons? ¿El túnel de Abracons? ¿El túnel de Abracons? ¿El túnel de Abracons? ¿El túnel de Abracons? ¿El túnel de Abracons? ¿El túnel de Abracons? ¿El túnel de Abracons? ¿El túnel de Abracons? ¿El túnel de Abracons? ¿El túnel de Abracons? ¿El túnel de Abracons? ¿El túnel de Abracons? ¿El túnel de Abracons? ¿El túnel de Abracons? ¿El túnel de Abracons? ¿El túnel de Abracons? ¿El túnel de Abracons? ¿El túnel de Abracons? ¿El túnel de Abracons? ¿El túnel de Abracons? ¿El túnel de Abracons? ¿El túnel de Abracons? ¿El túnel de Abracons? ¿El túnel de Abracons? ¿El túnel de Abracons? ¿El túnel de Abracons? ¿El túnel de Abracons? ¿El túnel de Abracons? ¿El túnel de Abracons? ¿El túnel de Abracons? ¿El túnel de Abracons? ¿El túnel de Abracons? ¿El túnel de Abracons? ¿El túnel de Abracons? ¿El túnel de Abracons? ¿El túnel de Abracons? ¿El túnel de Abracons? ¿El túnel de Abracons? ¿El túnel de Abracons? ¿El túnel de Abracons? ¿El túnel de Abracons? ¿El túnel de Abracons? ¿El túnel de Abracons? ¿El túnel de Abracons? ¿El túnel de Abracons? ¿El túnel de Abracons? ¿El túnel de Abracons? ¿El túnel de Abracons? ¿El túnel de Abracons? ¿El túnel de Abracons? ¿El túnel de Abracons? ¿El túnel de Abracons? ¿El túnel de Abracons? ¿El túnel de Abracons? ¿El túnel de Abracons? ¿El túnel de Abracons? ¿El túnel de Abracons? ¿El túnel de Abracons? ¿El túnel de Abracons? ¿El túnel de Abracons? ¿El túnel de Abracons? ¿El túnel de Abracons? ¿El túnel de Abracons? ¿El túnel de Abracons? ¿El túnel de Abracons? ¿El túnel de Abracons? ¿El túnel de Abracons? ¿El túnel de Abracons? ¿El túnel de Abracons? ¿El túnel de Abracons? ¿El túnel de Abracons? ¿El túnel de Abracons? ¿El túnel de Abracons? ¿El túnel de Abracons? ¿El túnel de Abracons? ¿El túnel de Abracons? ¿El túnel de Abracons? ¿El túnel de Abracons? ¿El túnel de Abracons? ¿El túnel de Abracons? ¿El túnel de Abracons? ¿El túnel de Abracons? ¿El túnel de Abracons? ¿El túnel de Abracons? ¿El túnel de Abracons? ¿El túnel de Abracons? ¿El túnel de Abracons? ¿El túnel de Abracons? ¿El túnel de Abracons? ¿El túnel de Abracons? ¿El túnel de Abracons? ¿El túnel de Abracons? ¿El túnel de Abracons? ¿El túnel de Abracons? ¿El túnel de Abracons? ¿El túnel de Abracons? ¿El túnel de Abracons? ¿El túnel de Abracons? ¿El túnel de Abracons? ¿El túnel de Abracons? ¿El túnel de Abracons? ¿El túnel de Abracons? ¿El túnel de Abracons? ¿El túnel de Abracons? ¿El túnel de Abracons? ¿El túnel de Abracons? ¿El túnel de Abracons? ¿El túnel de Abracons? ¿El túnel de Abracons? ¿El túnel de Abracons? ¿El túnel de Abracons? ¿El túnel de Abracons? ¿El túnel de Abracons? ¿El túnel de Abracons? ¿El túnel de Abracons? ¿El túnel de Abracons? ¿El túnel de Abracons? ¿El túnel de Abracons? ¿El túnel de Abracons? ¿El túnel de Abracons? ¿El túnel de Abracons? ¿El túnel de Abracons? ¿El túnel de Abracons? ¿El túnel de Abracons? ¿El túnel de Abracons? ¿El túnel de Abracons? ¿El túnel de Abracons? ¿El túnel de Abracons? ¿El túnel de Abracons? ¿El túnel de Abracons? ¿El túnel de Abracons? ¿El túnel de Abracons? ¿El túnel de Abracons? ¿El túnel de Abracons? ¿El túnel de Abracons? ¿El túnel de Abracons? ¿El túnel de Abracons? ¿El túnel de Abracons? ¿El túnel de Abracons? ¿El túnel de Abracons? ¿El túnel de Abracons? ¿El túnel de Abracons? ¿El túnel de Abracons? ¿El túnel de Abracons? ¿El túnel de Abracons? ¿El túnel de Abracons? ¿El túnel de Abracons? ¿El túnel de Abracons? ¿El túnel de Abracons? ¿El túnel de Abracons? ¿El túnel de Abracons?",
        "kind": "online_video",
        "file_number": "34",
        "filename": "6 3 Como financiarse La no intuición-wav.json",
        "url": "https://www.youtube.com/watch?v=gpcc6aJAcy8&t=108s",
        "source": "6 3 Como financiarse La no intuición-wav"
    }
]