[
    {
        "number": 1,
        "timestamp_start": "00:00:00,000",
        "timestamp_end": "00:01:54,780",
        "text": "El modelo keynesiano es una teoría económica desarrollada por el economista británico John Maynard Keynes. Este modelo se centra en la demanda agregada de una economía para explicar su funcionamiento. En el modelo keynesiano, se considera que el gasto público y la recaudación por impuestos son variables importantes que afectan al Producto Interno Bruto (PIB) de un país.\n\nEn el eje de ordenadas se representa el gasto público y la recaudación por impuestos, mientras que en el eje de abscisas se representa el PIB. En el modelo keynesiano, se establece que a medida que aumenta el PIB, también lo hace la recaudación por impuestos. Esto se debe a que, con un mayor nivel de actividad económica, las empresas y los individuos generan más ingresos, lo que se traduce en un aumento de la recaudación fiscal.\n\nEn el modelo keynesiano, se identifica un punto de plena ocupación, que representa el máximo nivel de producción que puede alcanzar una economía en condiciones normales. A partir de este punto, cualquier aumento en el gasto público no se traducirá en un aumento equivalente del PIB, ya que la economía estaría operando a su capacidad máxima.\n\nEn resumen, el modelo keynesiano destaca la importancia de la intervención del Estado en la economía a través del gasto público para estimular la demanda agregada en periodos de recesión o desempleo. Además, enfatiza la relación entre el nivel de actividad económica, el gasto público y la recaudación por impuestos en una economía.",
        "old_text": "¿Qué es el modelo keynesiano? Esto es lo que yo os he explicado. Yo me he inventado dos cosas. Lo de los grifos, que si queréis lo vieras en Mosquiaria, y esto segundo, lo que os voy a enseñar ahora. Pero lo que os voy a enseñar ahora está en libros. Yo he visto libros, por ejemplo, el Wannaco lo pone, el Mochón también tiene un gráfico parecido, por lo tanto me quedo tranquilo, porque seguramente ellos han llegado a una conclusión muy parecida a la mía, que es explicar el modelo keynesiano es muy complejo y explicarlo de la manera que os voy a explicar es muy fácil. Mirad, vamos a hacer lo siguiente. En el eje de ordenadas voy a poner gasto público y voy a poner recaudación por impuestos. Y aquí voy a poner PIB. Aquí fabricación cero y vive infinito, pero eso es imposible, hay un máximo. Ese máximo vamos a llamarle de plena ocupación. Vamos a ponerlo por aquí. ¿Vale? ¿Cómo se mueve la recaudación por impuestos a medida que se mueve el PIB? ¿Vale? ¿Cómo pensáis que se mueve? Pues seguro que crece, ¿no? A medida que aumenta el PIB, seguro que aumenta la recaudación por impuestos, ¿no? Entonces, esto debe crecer, pues yo qué sé, ¿no? Pues debe ser algo así o puede ser, podría ser de muchas maneras, ¿no? Con que me lo he inventado yo, ¿no? Tiene la gran ventaja que lo dibujo como yo quiero, ¿no? ¿Vale? Entonces, a mí se me ocurrió dibujarlo en plan una recta para simplificar, ¿vale? Esto es una recta, ¿eh? ¿Vale? Recaudación por impuestos, ¿vale? Y el gasto público.",
        "kind": "online_video",
        "file_number": "35",
        "filename": "6 4 la política fiscal-wav.json",
        "url": "https://www.youtube.com/watch?v=9uhAUSphd1I&t=0s",
        "source": "6 4 la política fiscal-wav"
    },
    {
        "number": 2,
        "timestamp_start": "00:01:54,780",
        "timestamp_end": "00:03:29,520",
        "text": "El gasto público no siempre aumenta de manera proporcional al crecimiento del PIB. Aunque generalmente se espera que el gasto público crezca a medida que aumenta el PIB, no existe una correlación clara entre ambos. Por ejemplo, en el año 92, el gasto público fue elevado debido a eventos como las Olimpiadas y la Expo de Sevilla, pero esto no significa que siempre vaya a ser así.\n\nEs importante entender que el gasto público no debe ser simplemente una función del nivel de recaudación de impuestos. Para ilustrar este punto, se puede representar el gasto público como una recta, aunque en la realidad no sea tan lineal. En un escenario donde el gasto público es igual a la recaudación por impuestos, el efecto multiplicador sería cero.\n\nPara garantizar una gestión adecuada del gasto público, es fundamental establecer un sistema fiscal que se ajuste a las necesidades de la economía. En situaciones de pleno empleo, el sistema fiscal debe estar preparado para cubrir el gasto público sin generar déficits excesivos. De esta manera, en tiempos de recesión, el gobierno podrá intervenir de manera efectiva para estimular la economía sin comprometer la estabilidad fiscal.",
        "old_text": "Y claro, alguien me dirá, hombre, pues el gasto público igual, José, a medida que aumenta el PIB, va aumentando el gasto público, ¿o no? Es decir, sí, ¿eh? Pero no hay una correlación clara, ¿no? Es decir, el año 92 el gasto público seguro que fue una pasada, ¿no? Porque hicimos las olimpiadas, porque hicimos el... La expo de Sevilla, quiero decir que no hay una correlación evidente, ¿no? Entre una cosa y la otra, no existe, ¿no? Entonces, seguramente, y lo podríamos dibujar, ¿no? El gasto público seguramente, pues debe crecer también un poco, ¿no? A medida que aumenta el PIB. Pero yo, para que veamos que, para que se entienda, ¿no? Que no quiero que, que pensemos que hay una correlación clara, pues lo voy a dibujar como una recta. ¿Vale? Gasto público. Ya sé que no es del todo cierto, ¿eh? Pero vamos a hacerlo así. En este punto, el gasto público es exactamente igual a la recolección por impuestos, ¿no? ¿Qué efecto multiplicador hay ahí? Cero, ¿no? Vale, pues entonces tienes que montarte un sistema fiscal que cuando esto ocurra, cuando esto ocurra, coincida con la plena ocupación. ¿Vale? Si tú haces esto, si haces esto, a dormir. ¿Vale? A partir de ahí, ministro de Economía, puedes descansar. ¿Vale? No es necesario que hagas nada. ¿Por qué? Porque al momento que tú entras en una recesión, por ejemplo, entramos en una recesión. PIB sub 1. Fijaos lo que ocurre aquí. Recabación por impuestos. T sub 1.",
        "kind": "online_video",
        "file_number": "35",
        "filename": "6 4 la política fiscal-wav.json",
        "url": "https://www.youtube.com/watch?v=9uhAUSphd1I&t=114s",
        "source": "6 4 la política fiscal-wav"
    },
    {
        "number": 3,
        "timestamp_start": "00:03:29,520",
        "timestamp_end": "00:04:56,620",
        "text": "El gasto público es un componente importante en la economía, representado por la letra G. Cuando el gasto público es mayor que la recaudación por impuestos, simbolizada como T sub 1, se produce un efecto multiplicador en la economía. Este efecto puede llevar a un aumento en el Producto Interno Bruto (PIB), representado como PIB sub 2. \n\nPor otro lado, si el gasto público, G, es mayor que la recaudación por impuestos, T sub 2, nuevamente se genera un efecto multiplicador en la economía. Este efecto puede ser beneficioso en situaciones donde la economía necesita un impulso adicional. \n\nEn este contexto, los impuestos juegan un papel importante como estabilizadores fiscales automáticos. Cuando la economía se encuentra en una situación de caída, los impuestos pueden ser reducidos para estimular el consumo y la inversión, o el gasto público puede aumentarse para impulsar la actividad económica. Estas medidas buscan estabilizar la economía y promover el crecimiento en momentos de desaceleración.",
        "old_text": "Gasto público. G. G. Es mayor que T sub 1, ¿no? Genial, ¿ves? Ahí hay un efecto multiplicador. Genial. Que te hundas más en la miseria. Ningún problema. Caes aquí. PIB sub 2. Es exagerado, ¿eh? Aquí sería terrible, ¿eh? Recabación por impuestos. T sub 2. Gasto público. G, ¿no? G es mayor que T sub 2, ¿no? Y hay un efecto multiplicador. ¿Lo ves? Entonces, cuando hay este efecto, tiende a estar... Claro. Esta es la idea, ¿no? De hecho... Puedes dormir siempre, ¿eh? ¿Eh? Puedes dormir siempre, Julián. Puedes dormir siempre. Sí, sí, claro. Puedes dormir siempre. Pero, pero, claro, puedes no dormir. Es decir, si tú eres un ministro que quiere ser activo, si la economía cae, puedes jugar con eso. Pero, pero, claro, puedes no dormir. Es decir, si tú eres un ministro que quiere ser activo, si la economía cae, puedes jugar con eso. Pero, pero, claro, puedes no dormir. Es decir, si tú eres un ministro que quiere ser activo, si la economía cae, puedes jugar con eso. Si la economía cae, puedes jugar a qué. A reducir más los impuestos, ¿no? Y coges y ¡crac! Los bajas, ¿no? O puedes jugar a aumentar mucho más el gasto, ¿no? Abres la brecha, ¿no? Si abres la brecha, vas a impulsar más la economía. Esa es la idea, ¿no? ¿Vale? Se habla de que los impuestos juegan un papel que les llamaremos estabilizadores fiscales automáticos. ¿Por qué? Es que cuando te caes... ¿Por qué? Es que cuando te caes...",
        "kind": "online_video",
        "file_number": "35",
        "filename": "6 4 la política fiscal-wav.json",
        "url": "https://www.youtube.com/watch?v=9uhAUSphd1I&t=209s",
        "source": "6 4 la política fiscal-wav"
    },
    {
        "number": 4,
        "timestamp_start": "00:04:56,620",
        "timestamp_end": "00:06:47,620",
        "text": "La apertura de un paracaídas puede ilustrar el concepto de impulso en la economía. Cuando la caída es más intensa, el paracaídas es más grande, lo que representa una medida para evitar la caída y volver a ascender. En este contexto, lo que impulsa la economía es el déficit público. El déficit público se dispara en momentos de crisis económica, como sucedió en España en 2008 y 2009, cuando la actividad económica se desplomó y la recaudación de impuestos cayó drásticamente.\n\nReducir el déficit público se vuelve una tarea complicada, ya que implica un equilibrio delicado. Existe una especie de chantaje por parte de organismos como el FMI o la Unión Europea, que condicionan la ayuda financiera a la reducción del déficit. Esto puede llevar a una trampa conocida como la trampa del presupuesto equilibrado, donde en tiempos de recesión es inevitable caer en déficit público.\n\nEn la actualidad, países como Estados Unidos también enfrentan dilemas similares, donde la lucha política entre republicanos y demócratas afecta decisiones importantes, como la reforma sanitaria impulsada por Obama, que busca ampliar la cobertura médica pero genera conflictos con las aseguradoras privadas.",
        "old_text": "abres un paracaídas. ¿Veis? Es como si se abriera un paracaídas, ¿no? Y cuando más bestias la caída, más grande es el paracaídas. Es un paracaídas, además, raro, porque es un paracaídas que tiende a que dejes de caer y vuelvas a subir, ¿no? ¿Lo veis? ¿Vale? Pero claro, ¿qué es todo esto de aquí? ¿Qué es esto de aquí? Esto es justo lo que va a provocar el impulso de la economía, ¿no? Pero ¿esto qué es? Deuda. No, no es deuda. ¿Qué es? Déficit público, ¿no? Es el déficit público, ¿no? Entonces, claro, muy, muy importante. No se te ocurre reducirlo. ¿Cómo lo haces? ¿Dónde está la economía? ¿Lo veis? Año 2008, 2009, el déficit público en España se dispara al 11 y pico por ciento. ¿Por qué? Porque la actividad económica ha caído en picado. Porque la recaudación preimpuestos ha caído en picado. ¿Vale? Llama, ¿no? Nos llama Dios a Merkel y dice: \"Pst, a reducir el déficit\". Terrible. Merkel, terrible. Pero claro, es un chantaje, ¿no? Por lo tanto, si no haces, no te voy a dar un pasta. No te voy a dar pasta. Reducir el déficit público, como podéis ver, es terrible. Por lo tanto, hay una trampa que le vamos a llamar la trampa del presupuesto equilibrado. Y es que, de forma natural, ¿vale? De forma automática, vas a tender. Cuando entras en una recesión, es automático. Es automático, ¿vale? Vas a entrar en déficit público. Los Estados Unidos en estos momentos, ¿lo habéis visto, esta historia? El chantaje este están teniendo entre los republicanos y los demócratas, ¿no? Bueno, el tipo este, el Obama, ¿no? Está haciendo una reforma sanitaria muy importante, ¿no? ¿Vale? Está haciendo que haya mucha más cobertura para la gente, pero está fastidiando a las aseguradoras privadas.",
        "kind": "online_video",
        "file_number": "35",
        "filename": "6 4 la política fiscal-wav.json",
        "url": "https://www.youtube.com/watch?v=9uhAUSphd1I&t=296s",
        "source": "6 4 la política fiscal-wav"
    },
    {
        "number": 5,
        "timestamp_start": "00:06:47,620",
        "timestamp_end": "00:08:09,620",
        "text": "En Estados Unidos, el proceso para aumentar el gasto público requiere la aprobación del Congreso. En este caso, el Partido Republicano, que tiene mayoría en el Congreso, se negó a permitir que se aumentara el déficit, lo que afectó la implementación de la reforma sanitaria de Barack Obama. Ante esta situación, el presidente Obama se vio obligado a tomar medidas como la paralización parcial de la administración pública al no contar con los fondos necesarios. Esta situación generó críticas hacia el Partido Republicano, ya que la población comenzó a cuestionar su postura. Los medios de comunicación también reaccionaron ante esta crisis económica, atribuyendo responsabilidades al Tea Party. Finalmente, el Tea Party logró desbloquear la situación, evitando un colapso económico mayor.",
        "old_text": "Entonces, los republicanos, como podéis entender, ¿a quién defender, no? ¿Ah? Entonces, para hacer todo esto necesitan una pasta concreta. Pero por ley, por ley, en Estados Unidos, si tú quieres gastar más pasta que la que te daría el presupuesto equilibrado, esto se tiene que aprobar en el Congreso. ¿Vale? El Congreso está en manos del Partido Republicano. El Senado está en manos del Partido Demócrata, ¿no? Pero el Partido Republicano es el que manda al Congreso porque tiene mayoría. Entonces, para, de algún modo, ¿no? fastidiar a Barack Obama, le dijeron: \"Colega, colega, no te vamos a aprobar el que puedas aumentar la deuda, ¿vale? No vas a poder aumentar el déficit. Y por lo tanto, si no puedes aumentar el déficit, toda tu reforma sanitaria se va al carajo. ¿Vale? Y han estado con esa historia. Entonces, claro, el Obama, ¿qué ha hecho? Ha dicho: \"Ah, vale, ¿no? Pst, hey, trabajadores de administración pública, no vayáis a currar, ¿eh? Pero no tengo un duro, porque estos tíos no me lo quieren dar, ¿no?\" Y eso, claro, les ha generado un efecto boomerang, ¿no? Al propio Partido Republicano, ¿no? Porque, claro, la gente ha empezado a mosquearse, ¿no? Pero dicen: \"¿Pero de qué van estos tíos, no?\" Entonces, los diarios: \"Collapso de la economía americana\", \"acabe la bolsa\", no sé qué, ¿no? \"El Tea Party responsable de no sé cuánto\", esto, un to, to, to, to, to, to, to. Y ahora el Tea Party, no se acabó la película, pero el Tea Party lo ha desbloqueado.",
        "kind": "online_video",
        "file_number": "35",
        "filename": "6 4 la política fiscal-wav.json",
        "url": "https://www.youtube.com/watch?v=9uhAUSphd1I&t=407s",
        "source": "6 4 la política fiscal-wav"
    },
    {
        "number": 6,
        "timestamp_start": "00:08:09,620",
        "timestamp_end": "00:09:44,620",
        "text": "El aumento de la deuda pública es un tema relevante en macroeconomía. Permite al gobierno financiar sus gastos cuando los ingresos no son suficientes. Sin embargo, es importante controlar este aumento para evitar problemas económicos a largo plazo. En el caso mencionado, se hace referencia a la postura de Obama frente a la posibilidad de aumentar la deuda hasta febrero. Es fundamental analizar cómo afecta esta decisión a la economía en general. \n\nEn el ejemplo del Che Guevara, se destaca su papel como gobernador del Banco Central de Cuba. A pesar de su formación como médico, tuvo que enfrentarse a la gestión económica del país. Esta situación ilustra la importancia de contar con conocimientos sólidos en macroeconomía para tomar decisiones acertadas en el ámbito gubernamental.",
        "old_text": "¿Vale? Entonces, le va a permitir al Obama que aumente su deuda o su déficit, ya lo hable como queráis, hasta el mes de febrero. Solo hasta el mes de febrero. Porque la idea que ellos tienen es que deje, o sea, que pase, ¿no? Le decían: \"Vale, te permitieron aumentar la deuda si te olvidas de la reforma\". Y el tío dijo que eso era innegociable, ¿no? Que eso está bien, a mí me parece que es una buena posición del Obama decir: \"No lo pienso hacer\", ¿no? Porque la gente está por eso, la gente está contenta con esta historia, ¿no? ¿Vale? Os pongo un ejemplo que es como muy paradigmático, ¿no? El Che Guevara. ¿Os suena el Che Guevara? Médico, un médico, un médico, ¿no? Pero un médico se convirtió en revolucionario, guerrillero, ¿no? Y se va a Cuba. ¿De qué sabe el Che? Pues sabe de medicinas infecciosas, ¿no? ¿Sabe? Y de guerrilla, sabe un huevo de guerrilla este tío. Pero los barbudos llegan a Santiago, a La Habana, y claro, de golpe tienen que gobernar estos tíos, ¿no? Y claro, Fidel, pues ¿quién va a gobernar? Los que hemos participado en esta película, ¿no? Y al pobre Che lo hacen gobernador del Banco Central de Cuba. Lo hace tan bien que luego lo cambian a ser ministro de Industria. Pero el Che, ¿qué hace cuando es gobernador del Banco Central de Cuba? Se da cuenta de que Cuba está hecha polvo, porque está hecha polvo, y que el gobierno de Cuba es un gobierno de la industria.",
        "kind": "online_video",
        "file_number": "35",
        "filename": "6 4 la política fiscal-wav.json",
        "url": "https://www.youtube.com/watch?v=9uhAUSphd1I&t=489s",
        "source": "6 4 la política fiscal-wav"
    },
    {
        "number": 7,
        "timestamp_start": "00:09:44,620",
        "timestamp_end": "00:11:12,620",
        "text": "El gobierno de Cuba es un gobierno de la industria, donde los comandantes tienen privilegios mientras la gente sufre las consecuencias. El Che Guevara se da cuenta de que hay un déficit público, es decir, que se gasta más dinero del que se tiene. Ante esta situación, el Che decide que no puede haber déficit público y toma medidas para corregirlo. Una de las formas de cubrir el déficit es a través de la deuda pública, lo cual conlleva el pago de intereses. La trampa del presupuesto equilibrado consiste en recortar subvenciones o aumentar impuestos para cubrir el déficit, lo cual puede afectar negativamente a la población. Es importante entender cómo se cubre el déficit público y las implicaciones que tiene para la economía.",
        "old_text": "Y que el gobierno de Cuba es un gobierno de la industria. Y que sus compañeros, ¿no? Los comandantes, se han pillado las mejores casas de La Habana, que van con unos carros que todos están pegando ahí unos coibas alucinantes, ¿no? Y que la gente está hecha polvo, ¿no? Entonces claro, el Che dice: \"Esto no puede ser\". Porque encima tienen déficit. Es decir, se están gastando más pasta de la que tienen. ¿No? ¿Y el Che qué hace? Dice: \"Esto no puede ser\". Y a sus técnicos les dice: \"Colegas, no puede haber déficit público\". Es lógico, ¿no? Claro, intuitivamente dices: \"Vale, tienes toda la razón del mundo\". \"No puede haber déficit público\". \"Vale, vale, colega, ¿no? Muy bien\". ¿Qué haces? Pues vas a recortar subvenciones, ¿no? Que, por ejemplo, las subvenciones a la recogida de caña de azúcar, las recortaron. ¿Vale? Es decir, los campesinos estaban hechos polvo, de golpe se quedaron sin un duro, ¿no? Y la otra alternativa es decir: \"¿Cómo lo llevas? Muy mal, vale, te voy a subir los impuestos. Ya, ¿cómo lo llevas?\". ¿Veis? Terrible, eso es terrible, ¿no? Entonces, trampa del presupuesto equilibrado. ¿Vale? Eso es importante entenderlo. ¿Cómo cubrimos el déficit? Con la deuda pública. ¡Oh! \"Pues, a ver, fúterem tú, ¿eh? Ya, pero esto va a generar los intereses, no sé qué\". Volvamos, ¿eh? Barco, vía de agua, se está hundiendo el barco, ¿no? ¿Qué pasa con el smoking? Que me importa un bledo. ¿Qué a Inge le importa un bledo? Vale, pues se está hundiendo el barco.",
        "kind": "online_video",
        "file_number": "35",
        "filename": "6 4 la política fiscal-wav.json",
        "url": "https://www.youtube.com/watch?v=9uhAUSphd1I&t=584s",
        "source": "6 4 la política fiscal-wav"
    },
    {
        "number": 8,
        "timestamp_start": "00:11:12,620",
        "timestamp_end": "00:13:04,620",
        "text": "Los poskeynesianos sostienen que el presupuesto se debe equilibrar cíclicamente, es decir, que los déficits deben ser cubiertos con superávits en momentos de bonanza económica. Sin embargo, en la práctica, pocos países logran mantener superávits de forma constante. En el caso de España, en los últimos 50 años solo ha tenido 3 años con superávit. Por tanto, la idea de equilibrar el presupuesto de esta manera puede resultar poco realista.\n\nEn contraposición a esta visión, algunos economistas argumentan que un déficit público puede ser beneficioso si se destina a inversión pública, ya que esto puede generar riqueza en la economía. Por ejemplo, el concepto de \"tip jobs\" ilustra cómo un aumento en la demanda agregada puede estimular la economía y crear empleo.\n\nEn el marco de la teoría keynesiana, se plantea la existencia de un punto de plena ocupación (punto A) y un punto de paro masivo (punto B) en la economía. Keynes se centra en el espacio entre estos dos puntos, argumentando que en situaciones de recesión la demanda agregada es insuficiente en relación con la capacidad de oferta agregada. En este contexto, se busca estimular la demanda para impulsar la actividad económica y reducir el desempleo.",
        "old_text": "Los poskeynesianos empiezan a pensar en tus intereses, ¿vale? Y entonces, si tú lees cualquier libro, ¿eh? Cualquier libro de economía, te dicen que los poskeynesianos dicen que el presupuesto se tiene que equilibrar cíclicamente. Y que pronto este déficit lo cubrirás cuando estés bien, ¿no? Entonces, por aquí tendrás superávits que te van a servir para cubrir ese déficit. Entre nosotros, ¿eh? Esto sí que es una chorrada. España, en los últimos 50 años, ha tenido 3 años superávit. 3. Y con eso ha podido pagar, no sé qué historias, ¿no? Pero los países no tienen superávit, ¿no? Vale, entonces, cuando vosotros leáis un libro, os dirá que los poskeynesianos piensan que esto se va a hacer tal... Bueno, os lo podéis creer, ¿eh? ¿Vale? Yo me creo más lo otro. ¿Vale? El déficit público, si es menor o igual que la inversión pública, ¿por qué no? ¿Vale? Porque eso te va a generar riqueza, ¿no? Entonces, si pensáis en el ejemplo, que es muy exagerado, ¿eh? De las tip jobs, es como muy evidente, ¿no? ¿Vale? Bueno, entonces, vamos a sacar conclusiones de toda esta historia. Vamos a poner la gráfica de la oferta agregada keynesiana, ¿vale? ¿Vale? Tenemos aquí el punto A de plena ocupación. Tenemos aquí un punto B de paro masivo. ¿Vale? Y el problema, recordad, ¿eh? Keynes se plantea sólo este espacio de aquí. ¿Vale? Cuando Keynes dice... Keynes nos dice que si hay una recesión... Es decir, que estás en cualquier puntito de por aquí, ¿no? La demanda agregada es insuficiente respecto a la capacidad de oferta agregada.",
        "kind": "online_video",
        "file_number": "35",
        "filename": "6 4 la política fiscal-wav.json",
        "url": "https://www.youtube.com/watch?v=9uhAUSphd1I&t=672s",
        "source": "6 4 la política fiscal-wav"
    },
    {
        "number": 9,
        "timestamp_start": "00:13:04,620",
        "timestamp_end": "00:15:01,620",
        "text": "La política fiscal es una herramienta utilizada por los gobiernos para influir en la economía a través del gasto público y los impuestos. Cuando la economía está en recesión, es decir, hay una disminución en la actividad económica y un aumento del desempleo, se puede implementar una política fiscal expansiva. Esto implica aumentar el gasto público o reducir los impuestos para estimular la demanda agregada y así impulsar la economía.\n\nPor otro lado, cuando la economía está experimentando un crecimiento excesivo que puede llevar a una inflación, se puede aplicar una política fiscal restrictiva. En este caso, se busca reducir el gasto público y aumentar la recaudación de impuestos para enfriar la economía y evitar presiones inflacionarias.\n\nEs importante tener en cuenta que tanto la política fiscal expansiva como la restrictiva pueden tener impactos en las finanzas públicas, generando déficit o superávit público respectivamente. Es fundamental para los gobiernos encontrar un equilibrio en sus decisiones fiscales para mantener la estabilidad económica a largo plazo.",
        "old_text": "Y esto te está generando la... Perdonad, ¿eh? Esto te está generando paro, ¿no? ¿Qué es lo que tienes que hacer? Pues tendrás que hacer una política fiscal expansiva. ¿Que va a consistir en qué? Hombre, intentar desplazar la demanda agregada, ¿no? ¿Cómo lo vas a hacer? O bien, o bien, aumentando el gasto público. O bien, o y bien, bajando los impuestos. Y esto te va a conducir inevitablemente, inevitablemente, a un déficit público... ¿Qué? No se te ocurra intentarlo cerrar. Porque como lo intentes ajustar, la estás fastidiando. ¿Vale? Ahora, los post-keynesianos, los post-keynesianos dicen: \"Vale, vale, ok. Vale, vale, vale\". Y cuando estés por aquí... ¿Vale? Acordaros, ¿no? Vietnam, guerra de Vietnam, ¿vale? Demanda agregada excesiva, ¿no? Cuando estás por aquí, vamos a llamarle a esto: \"Euforia económica\". Todo el mundo está gastando como locos. ¿Vale? Estamos aquí, en este espacio de aquí. ¿Vale? Y eso significa que la demanda agregada ha superado la capacidad de oferta. ¿Vale? La demanda agregada está por aquí, por aquí, por aquí. Y eso se está generando que una inflación... Esto nunca lo dijo Keynes, ¿eh? Que sepáis, ¿eh? Nunca lo dijo Keynes. Estos son los post-keynesianos. ¿Vale? Te está generando inflación de demanda. Dicen, lo que tienes que hacer, que es una política fiscal restrictiva. ¿Vale? Que va a consistir en qué? En reducir el gasto público o y aumentar la recaudación por impuestos, ¿no? Y esto te va a generar un superávit público que te servirá para cubrir esto.",
        "kind": "online_video",
        "file_number": "35",
        "filename": "6 4 la política fiscal-wav.json",
        "url": "https://www.youtube.com/watch?v=9uhAUSphd1I&t=784s",
        "source": "6 4 la política fiscal-wav"
    },
    {
        "number": 10,
        "timestamp_start": "00:15:01,620",
        "timestamp_end": "00:16:24,620",
        "text": "La inflación de demanda es un fenómeno que se produce cuando la economía está en pleno empleo y la demanda de bienes y servicios es tan alta que los precios comienzan a subir. Ante esta situación, una de las medidas que se pueden tomar es aumentar los impuestos o reducir el gasto público para frenar el exceso de demanda y controlar la inflación. En este contexto, es importante que los políticos tomen decisiones adecuadas para mantener la estabilidad económica y evitar desequilibrios que puedan perjudicar a la sociedad en su conjunto.",
        "old_text": "¿Vale? ¿Por qué lo he puesto en rojo? Porque mirad, en los libros lo pone, ¿eh? ¿Vale? Lo pone. Esto es lo que se tiene que hacer entre nosotros. ¿Quién es el imbécil que hace esto? ¿Quién es el imbécil? Te están diciendo lo siguiente, ¿eh? Tú político, ¿eh? Te están diciendo que la economía va tan bien, ¿vale? Estás en plena ocupación, ¿eh? Va tan bien que todo el mundo está gastando como locos, ¿vale? Está preso de demanda. Y eso te está generando la inflación de demanda. Y entonces te aconsejan que subas los impuestos, ¿vale? O disminuyas el gasto público. Es decir, la economía va tan bien, tan bien, tan bien, que entonces el presidente del país dice: \"Colegas, ahora que estamos tan bien, ahora que estamos tan bien, os voy a subir el IVA\". ¿No? Vale, pues tú qué le dices al colega. \"Pues ahora que estamos tan bien, no te voy a matar nunca más\". ¿Vale? O \"ahora que estamos tan bien, mirad, el campeonato de natación mundial que íbamos a organizar, no lo vamos a hacer ahora. Vamos a esperarnos a que las cosas vayan mal\". ¿Ves que esto no funciona? Un político lo que quiere es otra historia, ¿no? Quiere que lo voten, ¿no? Quiere que la gente lo quiera, ¿no? Claro, esto no es manera de que te quieran, ¿no? Entonces, yo no digo que no hay gente que lo ha hecho, ¿no? Porque, claro, el marino Rajoy lo ha hecho, ¿no? Pero fíjate que no lo ha hecho porque hay una inflación de demanda.",
        "kind": "online_video",
        "file_number": "35",
        "filename": "6 4 la política fiscal-wav.json",
        "url": "https://www.youtube.com/watch?v=9uhAUSphd1I&t=901s",
        "source": "6 4 la política fiscal-wav"
    }
]