[
    {
        "number": 1,
        "timestamp_start": "00:00:00,000",
        "timestamp_end": "00:02:30,400",
        "text": "El modelo keynesiano surge como respuesta a la Gran Depresión, cuando el pensamiento clásico no lograba solucionar la crisis. Keynes argumentaba que si los precios y salarios fueran flexibles a la baja, su modelo no tendría sentido. En su modelo, la función de oferta agregada tiene una forma donde el punto de plena ocupación y el punto de paro masivo son distintos. Keynes se preocupaba por cómo salir de la depresión, ya que la demanda agregada era insuficiente en comparación con la oferta agregada. Su principal preocupación era cómo pasar de un punto de recesión a uno de plena ocupación.",
        "old_text": "El otro día hablamos del modelo keynesiano. De hecho, acabamos explicando el modelo keynesiano. Ya nos falta hablar de las críticas del modelo keynesiano. Vamos a criticarlo. Pero antes de esto vamos a recordar cuatro cositas, pero así nos situamos. De hecho, si los precios y los salarios fueran flexibles a la baja, Keynes no existiría. El modelo keynesiano no tenía ningún sentido. El modelo keynesiano surge y la aportación keynesiana surge. ¿Por qué? Porque hay un momento que el pensamiento clásico no sirve para solucionar una grave crisis. Es la gran depresión. Hay un tipo que si le ocurre decir que los precios y los salarios son rígidos a la baja. Y si esto es así, la función de oferta agregada ya es mentira que sea vertical al punto de plena ocupación. Entonces él nos explica que la función de oferta agregada... Tiene esta forma de aquí. Si aquí ponemos precios, salarios y aquí ponemos PIB, pues la función de oferta agregada tiene una forma más o menos como esta. Siendo este el punto de plena ocupación, siendo este un punto de paro masivo. Paro masivo. Y esto lo vamos a llamar plena ocupación. Entonces, ¿la preocupación de Keynes cuál es? ¿Cómo conseguir pasar del punto B al punto A? Es lo único que le preocupa el acordaros. Es lo único que le preocupa. ¿Cómo conseguir salir de esta gran depresión? Entonces, acaba diciendo, ostras, si estamos en cualquier punto de por aquí, hay recesión. ¿No? ¿No? ¿No? ¿No? ¿No? Y él nos explica que la demanda agregada es insuficiente respecto a la oferta agregada, respecto a la capacidad de oferta agregada.",
        "kind": "online_video",
        "file_number": "36",
        "filename": "6 5 Criticas a la P F-wav.json",
        "url": "https://www.youtube.com/watch?v=x-7Zs0iUAhg&t=0s",
        "source": "6 5 Criticas a la P F-wav"
    },
    {
        "number": 2,
        "timestamp_start": "00:02:30,400",
        "timestamp_end": "00:04:20,880",
        "text": "Por lo tanto, para estimular la demanda agregada y acercarnos a la plena ocupación, se pueden utilizar dos instrumentos: aumentar el gasto público y reducir los impuestos. Esto puede llevar a un déficit público, el cual no se intenta controlar, ya que este déficit puede provocar la expansión económica. Por otro lado, los poskeynesianos plantean que si la demanda agregada es exagerada en relación a la capacidad de oferta, lo que se genera es una inflación de demanda. En este caso, se sugiere reducir el gasto público y aumentar los impuestos para corregir esta situación. Esta política podría llevar a un superávit público, aunque es importante tener en cuenta que no es una medida comúnmente aplicada, ya que puede tener consecuencias negativas.",
        "old_text": "Por lo tanto, lo que tenemos que hacer es estimular la demanda agregada con tal de acercarnos a la plena ocupación. Y entonces él descubre que hay dos instrumentos que van a ser muy útiles. ¿Qué cuáles son? Pues reducir el gasto público. ¡No! Aumentar el gasto público y reducir los impuestos. ¿Vale? Y esto nos va a conducir, dice él, nos va a conducir a un déficit público que no se te ocurra intentarlo controlar. ¿Vale? Déjalo ese déficit público que siga su camino. Porque es ese déficit público el que va a provocar la expansión económica. Paralelamente, yo os explicaba el otro día que, pero eso ya no es Keynes, sino los poskeynesianos dicen, bueno, bueno, bueno, y cuando estés por aquí, acordaros, ¿vale? Guerra del Vietnam, ¿vale? ¿Sí? Cuando estés por aquí, ¿qué significa? Que la demanda agregada es exagerada respecto a la capacidad de oferta, tienes una inflación de demanda, ¿no? ¿Qué tienes que hacer? Lo contrario, ¿no? Reducir el gasto público y aumentar los impuestos. Y decían, y eso te conducirá a un superávit público, te servirá para... Y yo os decía, pfff, esto, la verdad, es que es mejor que le hagáis un paréntesis, ¿no? Una cosa así porque, pfff, no sé si es cierto, ¿vale? No sé si es cierto. De hecho, yo os explicaba que yo no sé de nadie que lo haya hecho, ¿no? ¿Vale? Y quien lo ha hecho se ha suicidado. ¿Vale? Y luego había la idea de la trampa del presupuesto equilibrado.",
        "kind": "online_video",
        "file_number": "36",
        "filename": "6 5 Criticas a la P F-wav.json",
        "url": "https://www.youtube.com/watch?v=x-7Zs0iUAhg&t=150s",
        "source": "6 5 Criticas a la P F-wav"
    },
    {
        "number": 3,
        "timestamp_start": "00:04:20,880",
        "timestamp_end": "00:22:37,140",
        "text": "El efecto Titanic es un concepto en economía que se refiere a la situación en la que, al intentar salvar a un grupo de personas o sectores de la economía, se descuida o se perjudica a otros. Este término se basa en el hundimiento del Titanic, donde se priorizó el rescate de ciertos grupos, dejando de lado a otros, lo que resultó en un desastre. En el ámbito económico, el efecto Titanic se utiliza para ilustrar cómo las decisiones pueden tener consecuencias no deseadas cuando se prioriza un aspecto en detrimento de otros. Es importante considerar este concepto al diseñar políticas económicas para evitar efectos negativos en sectores no contemplados inicialmente.",
        "old_text": "Y ahí es donde nos paramos el otro día, ¿vale? Vamos a criticar esto, ¿vale? Vamos a criticar esto, ¿no? Entonces, las críticas las voy a ordenar en función de lo que a mí me apetece explicaros. ¿Vale? ¿Qué quiero decir? Vamos a empezar con una muy fácil, vamos a seguir con una muy compleja y acabemos con una chupada. ¿Vale? Vamos a la fácil, ¿vale? Mirad, la fácil se llama... De hecho, en economía le dicen el dilema del timonel. Yo lo he bautizado como el timonel. ¿Vale? ¿Vale? ¿Vale? ¿Vale? ¿Vale? ¿Vale? ¿Vale? ¿Vale? ¿Vale? ¿Vale? ¿Vale? ¿Vale? ¿Vale? El dilema del timonel. Yo lo he bautizado el efecto Titanic. ¿Vale? Porque creo que es más, mucho más visible, ¿no? Ostras, cómo estamos hoy. El efecto Titanic. ¿Vale? Vamos al efecto Titanic. Os suena lo del Titanic seguro, ¿no? ¿Vale? ¿Qué me cuenta qué pasó con el Titanic? ¿Qué pasó con el Titanic? ¿Qué pasó con el Titanic? ¿Qué pasó con el Titanic? ¿Qué pasó con el Titanic? ¿Qué pasó con el Titanic? ¿Qué pasó con el Titanic? ¿Qué pasó con el Titanic? ¿Qué pasó con el Titanic? ¿Qué pasó con el Titanic? ¿Qué pasó con el Titanic? ¿Qué pasó con el Titanic? ¿Qué pasó con el Titanic? ¿Qué pasó con el Titanic? ¿Qué pasó con el Titanic? ¿Qué pasó con el Titanic? ¿Qué pasó con el Titanic? ¿Qué pasó con el Titanic? ¿Qué pasó con el Titanic? ¿Qué pasó con el Titanic? ¿Qué pasó con el Titanic? ¿Qué pasó con el Titanic? ¿Qué pasó con el Titanic? ¿Qué pasó con el Titanic? ¿Qué pasó con el Titanic? ¿Qué pasó con el Titanic? ¿Qué pasó con el Titanic? ¿Qué pasó con el Titanic? ¿Qué pasó con el Titanic? ¿Qué pasó con el Titanic? ¿Qué pasó con el Titanic? ¿Qué pasó con el Titanic? ¿Qué pasó con el Titanic? ¿Qué pasó con el Titanic? ¿Qué pasó con el Titanic? ¿Qué pasó con el Titanic? ¿Qué pasó con el Titanic? ¿Qué pasó con el Titanic? ¿Qué pasó con el Titanic? ¿Qué pasó con el Titanic? ¿Qué pasó con el Titanic? ¿Qué pasó con el Titanic? ¿Qué pasó con el Titanic? ¿Qué pasó con el Titanic? ¿Qué pasó con el Titanic? ¿Qué pasó con el Titanic? ¿Qué pasó con el Titanic? ¿Qué pasó con el Titanic? ¿Qué pasó con el Titanic? ¿Qué pasó con el Titanic? ¿Qué pasó con el Titanic? ¿Qué pasó con el Titanic? ¿Qué pasó con el Titanic? ¿Qué pasó con el Titanic? ¿Qué pasó con el Titanic? ¿Qué pasó con el Titanic? ¿Qué pasó con el Titanic? ¿Qué pasó con el Titanic? ¿Qué pasó con el Titanic? ¿Qué pasó con el Titanic? ¿Qué pasó con el Titanic? ¿Qué pasó con el Titanic? ¿Qué pasó con el Titanic? ¿Qué pasó con el Titanic? ¿Qué pasó con el Titanic? ¿Qué pasó con el Titanic? ¿Qué pasó con el Titanic? ¿Qué pasó con el Titanic? ¿Qué pasó con el Titanic? ¿Qué pasó con el Titanic? ¿Qué pasó con el Titanic? ¿Qué pasó con el Titanic? ¿Qué pasó con el Titanic? ¿Qué pasó con el Titanic? ¿Qué pasó con el Titanic? ¿Qué pasó con el Titanic? ¿Qué pasó con el Titanic? ¿Qué pasó con el Titanic? ¿Qué pasó con el Titanic? ¿Qué pasó con el Titanic? ¿Qué pasó con el Titanic? ¿Qué pasó con el Titanic? ¿Qué pasó con el Titanic? ¿Qué pasó con el Titanic? ¿Qué pasó con el Titanic? ¿Qué pasó con el Titanic? ¿Qué pasó con el Titanic? ¿Qué pasó con el Titanic? ¿Qué pasó con el Titanic? ¿Qué pasó con el Titanic? ¿Qué pasó con el Titanic? ¿Qué pasó con el Titanic? ¿Qué pasó con el Titanic? ¿Qué pasó con el Titanic? ¿Qué pasó con el Titanic? ¿Qué pasó con el Titanic? ¿Qué pasó con el Titanic? ¿Qué pasó con el Titanic? ¿Qué pasó con el Titanic? ¿Qué pasó con el Titanic? ¿Qué pasó con el Titanic? ¿Qué pasó con el Titanic? ¿Qué pasó con el Titanic? ¿Qué pasó con el Titanic? ¿Qué pasó con el Titanic? ¿Qué pasó con el Titanic? ¿Qué pasó con el Titanic? ¿Qué pasó con el Titanic? ¿Qué pasó con el Titanic? ¿Qué pasó con el Titanic? ¿Qué pasó con el Titanic? ¿Qué pasó con el Titanic? ¿Qué pasó con el Titanic? ¿Qué pasó con el Titanic? ¿Qué pasó con el Titanic? ¿Qué pasó con el Titanic? ¿Qué pasó con el Titanic? ¿Qué pasó con el Titanic? ¿Qué pasó con el Titanic? ¿Qué pasó con el Titanic? ¿Qué pasó con el Titanic? ¿Qué pasó con el Titanic? ¿Qué pasó con el Titanic? ¿Qué pasó con el Titanic? ¿Qué pasó con el Titanic? ¿Qué pasó con el Titanic? ¿Qué pasó con el Titanic? ¿Qué pasó con el Titanic? ¿Qué pasó con el Titanic? ¿Qué pasó con el Titanic? ¿Qué pasó con el Titanic? ¿Qué pasó con el Titanic? ¿Qué pasó con el Titanic? ¿Qué pasó con el Titanic? ¿Qué pasó con el Titanic? ¿Qué pasó con el Titanic? ¿Qué pasó con el Titanic? ¿Qué pasó con el Titanic? ¿Qué pasó con el Titanic? ¿Qué pasó con el Titanic? ¿Qué pasó con el Titanic? ¿Qué pasó con el Titanic? ¿Qué pasó con el Titanic? ¿Qué pasó con el Titanic? ¿Qué pasó con el Titanic? ¿Qué pasó con el Titanic? ¿Qué pasó con el Titanic? ¿Qué pasó con el Titanic? ¿Qué pasó con el Titanic? ¿Qué pasó con el Titanic? ¿Qué pasó con el Titanic? ¿Qué pasó con el Titanic? ¿Qué pasó con el Titanic? ¿Qué pasó con el Titanic? ¿Qué pasó con el Titanic? ¿Qué pasó con el Titanic? ¿Qué pasó con el Titanic? ¿Qué pasó con el Titanic? ¿Qué pasó con el Titanic? ¿Qué pasó con el Titanic? ¿Qué pasó con el Titanic? ¿Qué pasó con el Titanic? ¿Qué pasó con el Titanic? ¿Qué pasó con el Titanic? ¿Qué pasó con el Titanic? ¿Qué pasó con el Titanic? ¿Qué pasó con el Titanic? ¿Qué pasó con el Titanic? ¿Qué pasó con el Titanic? ¿Qué pasó con el Titanic? ¿Qué pasó con el Titanic? ¿Qué pasó con el Titanic? ¿Qué pasó con el Titanic? ¿Qué pasó con el Titanic? ¿Qué pasó con el Titanic? ¿Qué pasó con el Titanic? ¿Qué pasó con el Titanic? ¿Qué pasó con el Titanic? ¿Qué pasó con el Titanic? ¿Qué pasó con el Titanic? ¿Qué pasó con el Titanic? ¿Qué pasó con el Titanic? ¿Qué pasó con el Titanic? ¿Qué pasó con el Titanic? ¿Qué pasó con el Titanic? ¿Qué pasó con el Titanic? ¿Qué pasó con el Titanic? ¿Qué pasó con el Titanic? ¿Qué pasó con el Titanic? ¿Qué pasó con el Titanic? ¿Qué pasó con el Titanic? ¿Qué pasó con el Titanic? ¿Qué pasó con el Titanic? ¿Qué pasó con el Titanic? ¿Qué pasó con el Titanic? ¿Qué pasó con el Titanic? ¿Qué pasó con el Titanic? ¿Qué pasó con el Titanic? ¿Qué pasó con el Titanic? ¿Qué pasó con el Titanic? ¿Qué pasó con el Titanic? ¿Qué pasó con el Titanic? ¿Qué pasó con el Titanic? ¿Qué pasó con el Titanic? ¿Qué pasó con el Titanic? ¿Qué pasó con el Titanic? ¿Qué pasó con el Titanic? ¿Qué pasó con el Titanic? ¿Qué pasó con el Titanic? ¿Qué pasó con el Titanic? ¿Qué pasó con el Titanic? ¿Qué pasó con el Titanic? ¿Qué pasó con el Titanic? ¿Qué pasó con el Titanic? ¿Qué pasó con el Titanic? ¿Qué pasó con el Titanic? ¿Qué pasó con el Titanic? ¿Qué pasó con el Titanic? ¿Qué pasó con el Titanic? ¿Qué pasó con el Titanic? ¿Qué pasó con el Titanic? ¿Qué pasó con el Titanic? ¿Qué pasó con el Titanic? ¿Qué pasó con el Titanic? ¿Qué pasó con el Titanic? ¿Qué pasó con el Titanic? ¿Qué pasó con el Titanic? ¿Qué pasó con el Titanic? ¿Qué pasó con el Titanic? ¿Qué pasó con el Titanic? ¿Qué pasó con el Titanic? ¿Qué pasó con el Titanic? ¿Qué pasó con el Titanic? ¿Qué pasó con el Titanic? ¿Qué pasó con el Titanic? ¿Qué pasó con el Titanic? ¿Qué pasó con el Titanic? ¿Qué pasó con el Titanic? ¿Qué pasó con el Titanic? ¿Qué pasó con el Titanic? ¿Qué pasó con el Titanic? ¿Qué pasó con el Titanic? ¿Qué pasó con el Titanic? ¿Qué pasó con el Titanic? ¿Qué pasó con el Titanic? ¿Qué pasó con el Titanic? ¿Qué pasó con el Titanic? ¿Qué pasó con el Titanic? ¿Qué pasó con el Titanic? ¿Qué pasó con el Titanic? ¿Qué pasó con el Titanic? ¿Qué pasó con el Titanic? ¿Qué pasó con el Titanic? ¿Qué pasó con el Titanic? ¿Qué pasó con el Titanic? ¿Qué pasó con el Titanic? ¿Qué pasó con el Titanic? ¿Qué pasó con el Titanic? ¿Qué pasó con el Titanic? ¿Qué pasó con el Titanic? ¿Qué pasó con el Titanic? ¿Qué pasó con el Titanic? ¿Qué pasó con el Titanic? ¿Qué pasó con el Titanic? ¿Qué pasó con el Titanic? ¿Qué pasó con el Titanic? ¿Qué pasó con el Titanic? ¿Qué pasó con el Titanic? ¿Qué pasó con el Titanic? ¿Qué pasó con el Titanic? ¿Qué pasó con el Titanic? ¿Qué pasó con el Titanic? ¿Qué pasó con el Titanic? ¿Qué pasó con el Titanic? ¿Qué pasó con el Titanic? ¿Qué pasó con el Titanic? ¿Qué pasó con el Titanic? ¿Qué pasó con el Titanic? ¿Qué pasó con el Titanic? ¿Qué pasó con el Titanic? ¿Qué pasó con el Titanic? ¿Qué pasó con el Titanic? ¿Qué pasó con el Titanic? ¿Qué pasó con el Titanic? ¿Qué pasó con el Titanic? ¿Qué pasó con el Titanic? ¿Qué pasó con el Titanic? ¿Qué pasó con el Titanic? ¿Qué pasó con el Titanic? ¿Qué pasó con el Titanic? ¿Qué pasó con el Titanic? ¿Qué pasó con el Titanic? ¿Qué pasó con el Titanic? ¿Qué pasó con el Titanic? ¿Qué pasó con el Titanic? ¿Qué pasó con el Titanic? ¿Qué pasó con el Titanic? ¿Qué pasó con el Titanic? ¿Qué pasó con el Titanic? ¿Qué pasó con el Titanic? ¿Qué pasó con el Titanic? ¿Qué pasó con el Titanic? ¿Qué pasó con el Titanic? ¿Qué pasó con el Titanic? ¿Qué pasó con el Titanic? ¿Qué pasó con el Titanic? ¿Qué pasó con el Titanic? ¿Qué pasó con el Titanic? ¿Qué pasó con el Titanic? ¿Qué pasó con el Titanic? ¿Qué pasó con el Titanic? ¿Qué pasó con el Titanic? ¿Qué pasó con el Titanic? ¿Qué pasó con el Titanic? ¿Qué pasó con el Titanic? ¿Qué pasó con el Titanic? ¿Qué pasó con el Titanic? ¿Qué pasó con el Titanic? ¿Qué pasó con el Titanic? ¿Qué pasó con el Titanic? ¿Qué pasó con el Titanic? ¿Qué pasó con el Titanic? ¿Qué pasó con el Titanic? ¿Qué pasó con el Titanic? ¿Qué pasó con el Titanic? ¿Qué pasó con el Titanic? ¿Qué pasó con el Titanic? ¿Qué pasó con el Titanic? ¿Qué pasó con el Titanic? ¿Qué pasó con el Titanic? ¿Qué pasó con el Titanic? ¿Qué pasó con el Titanic? ¿Qué pasó con el Titanic? ¿Qué pasó con el Titanic? ¿Qué pasó con el Titanic? ¿Qué pasó con el Titanic? ¿Qué pasó con el Titanic? ¿Qué pasó con el Titanic? ¿Qué pasó con el Titanic? ¿Qué pasó con el Titanic? ¿Qué pasó con el Titanic? ¿Qué pasó con el Titanic? ¿Qué pasó con el Titanic? ¿Qué pasó con el Titanic? ¿Qué pasó con el Titanic? ¿Qué pasó con el Titanic? ¿Qué pasó con el Titanic? ¿Qué pasó con el Titanic? ¿Qué pasó con el Titanic? ¿Qué pasó con el Titanic? ¿Qué pasó con el Titanic? ¿Qué pasó con el Titanic? ¿Qué pasó con el Titanic? ¿Qué pasó con el Titanic? ¿Qué pasó con el Titanic? ¿Qué pasó con el Titanic? ¿Qué pasó con el Titanic? ¿Qué pasó con el Titanic? ¿Qué pasó con el Titanic? ¿Qué pasó con el Titanic? ¿Qué pasó con el Titanic? ¿Qué pasó con el Titanic? ¿Qué pasó con el Titanic? ¿Qué pasó con el Titanic? ¿Qué pasó con el Titanic? ¿Qué pasó con el Titanic? ¿Qué pasó con el Titanic? ¿Qué pasó con el Titanic? ¿Qué pasó con el Titanic? ¿Qué pasó con el Titanic? ¿Qué pasó con el Titanic? ¿Qué pasó con el Titanic? ¿Qué pasó con el Titanic? ¿Qué pasó con el Titanic? ¿Qué pasó con el Titanic? ¿Qué pasó con el Titanic? ¿Qué pasó con el Titanic? ¿Qué pasó con el Titanic? ¿Qué pasó con el Titanic? ¿Qué pasó con el Titanic? ¿Qué pasó con el Titanic? ¿Qué pasó con el Titanic? ¿Qué pasó con el Titanic? ¿Qué pasó con el Titanic? ¿Qué pasó con el Titanic? ¿Qué pasó con el Titanic? ¿Qué pasó con el Titanic? ¿Qué pasó con el Titanic? ¿Qué pasó con el Titanic? ¿Qué pasó con el Titanic? ¿Qué pasó con el Titanic? ¿Qué pasó con el Titanic? ¿Qué pasó con el Titanic? ¿Qué pasó con el Titanic? ¿Qué pasó con el Titanic? ¿Qué pasó con el Titanic? ¿Qué pasó con el Titanic? ¿Qué pasó con el Titanic? ¿Qué pasó con el Titanic? ¿Qué pasó con el Titanic? ¿Qué pasó con el Titanic? ¿Qué pasó con el Titanic? ¿Qué pasó con el Titanic? ¿Qué pasó con el Titanic? ¿Qué pasó con el Titanic? ¿Qué pasó con el Titanic? ¿Qué pasó con el Titanic? ¿Qué pasó con el Titanic? ¿Qué pasó con el Titanic? ¿Qué pasó con el Titanic? ¿Qué pasó con el Titanic? ¿Qué pasó con el Titanic? ¿Qué pasó con el Titanic? ¿Qué pasó con el Titanic? ¿Qué pasó con el Titanic? ¿Qué pasó con el Titanic? ¿Qué pasó con el Titanic? ¿Qué pasó con el Titanic? ¿Qué pasó con el Titanic? ¿Qué pasó con el Titanic? ¿Qué pasó con el Titanic? ¿Qué pasó con el Titanic? ¿Qué pasó con el Titanic? ¿Qué pasó con el Titanic? ¿Qué pasó con el Titanic? ¿Qué pasó con el Titanic? ¿Qué pasó con el Titanic? ¿Qué pasó con el Titanic? ¿Qué pasó con el Titanic? ¿Qué pasó con el Titanic? ¿Qué pasó con el Titanic? ¿Qué pasó con el Titanic? ¿Qué pasó con el Titanic? ¿Qué pasó con el Titanic? ¿Qué pasó con el Titanic? ¿Qué pasó con el Titanic? ¿Qué pasó con el Titanic? ¿Qué pasó con el Titanic? ¿Qué pasó con el Titanic? ¿Qué pasó con el Titanic? ¿Qué pasó con el Titanic? ¿Qué pasó con el Titanic? ¿Qué pasó con el Titanic? ¿Qué pasó con el Titanic? ¿Qué pasó con el Titanic? ¿Qué pasó con el Titanic? ¿Qué pasó con el Titanic? ¿Qué pasó con el Titanic? ¿Qué pasó con el Titanic? ¿Qué pasó con el Titanic? ¿Qué pasó con el Titanic? ¿Qué pasó con el Titanic? ¿Qué pasó con el Titanic? ¿Qué pasó con el Titanic? ¿Qué pasó con el Titanic? ¿Qué pasó con el Titanic? ¿Qué pasó con el Titanic? ¿Qué pasó con el Titanic? ¿Qué pasó con el Titanic? ¿Qué pasó con el Titanic? ¿Qué pasó con el Titanic? ¿Qué pasó con el Titanic? ¿Qué pasó con el Titanic? ¿Qué pasó con el Titanic? ¿Qué pasó con el Titanic? ¿Qué pasó con el Titanic? ¿Qué pasó con el Titanic? ¿Qué pasó con el Titanic? ¿Qué pasó con el Titanic? ¿Qué pasó con el Titanic? ¿Qué pasó con el Titanic? ¿Qué pasó con el Titanic? ¿Qué pasó con el Titanic? ¿Qué pasó con el Titanic? ¿Qué pasó con el Titanic? ¿Qué pasó con el Titanic? ¿Qué pasó con el Titanic? ¿Qué pasó con el Titanic? ¿Qué pasó con el Titanic? ¿Qué pasó con el Titanic? ¿Qué pasó con el Titanic? ¿Qué pasó con el Titanic? ¿Qué pasó con el Titanic? ¿Qué pasó con el Titanic? ¿Qué pasó con el Titanic? ¿Qué pasó con el Titanic? ¿Qué pasó con el Titanic? ¿Qué pasó con el Titanic? ¿Qué pasó con el Titanic? ¿Qué pasó con el Titanic? ¿Qué pasó con el Titanic? ¿Qué pasó con el Titanic? ¿Qué pasó con el Titanic? ¿Qué pasó con el Titanic? ¿Qué pasó con el Titanic? ¿Qué pasó con el Titanic? ¿Qué pasó con el Titanic? ¿Qué pasó con el Titanic? ¿Qué pasó con el Titanic? ¿Qué pasó con el Titanic? ¿Qué pasó con el Titanic? ¿Qué pasó con el Titanic? ¿Qué pasó con el Titanic? ¿Qué pasó con el Titanic? ¿Qué pasó con el Titanic? ¿Qué pasó con el Titanic? ¿Qué pasó con el Titanic? ¿Qué pasó con el Titanic? ¿Qué pasó con el Titanic? ¿Qué pasó con el Titanic? ¿Qué pasó con el Titanic? ¿Qué pasó con el Titanic? ¿Qué pasó con el Titanic? ¿Qué pasó con el Titanic? ¿Qué pasó con el Titanic? ¿Qué pasó con el Titanic? ¿Qué pasó con el Titanic? ¿Qué pasó con el Titanic? ¿Qué pasó con el Titanic? ¿Qué pasó con el Titanic? ¿Qué pasó con el Titanic? ¿Qué pasó con el Titanic? ¿Qué pasó con el Titanic? ¿Qué pasó con el Titanic? ¿Qué pasó con el Titanic? ¿Qué pasó con el Titanic? ¿Qué pasó con el Titanic? ¿Qué pasó con el Titanic? ¿Qué pasó con el Titanic? ¿Qué pasó con el Titanic? ¿Qué pasó con el Titanic? ¿Qué pasó con el Titanic? ¿Qué pasó con el Titanic? ¿Qué pasó con el Titanic? ¿Qué pasó con el Titanic? ¿Qué pasó con el Titanic? ¿Qué pasó con el Titanic? ¿Qué pasó con el Titanic? ¿Qué pasó con el Titanic? ¿Qué pasó con el Titanic? ¿Qué pasó con el Titanic? ¿Qué pasó con el Titanic? ¿Qué pasó con el Titanic? ¿Qué pasó con el Titanic? ¿Qué pasó con el Titanic? ¿Qué pasó con el Titanic? ¿Qué pasó con el Titanic? ¿Qué pasó con el Titanic? ¿Qué pasó con el Titanic? ¿Qué pasó con el Titanic? ¿Qué pasó con el Titanic? ¿Qué pasó con el Titanic? ¿Qué pasó con el Titanic? ¿Qué pasó con el Titanic? ¿Qué pasó con el Titanic? ¿Qué pasó con el Titanic? ¿Qué pasó con el Titanic? ¿Qué pasó con el Titanic? ¿Qué pasó con el Titanic? ¿Qué pasó con el Titanic? ¿Qué pasó con el Titanic? ¿Qué pasó con el Titanic? ¿Qué pasó con el Titanic? ¿Qué pasó con el Titanic? ¿Qué pasó con el Titanic? ¿Qué pasó con el Titanic? ¿Qué pasó con el Titanic? ¿Qué pasó con el Titanic? ¿Qué pasó con el Titanic? ¿Qué pasó con el Titanic? ¿Qué pasó con el Titanic? ¿Qué pasó con el Titanic? ¿Qué pasó con el Titanic? ¿Qué pasó con el Titanic? ¿Qué pasó con el Titanic? ¿Qué pasó con el Titanic? ¿Qué pasó con el Titanic? ¿Qué pasó con el Titanic? ¿Qué pasó con el Titanic? ¿Qué pasó con el Titanic? ¿Qué pasó con el Titanic? ¿Qué pasó con el Titanic? ¿Qué pasó con el Titanic? ¿Qué pasó con el Titanic? ¿Qué pasó con el Titanic? ¿Qué pasó con el Titanic? ¿Qué pasó con el Titanic? ¿Qué pasó con el Titanic? ¿Qué pasó con el Titanic? ¿Qué pasó con el Titanic? ¿Qué pasó con el Titanic? ¿Qué pasó con el Titanic? ¿Qué pasó con el Titanic? ¿Qué pasó con el Titanic? ¿Qué pasó con el Titanic? ¿Qué pasó con el Titanic? ¿Qué pasó con el Titanic? ¿Qué pasó con el Titanic? ¿Qué pasó con el Titanic? ¿Qué pasó con el Titanic? ¿Qué pasó con el Titanic? ¿Qué pasó con el Titanic? ¿Qué pasó con el Titanic? ¿Qué pasó con el Titanic? ¿Qué pasó con el Titanic? ¿Qué pasó con el Titanic? ¿Qué pasó con el Titanic? ¿Qué pasó con el Titanic? ¿Qué pasó con el Titanic? ¿Qué pasó con el Titanic? ¿Qué pasó con el Titanic? ¿Qué pasó con el Titanic? ¿Qué pasó con el Titanic? ¿Qué pasó con el Titanic? ¿Qué pasó con el Titanic? ¿Qué pasó con el Titanic? ¿Qué pasó con el Titanic? ¿Qué pasó con el Titanic? ¿Qué pasó con el Titanic? ¿Qué pasó con el Titanic? ¿Qué pasó con el Titanic? ¿Qué pasó con el Titanic? ¿Qué pasó con el Titanic? ¿Qué pasó con el Titanic? ¿Qué pasó con el Titanic? ¿Qué pasó con el Titanic? ¿Qué pasó con el Titanic? ¿Qué pasó con el Titanic? ¿Qué pasó con el Titanic? ¿Qué pasó con el Titanic? ¿Qué pasó con el Titanic? ¿Qué pasó con el Titanic? ¿Qué pasó con el Titanic? ¿Qué pasó con el Titanic? ¿Qué pasó con el Titanic? ¿Qué pasó con el Titanic? ¿Qué pasó con el Titanic? ¿Qué pasó con el Titanic? ¿Qué pasó con el Titanic? ¿Qué pasó con el Titanic? ¿Qué pasó con el Titanic? ¿Qué pasó con el Titanic? ¿Qué pasó con el Titanic? ¿Qué pasó con el Titanic? ¿Qué pasó con el Titanic? ¿Qué pasó con el Titanic? ¿Qué pasó con el Titanic? ¿Qué pasó con el Titanic? ¿Qué pasó con el Titanic? ¿Qué pasó con el Titanic? ¿Qué pasó con el Titanic? ¿Qué pasó con el Titanic? ¿Qué pasó con el Titanic? ¿Qué pasó con el Titanic? ¿Qué pasó con el Titanic? ¿Qué pasó con el Titanic? ¿Qué pasó con el Titanic? ¿Qué pasó con el Titanic? ¿Qué pasó con el Titanic? ¿Qué pasó con el Titanic? ¿Qué pasó con el Titanic? ¿Qué pasó con el Titanic? ¿Qué pasó con el Titanic? ¿Qué pasó con el Titanic? ¿Qué pasó con el Titanic? ¿Qué pasó con el Titanic? ¿Qué pasó con el Titanic? ¿Qué pasó con el Titanic? ¿Qué pasó con el Titanic? ¿Qué pasó con el Titanic? ¿Qué pasó con el Titanic? ¿Qué pasó con el Titanic? ¿Qué pasó con el Titanic? ¿Qué pasó con el Titanic? ¿Qué pasó con el Titanic? ¿Qué pasó con el Titanic? ¿Qué pasó con el Titanic? ¿Qué pasó con el Titanic? ¿Qué pasó con el Titanic? ¿Qué pasó con el Titanic? ¿Qué pasó con el Titanic? ¿Qué pasó con el Titanic? ¿Qué pasó con el Titanic? ¿Qué pasó con el Titanic? ¿Qué pasó con el Titanic? ¿Qué pasó con el Titanic? ¿Qué pasó con el Titanic? ¿Qué pasó con el Titanic? ¿Qué pasó con el Titanic? ¿Qué pasó con el Titanic? ¿Qué pasó con el Titanic? ¿Qué pasó con el Titanic? ¿Qué pasó con el Titanic? ¿Qué pasó con el Titanic? ¿Qué pasó con el Titanic? ¿Qué pasó con el Titanic? ¿Qué pasó con el Titanic? ¿Qué pasó con el Titanic? ¿Qué pasó con el Titanic? ¿Qué pasó con el Titanic? ¿Qué pasó con el Titanic? ¿Qué pasó con el Titanic? ¿Qué pasó con el Titanic? ¿Qué pasó con el Titanic? ¿Qué pasó con el Titanic? ¿Qué pasó con el Titanic? ¿Qué pasó con el Titanic? ¿Qué pasó con el Titanic? ¿Qué pasó con el Titanic? ¿Qué pasó con el Titanic? ¿Qué pasó con el Titanic? ¿Qué pasó con el Titanic? ¿Qué pasó con el Titanic? ¿Qué pasó con el Titanic? ¿Qué pasó con el Titanic? ¿Qué pasó con el Titanic? ¿Qué pasó con el Titanic? ¿Qué pasó con el Titanic? ¿Qué pasó con el Titanic? ¿Qué pasó con el Titanic? ¿Qué pasó con el Titanic? ¿Qué pasó con el Titanic? ¿Qué pasó con el Titanic? ¿Qué pasó con el Titanic? ¿Qué pasó con el Titanic? ¿Qué pasó con el Titanic? ¿Qué pasó con el Titanic? ¿Qué pasó con el Titanic? ¿Qué pasó con el Titanic? ¿Qué pasó con el Titanic? ¿Qué pasó con el Titanic? ¿Qué pasó con el Titanic? ¿Qué pasó con el Titanic? ¿Qué pasó con el Titanic? ¿Qué pasó con el Titanic? ¿Qué pasó con el Titanic? ¿Qué pasó con el Titanic? ¿Qué pasó con el Titanic? ¿Qué pasó con el Titanic? ¿Qué pasó con el Titanic? ¿Qué pasó con el Titanic? ¿Qué pasó con el Titanic? ¿Qué pasó con el Titanic? ¿Qué pasó con el Titanic? ¿Qué pasó con el Titanic? ¿Qué pasó con el Titanic? ¿Qué pasó con el Titanic? ¿Qué pasó con el Titanic? ¿Qué pasó con el Titanic? ¿Qué pasó con el Titanic? ¿Qué pasó con el Titanic? ¿Qué pasó con el Titanic? ¿Qué pasó con el Titanic? ¿Qué pasó con el Titanic? ¿Qué pasó con el Titanic? ¿Qué pasó con el Titanic? ¿Qué pasó con el Titanic? ¿Qué pasó con el Titanic? ¿Qué pasó con el Titanic? ¿Qué pasó con el Titanic? ¿Qué pasó con el Titanic? ¿Qué pasó con el Titanic? ¿Qué pasó con el Titanic? ¿Qué pasó con el Titanic? ¿Qué pasó con el Titanic? ¿Qué pasó con el Titanic? ¿Qué pasó con el Titanic? ¿Qué pasó con el Titanic? ¿Qué pasó con el Titanic? ¿Qué pasó con el Titanic? ¿Qué pasó con el Titanic? ¿Qué pasó con el Titanic? ¿Qué pasó con el Titanic? ¿Qué pasó con el Titanic? ¿Qué pasó con el Titanic? ¿Qué pasó con el Titanic? ¿Qué pasó con el Titanic? ¿Qué pasó con el Titanic? ¿Qué pasó con el Titanic? ¿Qué pasó con el Titanic? ¿Qué pasó con el Titanic? ¿Qué pasó con el Titanic? ¿Qué pasó con el Titanic? ¿Qué pasó con el Titanic? ¿Qué pasó con el Titanic? ¿Qué pasó con el Titanic? ¿Qué pasó con el Titanic? ¿Qué pasó con el Titanic? ¿Qué pasó con el Titanic? ¿Qué pasó con el Titanic? ¿Qué pasó con el Titanic? ¿Qué pasó con el Titanic? ¿Qué pasó con el Titanic? ¿Qué pasó con el Titanic? ¿Qué pasó con el Titanic? ¿Qué pasó con el Titanic? ¿Qué pasó con el Titanic? ¿Qué pasó con el Titanic? ¿Qué pasó con el Titanic? ¿Qué pasó con el Titanic? ¿Qué pasó con el Titanic? ¿Qué pasó con el Titanic? ¿Qué pasó con el Titanic? ¿Qué pasó con el Titanic? ¿Qué pasó con el Titanic? ¿Qué pasó con el Titanic? ¿Qué pasó con el Titanic? ¿Qué pasó con el Titanic? ¿Qué pasó con el Titanic? ¿Qué pasó con el Titanic? ¿Qué pasó con el Titanic? ¿Qué pasó con el Titanic? ¿Qué pasó con el Titanic? ¿Qué pasó con el Titanic? ¿Qué pasó con el Titanic? ¿Qué pasó con el Titanic? ¿Qué pasó con el Titanic? ¿Qué pasó con el Titanic? ¿Qué pasó con el Titanic? ¿Qué pasó con el Titanic? ¿Qué pasó con el Titanic? ¿Qué pasó con el Titanic? ¿Qué pasó con el Titanic? ¿Qué pasó con el Titanic? ¿Qué pasó con el Titanic? ¿Qué pasó con el Titanic? ¿Qué pasó con el Titanic? ¿Qué pasó con el Titanic? ¿Qué pasó con el Titanic? ¿Qué pasó con el Titanic? ¿Qué pasó con el Titanic? ¿Qué pasó con el Titanic? ¿Qué pasó con el Titanic? ¿Qué pasó con el Titanic? ¿Qué pasó con el Titanic? ¿Qué pasó con el Titanic? ¿Qué pasó con el Titanic? ¿Qué pasó con el Titanic? ¿Qué pasó con el Titanic? ¿Qué pasó con el Titanic? ¿Qué pasó con el Titanic? ¿Qué pasó con el Titanic? ¿Qué pasó con el Titanic? ¿Qué pasó con el Titanic? ¿Qué pasó con el Titanic? ¿Qué pasó con el Titanic? ¿Qué pasó con el Titanic? ¿Qué pasó con el Titanic? ¿Qué pasó con el Titanic? ¿Qué pasó con el Titanic? ¿Qué pasó con el Titanic? ¿Qué pasó con el Titanic? ¿Qué pasó con el Titanic? ¿Qué pasó con el Titanic? ¿Qué pasó con el Titanic? ¿Qué pasó con el Titanic? ¿Qué pasó con el Titanic? ¿Qué pasó con el Titanic? ¿Qué pasó con el Titanic? ¿Qué pasó con el Titanic? ¿Qué pasó con el Titanic? ¿Qué pasó con el Titanic? ¿Qué pasó con el Titanic? ¿Qué pasó con el Titanic? ¿Qué pasó con el Titanic? ¿Qué pasó con el Titanic? ¿Qué pasó con el Titanic? ¿Qué pasó con el Titanic? ¿Qué pasó con el Titanic? ¿Qué pasó con el Titanic? ¿Qué pasó con el Titanic? ¿Qué pasó con el Titanic? ¿Qué pasó con el Titanic? ¿Qué pasó con el Titanic? ¿Qué pasó con el Titanic? ¿Qué pasó con el Titanic? ¿Qué pasó con el Titanic? ¿Qué pasó con el Titanic? ¿Qué pasó con el Titanic? ¿Qué pasó con el Titanic? ¿Qué pasó con el Titanic? ¿Qué pasó con el Titanic? ¿Qué pasó con el Titanic? ¿Qué pasó con el Titanic? ¿Qué pasó con el Titanic? ¿Qué pasó con el Titanic? ¿Qué pasó con el Titanic? ¿Qué pasó con el Titanic? ¿Qué pasó con el Titanic? ¿Qué pasó con el Titanic? ¿Qué pasó con el Titanic? ¿Qué pasó con el Titanic? ¿Qué pasó con el Titanic? ¿Qué pasó con el Titanic? ¿Qué pasó con el Titanic? ¿Qué pasó con el Titanic? ¿Qué pasó con el Titanic? ¿Qué pasó con el Titanic? ¿Qué pasó con el Titanic? ¿Qué pasó con el Titanic? ¿Qué pasó con el Titanic? ¿Qué pasó con el Titanic? ¿Qué pasó con el Titanic? ¿Qué pasó con el Titanic? ¿Qué pasó con el Titanic? ¿Qué pasó con el Titanic? ¿Qué pasó con el Titanic? ¿Qué pasó con el Titanic? ¿Qué pasó con el Titanic? ¿Qué pasó con el Titanic? ¿Qué pasó con el Titanic? ¿Qué pasó con el Titanic? ¿Qué pasó con el Titanic? ¿Qué pasó con el Titanic? ¿Qué pasó con el Titanic? ¿Qué pasó con el Titanic? ¿Qué pasó con el Titanic? ¿Qué pasó con el Titanic? ¿Qué pasó con el Titanic? ¿Qué pasó con el Titanic? ¿Qué pasó con el Titanic? ¿Qué pasó con el Titanic? ¿Qué pasó con el Titanic? ¿Qué pasó con el Titanic? ¿Qué pasó con el Titanic? ¿Qué pasó con el Titanic? ¿Qué pasó con el Titanic? ¿Qué pasó con el Titanic? ¿Qué pasó con el Titanic? ¿Qué pasó con el Titanic? ¿Qué pasó con el Titanic? ¿Qué pasó con el Titanic? ¿Qué pasó con el Titanic? ¿Qué pasó con el Titanic? ¿Qué pasó con el Titanic? ¿Qué pasó con el Titanic? ¿Qué pasó con el Titanic? ¿Qué pasó con el Titanic? ¿Qué pasó con el Titanic? ¿Qué pasó con el Titanic? ¿Qué pasó con el Titanic? ¿Qué pasó con el Titanic? ¿Qué pasó con el Titanic? ¿Qué pasó con el Titanic? ¿Qué pasó con el Titanic? ¿Qué pasó con el Titanic? ¿Qué pasó con el Titanic? ¿Qué pasó con el Titanic? ¿Qué pasó con el Titanic? ¿Qué pasó con el Titanic? ¿Qué pasó con el Titanic? ¿Qué pasó con el Titanic? ¿Qué pasó con el Titanic? ¿Qué pasó con el Titanic? ¿Qué pasó con el Titanic? ¿Qué pasó con el Titanic? ¿Qué pasó con el Titanic? ¿Qué pasó con el Titanic? ¿Qué pasó con el Titanic? ¿Qué pasó con el Titanic? ¿Qué pasó con el Titanic? ¿Qué pasó con el Titanic? ¿Qué pasó con el Titanic? ¿Qué pasó con el Titanic? ¿Qué pasó con el Titanic? ¿Qué pasó con el Titanic? ¿Qué pasó con el Titanic? ¿Qué pasó con el Titanic? ¿Qué pasó con el Titanic? ¿Qué pasó con el Titanic? ¿Qué pasó con el Titanic? ¿Qué pasó con el Titanic? ¿Qué pasó con el Titanic? ¿Qué pasó con el Titanic? ¿Qué pasó con el Titanic? ¿Qué pasó con el Titanic? ¿Qué pasó con el Titanic? ¿Qué pasó con el Titanic? ¿Qué pasó con el Titanic? ¿Qué pasó con el Titanic? ¿Qué pasó con el Titanic? ¿Qué pasó con el Titanic? ¿Qué pasó con el Titanic? ¿Qué pasó con el Titanic? ¿Qué pasó con el Titanic? ¿Qué pasó con el Titanic? ¿Qué pasó con el Titanic? ¿Qué pasó con el Titanic? ¿Qué pasó con el Titanic? ¿Qué pasó con el Titanic? ¿Qué pasó con el Titanic? ¿Qué pasó con el Titanic? ¿Qué pasó con el Titanic? ¿Qué pasó con el Titanic? ¿Qué pasó con el Titanic? ¿Qué pasó con el Titanic? ¿Qué pasó con el Titanic?",
        "kind": "online_video",
        "file_number": "36",
        "filename": "6 5 Criticas a la P F-wav.json",
        "url": "https://www.youtube.com/watch?v=x-7Zs0iUAhg&t=260s",
        "source": "6 5 Criticas a la P F-wav"
    }
]