[
    {
        "number": 1,
        "timestamp_start": "00:00:00,000",
        "timestamp_end": "00:02:01,120",
        "text": "A pesar de las críticas, el modelo keynesiano funcionó de manera efectiva. Los países implementaron medidas keynesianas que permitieron estimular la economía. Keynes, en cierto modo, se podría comparar con alguien que inventó un \"botón rojo\" para acelerar la economía cuando esta se encontraba en problemas. Los políticos, sin embargo, abusaron de este \"botón rojo\" provocando un crecimiento acelerado de las economías europeas. En ese momento, muchos pensadores económicos consideraban que el mundo era predominantemente keynesiano. \n\nPosteriormente, un economista llamado Phillips intentó demostrar empíricamente que el mundo seguía los principios keynesianos. Analizó la relación entre precios, salarios, PIB y desempleo, representados en una función agregada. Phillips transformó la función agregada keynesiana para mostrar la relación entre el desempleo y la inflación, lo cual se conoce como la curva de Phillips.",
        "old_text": "A pesar de todas las críticas, el modelo keynesiano funcionó de maravilla. De maravilla, de maravilla, de maravilla, de maravilla, ¿no? Los países aplicaron medidas keynesianas, acordaros, ¿eh? De algún modo Keynes, ¿qué había hecho? Había inventado el botón rojo del turbo del coche, ¿no? Que era, si la economía está jodida, aprietas el botón rojo y el coche se va a acelerar mogollón, ¿no? Problemón, los políticos les gustan los dos botones rojos y estaban todo el día dando el botón rojo, ¿no? Pero claro, el coche aceleró mogollón. Las economías europeas crecieron como nunca habían crecido, ¿no? Todo el mundo pensaba que el mundo, ostras, que iba a ser genial, que iba a ser genial, que iba a ser genial, ¿no? Tanto era así, tanto era así, que, claro, muchos pensadores económicos, dijeron, ostras, realmente, no dudemos, el mundo es keynesiano. Y hay un tío súper interesante, que se llama Phillips, ¿vale? Que el tío, fijaros qué alucinante, intentó demostrar que el mundo empíricamente era keynesiano. Empíricamente, bueno, entonces, ¿qué estamos discutiendo? Si el mundo es keynesiano. Vale, entonces, ¿qué hizo Phillips? Phillips dijo, a ver, la función agregada de Keynes dice, por un lado, precios, salarios, PIB, ¿no? Y la función agregada tiene esta forma de aquí, ¿no? Más o menos, ¿no? ¿Vale? Aquí hay un paro masivo. Aquí estamos en la plena ocupación. ¿Vale? Punto B y punto A, ¿no? Esta es la oferta agregada keynesiana, ¿no? ¿Vale? Phillips la va a transformar. Fijaros lo que va a hacer Phillips.",
        "kind": "online_video",
        "file_number": "37",
        "filename": "6 6 Las aportaciones de Phillips-wav.json",
        "url": "https://www.youtube.com/watch?v=cwHmVpLOqas&t=0s",
        "source": "6 6 Las aportaciones de Phillips-wav"
    },
    {
        "number": 2,
        "timestamp_start": "00:02:01,120",
        "timestamp_end": "00:03:33,960",
        "text": "La función de Phillips relaciona la tasa de desempleo con la tasa de inflación en una economía. Muestra una relación inversa entre la tasa de desempleo y la tasa de inflación. Cuando la tasa de desempleo es alta, la tasa de inflación tiende a ser baja, y viceversa. Esto se debe a que en períodos de alto desempleo, la demanda de bienes y servicios es baja, lo que limita la capacidad de las empresas para aumentar los precios. Por otro lado, en períodos de baja desocupación, la demanda es alta, lo que puede llevar a un aumento de los precios.\n\nLa curva de Phillips muestra este trade-off entre la inflación y el desempleo. Muestra que los países no pueden tener simultáneamente una inflación muy baja y una tasa de desempleo muy baja. Existe una relación inversa entre estos dos indicadores en el corto plazo. Cuando la economía se acerca al pleno empleo, la inflación tiende a aumentar.\n\nEs importante tener en cuenta que la curva de Phillips es una representación gráfica de la relación entre la tasa de desempleo y la tasa de inflación en una economía en un momento dado. Esta relación puede variar en el tiempo debido a diversos factores económicos y políticos.",
        "old_text": "Va a coger y dice, vale, yo en cambio voy a poner niveles de precios, ¿vale? Esto es la función de Phillips, ¿no? En cambio voy a poner niveles de precios, voy a poner aquí, inflación. Variación de precios. Y en cambio voy a poner aquí PIBs, voy a poner aquí tasa de paro. Unemployment. ¿Vale? Y de hecho, la plena ocupación estará aquí. ¿Vale? Esto es tasa de paro enorme. Y a medida que te vas acercando es plena ocupación. ¿Vale? Fijaros lo que nos dice esta función. Nos dice que si el paro es enorme, la inflación es bajísima, ¿no? Casi no se mueven los precios, ¿lo veis? Estamos casi en el mismo nivel de precios, ¿no? Por lo tanto, si el paro es enorme, estás por aquí. Y esto va haciendo así. Y a medida que te acercas a la plena ocupación, la inflación empieza a aumentar. ¡Uepala! ¿No? Cuando estás en plena ocupación, esto se dispara, ¿no? Esto es lo mismo, ¿lo veis? Es como si yo pudiera doblar la pizarra y dibujarlo de esta manera. Es lo mismo. ¿Vale? Pero aquí nos está mostrando una historia curiosa. Hay un trade-off, ¿no? Los países o tienen inflaciones o tienen paro. No pueden elegir no tener inflación y no tener tasa de paro. Eso es imposible. ¿Vale? Esta es la función. Esto la vamos a llamar función de Phillips. Vale, pues fijaros lo que hizo este tipo. Cogió datos para el Reino Unido. De inflación y de paro desde 1800 no sé cuántos hasta 1950 y pico.",
        "kind": "online_video",
        "file_number": "37",
        "filename": "6 6 Las aportaciones de Phillips-wav.json",
        "url": "https://www.youtube.com/watch?v=cwHmVpLOqas&t=121s",
        "source": "6 6 Las aportaciones de Phillips-wav"
    },
    {
        "number": 3,
        "timestamp_start": "00:03:33,960",
        "timestamp_end": "00:04:07,620",
        "text": "La gran aportación de Phillips fue demostrar que el mundo es keynesiano. Phillips tomó datos y los utilizó en una función, lo que confirmó que el mundo seguía los principios de la teoría keynesiana. Esto llevó a la conclusión de que, si el mundo es keynesiano, debemos analizar la economía desde esa perspectiva.",
        "old_text": "Y los empezó a meter aquí. ¿Vale? Empezó a poner los datos. Luego cogió estos datos y los puso en esta función. Flipante. Y salió una nube de puntos donde confirmaba que el mundo era keynesiano. Claro, la gran aportación de Phillips es demostrar que el mundo es keynesiano. Por tanto, ¿qué queremos discutir? Si el mundo es keynesiano, tíos. ¿Vale? Se le encendió la bombilla. Pero, fijaros qué le pasó. Gracias.",
        "kind": "online_video",
        "file_number": "37",
        "filename": "6 6 Las aportaciones de Phillips-wav.json",
        "url": "https://www.youtube.com/watch?v=cwHmVpLOqas&t=213s",
        "source": "6 6 Las aportaciones de Phillips-wav"
    }
]