[
    {
        "number": 1,
        "timestamp_start": "00:00:00,000",
        "timestamp_end": "00:02:12,020",
        "text": "La función de Phillips es una relación empírica que muestra la supuesta relación inversa entre la tasa de desempleo y la tasa de inflación en una economía. En el caso de Estados Unidos, se observa que hasta el año 1970 esta relación parecía seguir un patrón predecible, pero a partir de ese año se produjeron cambios significativos en la economía que rompieron con esa tendencia.\n\nEn un contexto keynesiano, se parte de la premisa de que el Estado puede y debe intervenir en la economía para promover el pleno empleo y la estabilidad de los precios. En este sentido, se busca mantener un equilibrio entre la oferta y la demanda agregada, de manera que la economía funcione de manera estable y con baja inflación.\n\nSin embargo, cuando se produce un aumento repentino en la demanda agregada, ya sea por eventos como la organización de campeonatos deportivos mundiales u otras razones, se genera un desequilibrio en la economía. Esto puede llevar a un aumento en la inflación si la oferta agregada no es capaz de satisfacer la creciente demanda, lo que a su vez puede afectar negativamente el nivel de empleo y la estabilidad económica.\n\nEn el caso mencionado, se destaca que a partir de la década de 1970, la economía experimentó cambios significativos que rompieron con las teorías keynesianas tradicionales. Estos cambios pueden haber estado relacionados con la aparición de nuevas corrientes económicas, crisis económicas o eventos globales que alteraron el funcionamiento de la economía a nivel mundial.",
        "old_text": "Todo fue genial, todo fue genial. Hasta que un día ocurrió esto. Esto es la función de Phillips para Estados Unidos. Fijaros, año 60 es perfecta. ¿Veis? 61, 62, 63, 64. Es perfecto, es perfecto, es perfecto. ¿Lo veis? Pero a partir del año 70, del 70, el mundo se volvió loco. En el año 70 el mundo se volvió loco. El mundo dejó de ser keynesiano. Por lo tanto, claro, por suerte Keynes, yo creo que ya se había muerto. Porque si no, ¡crack!, ¿no? Se mata. ¿Vale? ¿Qué ocurrió? El mundo dejó de ser keynesiano. ¿Qué ocurrió? Vamos a analizar qué es lo que ocurrió. ¿Vale? Antes de analizar qué es lo que ocurrió, vamos a intentar ver qué es lo que ocurrió. Vamos a ver lo fácil que es ser ministro en un mundo que es keynesiano. En un mundo keynesiano, ponemos aquí precios, salarios, ponemos aquí PIB, ¿vale? Y tenemos una oferta agregada como esta. Y tenemos una demanda agregada como esta. ¿Vale? Y por lo tanto, estamos ante un punto de equilibrio, que vamos a llamarle E, donde imaginémonos que estás en la plena ocupación y nos vamos a imaginar que la inflación es muy suave, 3%. ¿Vale? Entonces estás tranquilo, ¿no? Todo va bien, estás tranquilo, todo bien. Y de golpe te llaman por teléfono y te dicen, ¡ministro, ministro! Por lo tanto, ¿qué es lo que ocurrió? Por lo que, yo qué sé, por lo que sea, ¿no? Ha habido una euforia, ¿vale? Hemos hecho unos campeonatos de natación mundiales en nuestra ciudad, yo qué sé, lo que sea, ¿no? Pero te dicen, la demanda agregada se ha disparado.",
        "kind": "online_video",
        "file_number": "38",
        "filename": "6 7 Años 70 El mundo deja de ser Keynesiano-wav.json",
        "url": "https://www.youtube.com/watch?v=YThVQW0fDuo&t=0s",
        "source": "6 7 Años 70 El mundo deja de ser Keynesiano-wav"
    },
    {
        "number": 2,
        "timestamp_start": "00:02:12,020",
        "timestamp_end": "00:03:49,180",
        "text": "En el análisis macroeconómico, es fundamental comprender los diferentes puntos de equilibrio de una economía. Por ejemplo, al pasar del punto E al punto J, se puede observar un escenario de plena ocupación, donde la economía está operando a su máxima capacidad. En este punto, si se presenta una inflación del 15%, es necesario tomar medidas para contrarrestarla.\n\nUna de las estrategias sugeridas por Keynes en caso de euforia económica y alta inflación es aumentar los impuestos y disminuir el gasto público. Estas medidas buscan enfriar la economía y controlar la inflación. Al implementar estas acciones, se puede volver al punto de equilibrio inicial, en este caso, al punto E.\n\nPor otro lado, si la economía entra en recesión y se observa un aumento significativo en el desempleo, es necesario actuar para estimular la demanda agregada. En este caso, se recomienda aumentar el gasto público y reducir los impuestos. Estas medidas buscan impulsar la actividad económica y generar empleo, llevando nuevamente a la economía al punto de equilibrio en el nivel de pleno empleo (punto E).\n\nEn resumen, el análisis macroeconómico implica la comprensión de los diferentes escenarios económicos y la aplicación de políticas fiscales adecuadas para mantener la estabilidad y el crecimiento económico.",
        "old_text": "Y has pasado del punto E al punto J, ¿vale? Claro, aquí no puedes estar, ¿no? Porque esto es la plena ocupación. ¿Cómo se traduce esto con una inflación? ¿Vale? Te llaman y te dicen, ¡ministro, ministro! Tenemos una inflación del 15%. Y tú dices, ¡inflación! ¡Qué mal rollo! ¡15%! ¡Qué mal rollo! ¿No? Te envías los apuntes, ¿no? Buscas Keynes, ¿qué le decía este tío? Vale, en caso de euforia económica, aumenta este, los impuestos, disminuye el gasto público, ¿vale? Y tú coges y rápidamente lo haces, ¿vale? Aumentas los impuestos, disminuyes el gasto público, ¿vale? Ya está, no ha pasado nada, ¿lo veis? Has vuelto al punto E. Genial. ¿No? Que no otro momento dado. O que en este momento te has pasado de vueltas, ¿no? Has castigado demasiado a la gente y de golpe la demanda agregada, ¡buah! Cae en picado. ¿Vale? Y pasas al punto K. ¿No? Te llaman por teléfono, ¡ministro, ministro! Un millón de parados, ¿no? Dices, ¡ostia! ¡Qué mal rollo! ¡Qué mal rollo! Un millón de parados, ¿no? Coges, miras los apuntes, ¿qué hay que hacer? Pues en caso de que estés en una recesión, que es el caso, ¿no? ¿Vale? ¿Qué tienes que hacer? Pues aumentar el gasto público, reducir los impuestos. Y lo haces, ¿no? Y lo haces. Y, genial, ¿no? Vuelves al punto E de equilibrio. ¿Veis que es relativamente fácil? ¿Vale? Es fácil, ¿no? ¿Y entonces qué pasó? Por otro, sabéis que... Os voy a explicar dos cosas, ¿vale? La primera es mentira, pero es la que todo Dios explica.",
        "kind": "online_video",
        "file_number": "38",
        "filename": "6 7 Años 70 El mundo deja de ser Keynesiano-wav.json",
        "url": "https://www.youtube.com/watch?v=YThVQW0fDuo&t=132s",
        "source": "6 7 Años 70 El mundo deja de ser Keynesiano-wav"
    },
    {
        "number": 3,
        "timestamp_start": "00:03:49,180",
        "timestamp_end": "00:05:25,560",
        "text": "La Segunda Guerra Mundial tuvo un impacto significativo en un grupo de personas llamadas judíos, quienes fueron gravemente afectados por los alemanes. Tras la guerra, los judíos buscaron un territorio propio y la ONU les otorgó uno. Sin embargo, este territorio ya estaba habitado, lo que generó conflictos con la población local. En un momento sorpresivo, se produjeron conflictos territoriales con Egipto, Israel, Jordania y Siria.",
        "old_text": "Por lo tanto, ¿por qué no? ¿No? Os la voy a explicar. Es la morbosa, es la que todo el mundo entiende y es la que os acordaréis, toda la vida. Pero no es cierta. ¿Vale? Y luego os explicaré la verdad y la verdad ni es morbosa, ni es atractiva, ni tiene nada, ¿no? Es como aburrida, ¿no? Entonces vamos a empezar con la primera, ¿no? ¿Todos sabéis que se acaba la Segunda Guerra Mundial? Y en la Segunda Guerra Mundial han fastidiado mogollón, pero mogollón, a un grupo de gente que se llaman judíos, ¿no? Son judíos. Y los han jodido vivos, ¿no? Los alemanes se han pasado mogollón con ellos, ¿no? Y entonces estos tíos reivindican que quieren tener un territorio propio y Naciones Unidas le da un territorio propio. Problema. El territorio que le dan, ahí hay gente. Hay gente, ¿no? Entonces, déjame sitio, ¿no? Y otro, ¿qué haces en mi casa? Que me dejes sitio, ¿no? Y se provocó un conflicto importante, muy importante, ¿no? ¿Vale? Ese conflicto, por lo que sea, ¿no? Yo no voy a entrar aquí en, en la Segunda Guerra Mundial, en discusiones y valorar cosas, ¿no? Pero por lo que sea, ¿no? Parece ser que los israelitas no tenían bastante con los territorios que les habían dado en la ONU y entonces en el año, creo que, 69 o 68 o 67, no estoy seguro de lo que digo, ¿vale? De forma sorpresiva, de forma sorpresiva, ¡chac! Le cogen un trozo a Egipto, ¡crac! Un trozo a Israel, a Jordania, a Siria, ¿no? Y se apoderan de esta historia.",
        "kind": "online_video",
        "file_number": "38",
        "filename": "6 7 Años 70 El mundo deja de ser Keynesiano-wav.json",
        "url": "https://www.youtube.com/watch?v=YThVQW0fDuo&t=229s",
        "source": "6 7 Años 70 El mundo deja de ser Keynesiano-wav"
    },
    {
        "number": 4,
        "timestamp_start": "00:05:25,560",
        "timestamp_end": "00:07:11,500",
        "text": "En el año 1973, los países árabes, liderados por la OPEP, decidieron aumentar drásticamente el precio del petróleo. Esta decisión tuvo un impacto significativo en la economía occidental. Al multiplicarse por tres el precio del petróleo de un día para otro, se generó una crisis energética a nivel mundial. \n\nEste aumento repentino en el precio del petróleo provocó una inflación descontrolada en los países occidentales, ya que el petróleo es un insumo fundamental en la producción de bienes y servicios. La inflación resultante afectó negativamente el poder adquisitivo de los ciudadanos, disminuyendo su capacidad de compra y generando un deterioro en la economía.\n\nAdemás, esta crisis energética tuvo repercusiones en el desempleo, ya que muchas empresas se vieron obligadas a reducir su producción o incluso cerrar debido al aumento de los costos de producción. Esto llevó a un incremento en la tasa de desempleo en los países afectados, causando inestabilidad económica y social.\n\nEn resumen, el aumento repentino en el precio del petróleo en 1973, como consecuencia de la decisión de la OPEP, desencadenó una crisis energética que tuvo efectos negativos en la economía occidental, tales como inflación, desempleo y disminución del poder adquisitivo de los ciudadanos.",
        "old_text": "¿Vale? Y se quedan tan tranquilos, ¿no? Claro, tan tranquilos no, ¿no? Porque los árabes están muy moscas, ¿no? Muy, muy moscas, muy moscas, muy moscas, ¿no? Pero claro, Israel está apoyado por una gran potencia que es Estados Unidos y por muchos países que son occidentales, ¿no? y por muchos países que son occidentales, ¿no? Entonces, los países árabes, de forma secreta, ellos se creen que es de forma secreta, ¿no? ¿Vale? Se organizan y en el año 63 intentan recuperar estos territorios, ¿vale? Con la guerra que se llama del Yom Kippur, que no va de Yom Kis, ¿eh? ¿Vale? Va de el día del perdón, que el primer día habéis elegido, ¿no? ¿Vale? Lo intentan y no lo consiguen. No lo consiguen. ¿Vale? Israel es demasiado fuerte. El apoyo es demasiado bestia, ¿no? La frustración del pueblo árabe es enorme. Enorme. Pero ese mismo año, el año 63, en Ginebra hay una reunión. De los países productores de petróleo. La OPEP. Y en esa reunión hay un tipo, que se llama Yamani, que es el ministro de petróleo de Arabia Saudí. Y dice: \"Ey, colegas, colegas, colegas, ¿os habéis dado cuenta de una cosa? Que nosotros controlamos la producción de petróleo a nivel mundial, y que esos imbéciles que no nos están apoyando dependen del petróleo. ¿Vale? Vamos a darles\". Y se les ocurre, atención a lo que os digo, en un día, de un día a otro, el precio del petróleo se multiplicó por tres. Vamos a ver qué consecuencias tuvo eso sobre la economía occidental.",
        "kind": "online_video",
        "file_number": "38",
        "filename": "6 7 Años 70 El mundo deja de ser Keynesiano-wav.json",
        "url": "https://www.youtube.com/watch?v=YThVQW0fDuo&t=325s",
        "source": "6 7 Años 70 El mundo deja de ser Keynesiano-wav"
    },
    {
        "number": 5,
        "timestamp_start": "00:07:11,500",
        "timestamp_end": "00:09:15,420",
        "text": "Vamos a analizar la estructura de costes de una empresa, tomando como ejemplo a Volkswagen. En el corto plazo, la empresa tiene costes que varían en función de la cantidad de producción de coches. Si representamos esta relación en un gráfico, podríamos observar que al fabricar mil coches, los costes son de 300, al fabricar dos mil coches los costes ascienden a 500, y al fabricar tres mil coches los costes aumentan a 700. \n\nSin embargo, si el precio del petróleo se dispara, como sucedió en este caso, los costes de producción se incrementan. Esto provoca un aumento en la función de costes, es decir, fabricar mil coches ahora puede costar 600, dos mil coches pueden costar 900, y tres mil coches pueden costar aún más. Este fenómeno se conoce como un shock de oferta, donde los costes aumentan y la oferta disminuye, lo que a su vez puede generar inflación de costes. \n\nEs importante entender cómo estos cambios en los costes de producción pueden afectar a una empresa y a la economía en general.",
        "old_text": "¿Vale? Entonces vamos a imaginarnos la estructura de costes de cualquier empresa. Vamos a imaginarnos, por imaginar, pues de la Volkswagen. ¿Vale? La Volkswagen tenía una estructura de costes de corto plazo, ¿vale? Que era, vamos a poner aquí costes, y vamos a poner aquí producción de coches, ¿eh? Pues tenía una forma más o menos, yo que sé, me la invento, ¿eh? Como esto, ¿no? Y eso significaba que a ellos, a ellos, pues, eh, fabricar mil coches les costaba, me lo invento, ¿eh? No tengo ni idea, trescientos, si queríamos fabricar dos mil coches, pues esto nos costaba, eh, quinientos, ¿vale? Eh, dos mil, y si queríamos fabricar tres mil coches, pues esto ya nos costaba bastante más, ¿no? Setecientos, ¿no? Pero el golpe, claro, ¿qué ha pasado? Que el precio del petróleo se ha disparado. Por lo tanto, nuestros costes se han disparado. ¿Lo veis? ¿Qué ha pasado con la función de costes? Que ha subido. ¿No? ahora, eh, mil, fabricar mil coches, claro, nos cuesta seiscientos, ¿lo veis? Eh, fabricar dos mil coches, nos cuesta la tira, eh, nos cuesta nuevecientos, ¿no? Y fabricar tres mil coches nos cuesta la tira, ¿no? ¿Lo veis? Ha caído la oferta. Ha caído la oferta. Es un shock de oferta. Ha caído la oferta. Han aumentado los costes. ¿Veis? Inflación de oferta. ¿Os acordáis de la inflación de oferta? Inflación de costes. ¡Qué mal rollo! ¡Qué mal rollo! Porque ahora, quiero que veáis algo que se enfrentó el Ministro de Economía.",
        "kind": "online_video",
        "file_number": "38",
        "filename": "6 7 Años 70 El mundo deja de ser Keynesiano-wav.json",
        "url": "https://www.youtube.com/watch?v=YThVQW0fDuo&t=431s",
        "source": "6 7 Años 70 El mundo deja de ser Keynesiano-wav"
    },
    {
        "number": 6,
        "timestamp_start": "00:09:15,420",
        "timestamp_end": "00:11:21,340",
        "text": "El Ministro de Economía de cualquier país en aquel momento se enfrentaba a la tarea de mantener el equilibrio en la economía. Tenía que manejar aspectos como los precios, los salarios, el Producto Interno Bruto (PIB), la demanda agregada y la oferta. El objetivo era lograr un punto de equilibrio con plena ocupación y una inflación del 3%. Sin embargo, en cierto momento, la oferta disminuyó y los costes aumentaron, lo que provocó un aumento en la inflación.\n\nAnte esta situación, el Ministro tuvo que tomar medidas para contrarrestar la inflación. Una de las acciones que se menciona es la de disminuir la demanda agregada, lo cual se puede lograr a través de la reducción del gasto público y el aumento de impuestos. Estas medidas buscan devolver la inflación a niveles aceptables y restablecer el equilibrio en la economía.\n\nEs importante destacar que en el análisis macroeconómico, factores como el desempleo y la inflación son indicadores clave que deben ser monitoreados de cerca para tomar decisiones acertadas en la gestión económica de un país.",
        "old_text": "¿Vale? El Ministro de Economía de cualquier país de aquel momento, ¿vale?, tenía ... ¿Vale? Vamos a dibujar, vamos a intentar reproducir aquello, eh. ... Precios, salarios, PIP, una función de demanda como ésta, ... demanda agregada, y tenía una función de oferta como ésta de aquí. ... Y, por lo tanto, tenía un punto de equilibrio, que era éste de aquí, ¿no? Plena ocupación, ¿vale? Y una inflación del 3%, ¿no? En teoría, en teoría, esto es lo mismo que ésto, ¿vale? Este es el punto, eh. Pero, ¿de golpe qué pasó? ¿De golpe lo que pasó? Es que cayó la oferta. Cayó la oferta. Aumentaron los costes, ¿no? Fijaros, eh. ... Llaman por teléfono al Ministro. ¡Ministro! ¡Ministro! ¡Ministro! Que tenemos una inflación del 15%, ¿no? ¡Ahhh! Porque hemos pasado al punto... L. ¿Vale? Y el Ministro, claro, flipa. Que una inflación del 15%, ¿no? Se mira los apuntes, ... ¿no? Que dice este tipo el qué, en caso de inflación, castiga usted, ¿no? El gasto público, aumente los impuestos, ¿vale? Y el Ministro lo hace, ¿vale? Lo hace. ... Disminuye la demanda agregada, ¿no? Disminuye la demanda agregada para conseguir que la inflación vuelva a estar en su sitio. ¿Vale? Eh... ... Eso es. ¿Vale? Ya está. ¡Fantástico! ¡Fantástico! Hemos pasado al punto P. El punto P nada. ¿Por qué? Porque te llaman por teléfono y te dicen: ¡Ministro! ¡Ministro! ¡Qué mal rollo! Dos millones de parados, ¿no? Claro, tú no entiendes nada, ¿no? Tú no entiendes nada.",
        "kind": "online_video",
        "file_number": "38",
        "filename": "6 7 Años 70 El mundo deja de ser Keynesiano-wav.json",
        "url": "https://www.youtube.com/watch?v=YThVQW0fDuo&t=555s",
        "source": "6 7 Años 70 El mundo deja de ser Keynesiano-wav"
    },
    {
        "number": 7,
        "timestamp_start": "00:11:21,340",
        "timestamp_end": "00:12:57,320",
        "text": "En caso de recesión, es importante estimular la demanda agregada para impulsar la economía. Esto se puede lograr aumentando el gasto público y disminuyendo los impuestos. Sin embargo, es fundamental identificar si el problema radica en la demanda o en la oferta. En situaciones donde el shock es de oferta, es decir, cuando los problemas económicos se deben a un aumento de costes y una caída en la oferta, las políticas a implementar deben estar enfocadas en resolver estas cuestiones. \n\nEs crucial diferenciar entre inflación de demanda e inflación de oferta para aplicar las medidas adecuadas. En el caso de una inflación del 30%, es esencial determinar si se trata de un problema de demanda o de oferta. Si se está enfrentando una inflación de oferta, como podría ser el caso de un aumento en los costes de producción debido a factores externos como el precio del petróleo, las políticas para combatirla deben estar dirigidas a mejorar la oferta y reducir los costes. \n\nEn resumen, es fundamental analizar la naturaleza de los problemas económicos para implementar las políticas macroeconómicas más adecuadas en cada situación, ya sea estimulando la demanda en caso de recesión o mejorando la oferta en caso de inflación provocada por factores externos.",
        "old_text": "... Pues en caso de recesión, ¿qué tengo que hacer? Estimule usted la demanda agregada, ¿no? Aumente el gasto público, disminuya los impuestos, ¿no? Y tú dices: \"Vale, vale, lo hago, lo hago\", ¿no? Porque, claro, estás a punto de que te van a echar, ¿no? Coges y lo haces, ¿no? ... Tienes que aumentar la demanda agregada para conseguir que esto se vaya, ¿no? Vale, lo hago. ¡Tac, tac! ¡Ya está! ¡Fantástico! ¿Veis? Ya vuelvo a estar en plena ocupación. ¿No? El punto... ... ... ¿vale? ... ¡Ministro! ¡Ministro! La inflación... ... está en el 30%... ... ya te han echado, ¿eh? Está en el 30%. ¿Veis? Ese es el problemón. ¡Oepa! ¿Qué pasó? ¿Qué pasó? Que estaban aplicando políticas... ... de demanda... ... cuando el shock era de oferta. ¿Veis la jugada? Están aplicando políticas de demanda cuando el problema es de oferta. No es de demanda, es de oferta. Pues... ... ante un shock de oferta... ... tienes que aplicar... ... políticas de oferta. ¿Cuál es la causa... ... de tus problemas? ¿Que han aumentado los costes y ha caído la oferta? Pues tienes que llevar a cabo medidas... ... que reduzcan los costes... ... y que aumenten la oferta. Esa es la idea. ¿Vale? ¿Y por qué no lo hicieron? ¡Nunca! Hasta aquel momento había una inflación de oferta. ¡Era inflación! Por lo tanto, ellos no sabían que era inflación de oferta. Luego se analiza y dices: \"Pero el problema es el petróleo... ... estos árabes, que malos, que tal...",
        "kind": "online_video",
        "file_number": "38",
        "filename": "6 7 Años 70 El mundo deja de ser Keynesiano-wav.json",
        "url": "https://www.youtube.com/watch?v=YThVQW0fDuo&t=681s",
        "source": "6 7 Años 70 El mundo deja de ser Keynesiano-wav"
    },
    {
        "number": 8,
        "timestamp_start": "00:12:57,320",
        "timestamp_end": "00:14:17,320",
        "text": "El precio del petróleo se disparó en 1973 debido a la crisis del petróleo, que fue provocada por la decisión de la OPEP (Organización de Países Exportadores de Petróleo) de aumentar significativamente los precios del petróleo. Esta crisis tuvo un impacto importante en la economía mundial, ya que muchos países dependían en gran medida del petróleo para su funcionamiento. La crisis del petróleo de 1973 llevó a una recesión global y a un aumento de la inflación en muchos países. \n\nEn cuanto a la relación entre el precio del petróleo y los eventos geopolíticos, es importante tener en cuenta que los cambios en el precio del petróleo a menudo están influenciados por factores como la oferta y la demanda, así como por eventos políticos y conflictos en las regiones productoras de petróleo. La inestabilidad en estas regiones puede llevar a una mayor volatilidad en los precios del petróleo, lo que a su vez puede afectar a las economías de todo el mundo. \n\nEn el ámbito de la macroeconomía, el precio del petróleo es un factor crucial a tener en cuenta, ya que puede impactar en la inflación, el crecimiento económico y la balanza comercial de un país. Los aumentos bruscos en el precio del petróleo suelen traducirse en mayores costos de producción y transporte, lo que puede llevar a un aumento de los precios al consumidor y a una desaceleración en la actividad económica. Por otro lado, una caída en el precio del petróleo puede tener efectos positivos en la economía, ya que reduce los costos para las empresas y los consumidores, lo que puede estimular el crecimiento económico. \n\nEn resumen, el precio del petróleo es un elemento fundamental en el análisis macroeconómico, y su evolución puede tener importantes implicaciones para la economía a nivel global.",
        "old_text": "... que no sé qué, que no sé cuántos... ¿No? ¿Vale? Por lo tanto... ... la culpa de todo quien la tiene... ... los árabes. Claro, fijaros... ... nos fastidian los años 70... ... en el año 2001... ... se cargan las torres éstas, ¿no? Las gemelas... ... son malos, estos tíos son malos, ¿no? Hablan un idioma que no nos enteramos de nada... Yo vivo en el barrio de los Paquis... ... van disfrazados, ¿no? Los tíos van disfrazados todo el día... ... van allí con unas barbas... ... te da miedo, ¿no? Yo salgo por la mañana... ... digo: \"Ostras, salgo y paso por delante de una mezquita... ... que es donde pillaron, no sé si os acordáis... ... hace 5 años, unos tíos que dijeron que eran... ... terroristas, vino la Guardia Civil, se los llevaba a todos... ... los geos... ... luego no ha pasado nada, que era una buena gente... ... que no hacían nada, porque resulta que tenían... ... creo que era en el lavabo una pasta de dientes... ... que se pensaban que aquello era goma 28... ¿No? ¿Vale? Pero bueno, huelen mal... ... leen el Corán... ... es mala gente, es mala gente, es mala gente... ... es mala gente... Vale, ok, ya... ... aceptemos que son mala gente, pero... ... pero... ... yo solo tengo una duda, ¿eh? ¿Cuándo, cuándo... ... cuándo... ... subieron el precio de petróleo... ... estos tíos? En el 63, ¿no? ... ... en el 63, ¿cuándo petró el mundo? ...",
        "kind": "online_video",
        "file_number": "38",
        "filename": "6 7 Años 70 El mundo deja de ser Keynesiano-wav.json",
        "url": "https://www.youtube.com/watch?v=YThVQW0fDuo&t=777s",
        "source": "6 7 Años 70 El mundo deja de ser Keynesiano-wav"
    },
    {
        "number": 9,
        "timestamp_start": "00:14:17,320",
        "timestamp_end": "00:15:31,320",
        "text": "En los años 60, el mundo occidental vivía en una época de bonanza económica, según John Kenneth Galbraith, discípulo de Keynes. Durante este periodo, dos agentes económicos clave perdieron el control: las multinacionales y los sindicatos. Las multinacionales tenían la capacidad de fijar precios por encima de los del mercado, lo que generaba un aumento en los costes. Por otro lado, los sindicatos tenían una gran fuerza en la negociación de salarios y condiciones laborales.",
        "old_text": "... en el 69... ... ¿cómo puede ser entonces? ... no, no, lo habíamos previsto... ... ¿no? ... los analistas habían previsto que los árabes en el 63... ... no... ... no, no... Entonces, ¿por qué los culpamos... ... a ellos? Porque mirad... ... nos mola mogollón culpar a ellos, ¿no? ... nos mola mogollón, mogollón, mogollón... ... como nos mola mogollón culpar al tipo... ... este... el pringao este... ... que está en Siria, ¿no? ¿Vale? ... que ahora es muy malo, muy malo, muy malo... ... y se nos ocurría que hay otro que es muy malo, etc, etc... ... ¿no? ¿Vale? ... yo qué sé... Entonces, ¿cuál es la verdad, no? ... pues claro, entonces, por algo ha ocurrido esto... ... ¿no? Bueno, y ahí está... ... lo que no tiene ningún morbo, ¿eh? ¿Vale? ... esto sí que tiene morbo y lo que os voy a explicar ahora no tiene ninguno... ... ¿no? ... esto lo ha estudiado un tipo que se llama John Kenneth Galbraith... ... que era un discípulo de Keynes, ¿no? ... y Galbraith dice que en los años 60... ... ... el mundo occidental vivía tan bien... ... tan, tan bien... ... que hay dos agentes económicos que se les va la olla... ... ¿quiénes son estos agentes económicos? ... las multinacionales... ... ... que pueden imponer precios muy por encima... ... de los precios del mercado, esto aumenta los costes... ... ¿lo veis? ¿vale? ... y los sindicatos... ... que tienen tal fuerza...",
        "kind": "online_video",
        "file_number": "38",
        "filename": "6 7 Años 70 El mundo deja de ser Keynesiano-wav.json",
        "url": "https://www.youtube.com/watch?v=YThVQW0fDuo&t=857s",
        "source": "6 7 Años 70 El mundo deja de ser Keynesiano-wav"
    },
    {
        "number": 10,
        "timestamp_start": "00:15:31,320",
        "timestamp_end": "00:16:01,320",
        "text": "La crisis del año 70 se caracterizó por un aumento significativo en el precio del petróleo, lo que generó complicaciones en la economía. Los expertos explican que uno de los factores que contribuyó a esta crisis fue el aumento de los sueldos por encima de los aumentos de productividad, lo cual incrementó los costes para las empresas. Es importante destacar que, si bien el aumento del precio del petróleo fue un factor desencadenante, la raíz del problema radicaba en decisiones internas de la economía, más que en factores externos.",
        "old_text": "... que piden aumentos de sueldo... ... muy por encima de los aumentos de productividad... ... ¿vale? ... claro, eso aumenta los costes... ... pues esa es la razón... ... eso es lo que explican los expertos... ... sobre la crisis del año 70... ... sí que es cierto que... ... con el aumento del precio del petróleo... ... la cosa se complica mogollón... ... porque en el año 78 vuelven a hacerlo... ... se vuelve a complicar mogollón... ... pero no es la causa... ... la causa somos nosotros... ... es intrínseca, no es extrínseca...",
        "kind": "online_video",
        "file_number": "38",
        "filename": "6 7 Años 70 El mundo deja de ser Keynesiano-wav.json",
        "url": "https://www.youtube.com/watch?v=YThVQW0fDuo&t=931s",
        "source": "6 7 Años 70 El mundo deja de ser Keynesiano-wav"
    }
]