[
    {
        "number": 1,
        "timestamp_start": "00:00:00,000",
        "timestamp_end": "00:01:56,820",
        "text": "La crítica al modelo keynesiano es que el mundo deja de ser keynesiano, por lo tanto, no se deben aplicar políticas keynesianas en un entorno que ya no las requiere. Milton Friedman y Friedrich Hayek fueron dos figuras que argumentaban que el mundo era clásico, no keynesiano. En 1967, Friedman presentó predicciones que indicaban un inminente colapso, lo cual fue inicialmente ridiculizado, pero posteriormente se cumplió. Esto llevó a que Friedman se convirtiera en un líder y guía espiritual en el ámbito económico al proclamar que el mundo era clásico. Los seguidores de esta corriente se conocen como monetaristas, herederos del pensamiento clásico o neocuantitativistas.",
        "old_text": "¿Qué es la otra pata? La otra pata surge porque, claro, la gran crítica al modelo keynesiano es que el mundo deja de ser keynesiano. Entonces, claro, no apliques políticas keynesianas cuando el mundo ya no es keynesiano. Y la verdad es que había unos tipos que llevaban bastantes años diciendo que el mundo no era keynesiano. Yo creo que os hablé de esta gente, Milton Friedman, un tal Hayek. Que ellos iban diciendo convertiros porque el mundo no es keynesiano, el mundo es clásico. De hecho, yo os contaba que en el año 67, Friedman presenta ante un congreso superpotente toda una serie de deducciones y de cosas que a él se le ha ocurrido que dice que el mundo se va a hundir. Y la gente, claro, considera a Friedman un payaso porque dicen, tú eres tonto perdido, tío, si estamos mejor que nunca. Pero de golpe el mundo se hundió. Por lo tanto, Friedman, de golpe, como podéis entender, se convierte en un líder y en un guía espiritual para todo Dios. Y claro, Friedman dice, colegas, colegas, colegas, es que el mundo es clásico, el mundo no es keynesiano. Por lo tanto, ¿qué estáis haciendo? Friedman va a liderar una escuela de pensamiento que va a tener muchos nombres. De hecho, el más famoso les llamamos los monetaristas. También les llamamos los herederos del pensamiento clásico. No son los neoclásicos. Los neoclásicos son los padres de la microeconomía. No. Ni son los nuevos clásicos. ¿Vale? Son los monetaristas, los herederos del pensamiento clásico, los neocuantitativistas.",
        "kind": "online_video",
        "file_number": "39",
        "filename": "7 1 Introducción a la Política Monetaria-wav.json",
        "url": "https://www.youtube.com/watch?v=0yITCYXZ5ic&t=0s",
        "source": "7 1 Introducción a la Política Monetaria-wav"
    },
    {
        "number": 2,
        "timestamp_start": "00:01:56,820",
        "timestamp_end": "00:04:19,160",
        "text": "Los \"Chicago Boys\" son conocidos por su forma de pensar surgida de la Universidad de Chicago, relacionada con el neoliberalismo y el Tea Party. En términos políticos, se mencionan varios nombres como Marianito, Nicolás, Silvio, Ángela, Jurepa, Rajoy, Tanca, Esmer, Arturito, entre otros. Se hace hincapié en que ser de centro no implica tomar decisiones firmes. \n\nEn cuanto a la teoría económica, se menciona que estos individuos sostienen que la oferta agregada es vertical, y han cambiado el concepto de pleno empleo por el de tasa natural de paro. La tasa natural de paro se refiere a la suma del desempleo friccional y estructural. Se plantea un ejercicio de memoria para recordar que en un momento de auge económico en España con dos millones de desempleados, se sugiere que la estructura económica del país podría soportar un empleo para 23 millones de personas.",
        "old_text": "También los llamamos los chicagos boys. ¿Por qué? Porque vienen todos, esa forma de pensar surge de la Universidad de Chicago. ¿Vale? A nivel político, los neoliberales. El Tea Party. ¿Vale? Están ahí dentro, ¿no? Pero que me entendáis, el Marianito está ahí dentro, ¿no? El Nicolás está ahí dentro. El Silvio está ahí dentro, ¿no? La Ángela está ahí dentro. ¿Vale? El Jurepa haciendo así, ¿no? Pero están ahí dentro todos. Todos. Todos. Al Rajoy y Tanca está aquí dentro. Esmer. El Arturito está aquí dentro. Ellos dicen que no, que son de centro. El centro no existe. Esto es un invento que alguien se le ocurrió, pero esto no... ¿Qué significa? Que ser de centro, ¿qué significa? Que no te mojas por nada, ¿no? Eso es lo que significa, ¿no? ¿Vale? Bueno. Bueno. ¿Qué dicen estos tíos? Atención a lo que dicen. Fijaros. Dicen que si aquí ponemos precios y salarios, y aquí ponemos... Bueno, dicen la oferta agregada es vertical. ¿Vale? Si esto es PIB. Pero, pero, y esto es lo importante, ya no le llaman a esto pleno ocupación. A esto le han cambiado el nombre. Le llaman tasa natural de paro. Tasa natural de paro. ¿Y qué es esto? Claro, yo ahora os pediría que hicierais memoria, pero no os acordaréis, ¿no? ¿Vale? La tasa natural de paro es el paro friccional más el paro estructural, ¿no? Pero esto es lo mismo que hablaros de... ¿Vale? Entonces, os lo explico. ¿Vale? Cuando la economía española estaba mejor que nunca, mejor que nunca, ¿cuántos parados había aquí en España? Dos millones, ¿no? Ostras, pues esto tendríamos que aprender, ¿no? Porque esto seguro que debe querer decir algo, ¿no? Y posiblemente lo que nos está diciendo es que la estructura económica española da para que trabajen 23 millones de personas.",
        "kind": "online_video",
        "file_number": "39",
        "filename": "7 1 Introducción a la Política Monetaria-wav.json",
        "url": "https://www.youtube.com/watch?v=0yITCYXZ5ic&t=116s",
        "source": "7 1 Introducción a la Política Monetaria-wav"
    },
    {
        "number": 3,
        "timestamp_start": "00:04:19,160",
        "timestamp_end": "00:06:43,840",
        "text": "Para reducir la tasa natural de desempleo, es necesario aumentar el crecimiento económico. Esto se logra desplazando la oferta agregada, lo que implica crear condiciones para que las empresas produzcan más bienes y servicios. Al aumentar la producción, se generan más empleos y, por lo tanto, se reduce la tasa de desempleo de manera sostenible. Por otro lado, intentar reducir la tasa de desempleo simplemente aumentando la demanda agregada puede llevar a un aumento de la inflación, sin lograr una disminución significativa del desempleo a largo plazo. Es importante entender que el crecimiento económico sostenido es la clave para reducir de manera efectiva la tasa de desempleo estructural en una economía.",
        "old_text": "¿Que quieren trabajar 25? No hay sitio. Hay sitio para 22. O para 23, ¿no? Para 25. ¿Vale? Entonces, reducir o intentar reducir esta tasa natural de paro aumentando la demanda agregada no tiene demasiado sentido. ¿Por qué? Porque lo único que va a hacer es generarnos inflación, ¿no? La única manera de reducir la tasa natural de paro, ¿cuál es? Crecer. Conseguir desplazar la oferta agregada. Esta va a ser la única manera, ¿no? Crear... Crear... Crear... Crear... Crear... Crear... Crear... Crear... Crear... Crear... Crear... Crear... Crear... Crear... Crear... Crear... Crear... Crear... Crear... Crear... Crear... Crear... Crear... Crear... Crear... Crear... Crear... Crear... Crear... Crear... Crear... Crear... Crear... Crear... Crear... Crear... Crear... Crear... Crear... Crear... Crear... Crear... Crear... Crear... Crear... Crear... Crear... Crear... Crear... Crear... Crear... Crear... Crear... Crear... Crear... Crear... Crear... Crear... Crear... Crear... Crear... Crear... Crear... Crear... Crear... Crear... Crear... Crear... Crear... Crear... Crear... Crear... Crear... Crear... Crear... Crear... Crear... Crear... Crear... Crear... Crear... Crear... Crear... Crear... Crear... Crear... Crear... Crear... Crear... Crear... Crear... Crear... Crear... Crear... Crear... Crear... Crear... Crear... Crear... Crear... Crear... Crear... Crear... Crear... Crear... Crear... Crear... Crear... Crear... Crear... Crear... Crear... Crear... Crear... Crear... Crear... Crear... Crear... Crear... Crear... Crear... Crear... Crear... Crear... Crear... Crear... Crear... Crear... Crear... Crear... Crear... Crear... Crear... Crear... Crear... Crear... Crear... Crear... Crear... Crear... Crear... Crear... Crear... Crear... Crear... Crear... Crear... Crear... Crear... Crear... Crear... Crear... Crear... Crear... Crear... Crear... Crear... Crear... Crear... Crear... Crear... Crear... Crear... Crear... Crear... Crear... Crear... Crear... Crear... Crear... Crear... Crear... Crear... Crear... Crear...",
        "kind": "online_video",
        "file_number": "39",
        "filename": "7 1 Introducción a la Política Monetaria-wav.json",
        "url": "https://www.youtube.com/watch?v=0yITCYXZ5ic&t=259s",
        "source": "7 1 Introducción a la Política Monetaria-wav"
    },
    {
        "number": 4,
        "timestamp_start": "00:06:43,840",
        "timestamp_end": "00:15:39,620",
        "text": "La creación de riqueza es un tema fundamental en macroeconomía. La riqueza de un país se mide a través de su Producto Interno Bruto (PIB), que representa el valor de todos los bienes y servicios producidos en un período determinado en el país. El PIB per cápita, por su parte, es el resultado de dividir el PIB entre la cantidad de habitantes de un país, lo que nos da una idea del nivel de vida promedio de la población. \n\nEn macroeconomía, se estudian las variables que afectan la creación de riqueza en un país, como la inversión, el consumo, las exportaciones, las importaciones, entre otras. El objetivo es analizar cómo estas variables interactúan entre sí y cómo afectan el crecimiento económico a largo plazo. \n\nAdemás, se analizan también las políticas económicas que pueden influir en la creación de riqueza, como la política fiscal (relacionada con los impuestos y el gasto público) y la política monetaria (relacionada con la cantidad de dinero en circulación y las tasas de interés). Estas políticas pueden ser utilizadas por los gobiernos para estimular la economía en momentos de recesión o para controlar la inflación en momentos de crecimiento económico acelerado.",
        "old_text": "Crear... Crear... Crear... Crear... Crear... Crear... Crear... Crear... Crear... Crear... Crear... Crear... Crear... Crear... Crear... Crear... Crear... Crear... Crear... Crear... Crear... Crear... Crear... Crear... Crear... Crear... Crear... Crear... Crear... Crear... Crear... Crear... Crear... Crear... Crear... Crear... Crear... Crear... Crear... Crear... Crear... Crear... Crear... Crear... Crear... Crear... Crear... Crear... Crear... Crear... Crear... Crear... Crear... Crear... Crear... Crear... Crear... Crear... Crear... Crear... Crear... Crear... Crear... Crear... Crear... Crear... Crear... Crear... Crear... Crear... Crear... Crear... Crear... Crear... Crear... Crear... Crear... Crear... Crear... Crear... Crear... Crear... Crear... Crear... Crear... Crear... Crear... Crear... Crear... Crear... Crear... Crear... Crear... Crear... Crear... Crear... Crear... Crear... Crear... Crear... Crear... Crear... Crear... Crear... Crear... Crear... Crear... Crear... Crear... Crear... Crear... Crear... Crear... Crear... Crear... Crear... Crear... Crear... Crear... Crear... Crear... Crear... Crear... Crear... Crear... Crear... Crear... Crear... Crear... Crear... Crear... Crear... Crear... Crear... Crear... Crear... Crear... Crear... Crear... Crear... Crear... Crear... Crear... Crear... Crear... Crear... Crear... Crear... Crear... Crear... Crear... Crear... Crear... Crear... Crear... Crear...",
        "kind": "online_video",
        "file_number": "39",
        "filename": "7 1 Introducción a la Política Monetaria-wav.json",
        "url": "https://www.youtube.com/watch?v=0yITCYXZ5ic&t=403s",
        "source": "7 1 Introducción a la Política Monetaria-wav"
    }
]