[
    {
        "number": 1,
        "timestamp_start": "00:00:00,000",
        "timestamp_end": "00:02:26,100",
        "text": "La política fiscal es una herramienta utilizada por los gobiernos para intervenir en la economía a través del gasto público y la recaudación de impuestos. Consiste en el conjunto de medidas y decisiones que toma el gobierno en relación con sus ingresos y gastos para influir en la actividad económica. \n\nLos monetaristas sostienen que la política fiscal no es efectiva para estimular la economía, ya que consideran que la oferta agregada es vertical. Por otro lado, los keynesianos defienden la intervención del Estado en la economía, argumentando que esta puede influir positivamente en la demanda agregada y, por ende, en el crecimiento económico.\n\nLa tasa natural de desempleo es aquella que se produce debido a la estructura productiva de un país, es decir, es el nivel de desempleo que se considera inevitable en una economía en equilibrio. Esta tasa está compuesta por el desempleo friccional y el desempleo estructural. El desempleo friccional se refiere a la situación en la que los trabajadores buscan empleo que se ajuste a sus habilidades y preferencias, mientras que el desempleo estructural está relacionado con desajustes en la oferta y la demanda de trabajo en el mercado laboral.\n\nSegún la perspectiva presentada, la única manera de reducir la tasa natural de desempleo a largo plazo es a través de medidas que fomenten el crecimiento económico. Estimular la demanda agregada en el corto plazo puede provocar inflación, por lo que se considera que el enfoque principal de un ministro de Economía debe ser permitir el crecimiento económico sostenible.",
        "old_text": "¿Cómo funciona la política fiscal? Jugar de otra manera, jugar sin intervenir directamente en la economía. Vamos a ver esto. Ellos ponen aquí precios, salarios, PIB. Esto es después de que descubran que no es que iniciaron. ¿Vale? Los monetaristas. Sí, sí, exacto. Después de los keynesianos que dicen el mundo de los keynesianos, por eso que lo de los keynesianos no funciona. Guay, perdona, pero pensaba que estaba claro. Ellos dicen que la oferta agregada es vertical. Y ahora ponen pre-ocupación. Esto lo vimos, ¿no? La tasa natural de paro, ¿os acordáis? Tasa natural de paro. Que esto es una tasa de paro que es debida a la estructura productiva del país. ¿Vale? Sería, ¿eh? Pero, claro, si os digo esto, flipáis, ¿no? Es el paro friccional más el paro estructural. ¿Vale? Por decirlo de algún modo, ¿no? La estructura productiva del país da para 10 y quieren trabajar 12, claro. Punto. Entonces ellos dicen, esto no lo podemos reducir a corto plazo. Es imposible. La única manera de reducir la tasa natural de paro es a largo plazo. No, no. Si tú juegas... Si tú juegas a estimular... La demanda agregada para reducir esto, ¿no? Lo que haces es aumentar la demanda agregada, ¿vale? Lo único que vas a provocar, ¿qué es? Que haya inflación. ¿Vale? Entonces ellos, ¿qué dicen? Lo único que tiene que hacer un ministro de Economía, lo único, ¿vale? Es permitir el crecimiento económico. ¿Vale? Es el único. Es el único. Es el único.",
        "kind": "online_video",
        "file_number": "40",
        "filename": "7 2 La propuesta de la Política Monetaria-wav.json",
        "url": "https://www.youtube.com/watch?v=fqcpDgFCSiU&t=0s",
        "source": "7 2 La propuesta de la Política Monetaria-wav"
    },
    {
        "number": 2,
        "timestamp_start": "00:02:26,100",
        "timestamp_end": "00:03:33,340",
        "text": "La clave para reducir la tasa natural de desempleo es permitir que la oferta agregada crezca. Esto se logra a través de una regla de política monetaria que consiste en permitir que la cantidad de dinero en la economía crezca de acuerdo al crecimiento esperado. Por ejemplo, si se estima que la economía crecerá un 1,8% el próximo año, la cantidad de dinero debe aumentar en un 1,8%. Es importante evitar un crecimiento excesivo de la cantidad de dinero, ya que esto podría llevar a un aumento de la inflación. Por lo tanto, es fundamental ajustar la política monetaria de manera que se mantenga un equilibrio para favorecer el crecimiento económico sin generar presiones inflacionarias.",
        "old_text": "Es el único. Es el único. Es el único. Es el único. Es el único. Es el único. Es el único. Es el único. Es el único. Es el único. Es el único. Es el único. Es el único. Es el único. Es el único. Es el único. Es el único. Es el único. Es el único. Es el único. ¿Vale? ¿Y cómo lo haremos? Un poco de rollo, ¿eh? ¿Vale? Lo único que tienes que hacer es permitir que la oferta agregada crezca, porque esa va a ser la manera de reducir la tasa natural del paro, ¿no? Un momento, Arturo. Entonces, ¿cómo lo haremos? Pues lo haremos de acuerdo a una regla de política monetaria. ¿Os acordáis? ¿Vale? Entonces, la idea es, vamos a permitir que el dinero crezca en función del crecimiento esperado. Si pensamos que el año que viene la economía va a crecer un 1,8%, lo que tenemos que hacer es permitir que la cantidad de dinero crezca un 1,8%. ¿Por qué yo suponía, no os acordáis, que esto era una constante? Si la cantidad de dinero va a crecer más de un 8%, mal rollo, porque va a haber inflación. Si la cantidad de dinero va a crecer menos de un 8%, va a haber inflación. Si la cantidad de dinero va a crecer menos de un 8%, va a haber inflación. Si la cantidad de dinero va a crecer menos de un 8%, va a haber inflación. Si la cantidad de dinero va a crecer menos de un 8%, va a haber inflación.",
        "kind": "online_video",
        "file_number": "40",
        "filename": "7 2 La propuesta de la Política Monetaria-wav.json",
        "url": "https://www.youtube.com/watch?v=fqcpDgFCSiU&t=146s",
        "source": "7 2 La propuesta de la Política Monetaria-wav"
    },
    {
        "number": 3,
        "timestamp_start": "00:03:33,340",
        "timestamp_end": "00:04:05,340",
        "text": "La inflación es el aumento sostenido y generalizado de los precios de bienes y servicios en una economía durante un período de tiempo. Uno de los factores que puede contribuir a la inflación es el crecimiento excesivo de la cantidad de dinero en circulación. Cuando la cantidad de dinero en una economía crece a un ritmo superior al crecimiento de la producción de bienes y servicios, puede generar presiones inflacionarias.\n\nEs importante para los responsables de la política económica, como los bancos centrales, monitorear de cerca la cantidad de dinero en circulación y su relación con el crecimiento económico. Si la cantidad de dinero crece a un ritmo muy elevado, por encima de la capacidad productiva de la economía, es probable que se genere inflación.\n\nPor otro lado, si la cantidad de dinero crece a un ritmo inferior al crecimiento económico, también pueden surgir problemas, como una contracción en la actividad económica y el empleo. Por lo tanto, encontrar un equilibrio en el crecimiento de la cantidad de dinero es fundamental para mantener la estabilidad económica y evitar tanto la inflación descontrolada como la recesión.",
        "old_text": "Si la cantidad de dinero va a crecer menos de un 8%, va a haber inflación. Si la cantidad de dinero va a crecer menos de un 8%, va a haber inflación. Si la cantidad de dinero va a crecer menos de un 8%, va a haber inflación. Si la cantidad de dinero va a crecer menos de un 8%, va a haber inflación. Si la cantidad de dinero va a crecer menos de un 8%, va a haber inflación. Si la cantidad de dinero va a crecer menos de un 8%, va a haber inflación. Si la cantidad de dinero va a crecer menos de un 8%, va a haber inflación. Si la cantidad de dinero va a crecer menos de un 8%, va a haber inflación. Si la cantidad de dinero va a crecer menos de un 8%, va a haber inflación. Si la cantidad de dinero va a crecer menos de un 8%, va a haber inflación. Si la cantidad de dinero va a crecer menos de un 8%, va a haber inflación. Si la cantidad de dinero va a crecer menos de un 8%, va a haber inflación. Si la cantidad de dinero va a crecer menos de un 8%, va a haber inflación. Si la cantidad de dinero va a crecer menos de un 8%, va a haber inflación. Si la cantidad de dinero va a crecer menos de un 8%, va a haber inflación. Si la cantidad de dinero va a crecer menos de un 8%, va a haber inflación.",
        "kind": "online_video",
        "file_number": "40",
        "filename": "7 2 La propuesta de la Política Monetaria-wav.json",
        "url": "https://www.youtube.com/watch?v=fqcpDgFCSiU&t=213s",
        "source": "7 2 La propuesta de la Política Monetaria-wav"
    },
    {
        "number": 4,
        "timestamp_start": "00:04:05,340",
        "timestamp_end": "00:04:37,340",
        "text": "La inflación es el aumento sostenido y generalizado de los precios de bienes y servicios en una economía durante un período de tiempo. Uno de los factores que puede contribuir a la inflación es el crecimiento excesivo de la cantidad de dinero en circulación. Cuando la cantidad de dinero en una economía crece a un ritmo superior al crecimiento de la producción de bienes y servicios, puede generar presiones inflacionarias.\n\nEn el fragmento proporcionado, se menciona que si la cantidad de dinero crece menos de un 8%, habrá inflación. Esta afirmación puede interpretarse de la siguiente manera: si la oferta de dinero en una economía aumenta a un ritmo inferior al crecimiento de la producción de bienes y servicios en un 8%, es probable que se genere inflación. \n\nEs importante tener en cuenta que la relación entre la cantidad de dinero en circulación y la inflación es un tema complejo en macroeconomía. La teoría cuantitativa del dinero, por ejemplo, establece una relación directa entre la cantidad de dinero en una economía, la velocidad de circulación del dinero y el nivel de precios. Sin embargo, otros factores, como la demanda agregada, la política monetaria y fiscal, y los choques externos, también influyen en el comportamiento de los precios.\n\nEn resumen, el crecimiento descontrolado de la cantidad de dinero en una economía puede ser uno de los factores que contribuyen a la inflación, pero es necesario analizar este fenómeno en conjunto con otros indicadores y variables macroeconómicas para comprender plenamente sus implicaciones en el nivel general de precios.",
        "old_text": "Si la cantidad de dinero va a crecer menos de un 8%, va a haber inflación. Si la cantidad de dinero va a crecer menos de un 8%, va a haber inflación. Si la cantidad de dinero va a crecer menos de un 8%, va a haber inflación. Si la cantidad de dinero va a crecer menos de un 8%, va a haber inflación. Si la cantidad de dinero va a crecer menos de un 8%, va a haber inflación. Si la cantidad de dinero va a crecer menos de un 8%, va a haber inflación. Si la cantidad de dinero va a crecer menos de un 8%, va a haber inflación. Si la cantidad de dinero va a crecer menos de un 8%, va a haber inflación. Si la cantidad de dinero va a crecer menos de un 8%, va a haber inflación. Si la cantidad de dinero va a crecer menos de un 8%, va a haber inflación. Si la cantidad de dinero va a crecer menos de un 8%, va a haber inflación. Si la cantidad de dinero va a crecer menos de un 8%, va a haber inflación. Si la cantidad de dinero va a crecer menos de un 8%, va a haber inflación. Si la cantidad de dinero va a crecer menos de un 8%, va a haber inflación. Si la cantidad de dinero va a crecer menos de un 8%, va a haber inflación. Si la cantidad de dinero va a crecer menos de un 8%, va a haber inflación.",
        "kind": "online_video",
        "file_number": "40",
        "filename": "7 2 La propuesta de la Política Monetaria-wav.json",
        "url": "https://www.youtube.com/watch?v=fqcpDgFCSiU&t=245s",
        "source": "7 2 La propuesta de la Política Monetaria-wav"
    },
    {
        "number": 5,
        "timestamp_start": "00:04:43,340",
        "timestamp_end": "00:05:15,340",
        "text": "La inflación es el aumento sostenido y generalizado de los precios de bienes y servicios en una economía durante un período de tiempo. Uno de los factores que puede contribuir a la inflación es el crecimiento excesivo de la cantidad de dinero en circulación. Cuando la cantidad de dinero en una economía crece a un ritmo superior al crecimiento de la producción de bienes y servicios, puede generar presiones inflacionarias.\n\nEn el contexto de la macroeconomía, es importante analizar cómo la cantidad de dinero en una economía puede afectar el nivel de precios. Si la cantidad de dinero en circulación crece a un ritmo muy elevado, por encima de la tasa de crecimiento de la economía en su conjunto, es probable que se genere inflación. Por el contrario, si la cantidad de dinero crece a un ritmo moderado y estable, puede contribuir a mantener la estabilidad de precios en la economía.\n\nEs fundamental para los responsables de la política monetaria, como los bancos centrales, monitorear de cerca la evolución de la cantidad de dinero en circulación y su impacto en la economía en términos de inflación. A través de herramientas como la fijación de tasas de interés o la compra/venta de activos financieros, los bancos centrales pueden influir en la cantidad de dinero en la economía para mantener la estabilidad de precios y promover el crecimiento económico sostenible.",
        "old_text": "Si la cantidad de dinero va a crecer menos de un 8%, va a haber inflación. Si la cantidad de dinero va a crecer menos de un 8%, va a haber inflación. Si la cantidad de dinero va a crecer menos de un 8%, va a haber inflación. Si la cantidad de dinero va a crecer menos de un 8%, va a haber inflación. Si la cantidad de dinero va a crecer menos de un 8%, va a haber inflación. Si la cantidad de dinero va a crecer menos de un 8%, va a haber inflación. Si la cantidad de dinero va a crecer menos de un 8%, va a haber inflación. Si la cantidad de dinero va a crecer menos de un 8%, va a haber inflación. Si la cantidad de dinero va a crecer menos de un 8%, va a haber inflación. Si la cantidad de dinero va a crecer menos de un 8%, va a haber inflación. Si la cantidad de dinero va a crecer menos de un 8%, va a haber inflación. Si la cantidad de dinero va a crecer menos de un 8%, va a haber inflación. Si la cantidad de dinero va a crecer menos de un 8%, va a haber inflación. Si la cantidad de dinero va a crecer menos de un 8%, va a haber inflación. Si la cantidad de dinero va a crecer menos de un 8%, va a haber inflación. Si la cantidad de dinero va a crecer menos de un 8%, va a haber inflación.",
        "kind": "online_video",
        "file_number": "40",
        "filename": "7 2 La propuesta de la Política Monetaria-wav.json",
        "url": "https://www.youtube.com/watch?v=fqcpDgFCSiU&t=283s",
        "source": "7 2 La propuesta de la Política Monetaria-wav"
    },
    {
        "number": 6,
        "timestamp_start": "00:05:15,340",
        "timestamp_end": "00:05:35,340",
        "text": "Si la cantidad de dinero crece menos de un 8%, se espera que haya inflación.",
        "old_text": "Si la cantidad de dinero va a crecer menos de un 8%, va a haber inflación. Si la cantidad de dinero va a crecer menos de un 8%, va a haber inflación. Si la cantidad de dinero va a crecer menos de un 8%, va a haber inflación. Si la cantidad de dinero va a crecer menos de un 8%, va a haber inflación. Si la cantidad de dinero va a crecer menos de un 8%, va a haber inflación. Si la cantidad de dinero va a crecer menos de un 8%, va a haber inflación. Si la cantidad de dinero va a crecer menos de un 8%, va a haber inflación. Si la cantidad de dinero va a crecer menos de un 8%, va a haber inflación. Si la cantidad de dinero va a crecer menos de un 8%, va a haber inflación. Si la cantidad de dinero va a crecer menos de un 8%, va a haber inflación.",
        "kind": "online_video",
        "file_number": "40",
        "filename": "7 2 La propuesta de la Política Monetaria-wav.json",
        "url": "https://www.youtube.com/watch?v=fqcpDgFCSiU&t=315s",
        "source": "7 2 La propuesta de la Política Monetaria-wav"
    }
]