[
    {
        "number": 1,
        "timestamp_start": "00:00:00,000",
        "timestamp_end": "00:02:11,100",
        "text": "La idea básica de la economía es entender el concepto de dinero y sus diferentes formas. El dinero se puede manifestar en efectivo, como monedas y billetes, así como en cuentas corrientes. Por lo tanto, la primera magnitud del dinero sería el efectivo en manos del público más las cuentas corrientes, también conocidas como depósitos a la vista o depósitos monetizados por cheques. Sin embargo, esta no es la única forma de dinero, ya que existen otros tipos de depósitos, como las libretas de ahorro. \n\nEn este contexto, se introduce el concepto de M1, que engloba el efectivo en manos del público, las cuentas corrientes y otros depósitos monetarios de alta liquidez. Las libretas de ahorro también se consideran una forma de dinero, ya que permiten el ahorro y la disponibilidad de fondos a través de transferencias o retiros. Es importante destacar que las cuentas corrientes son utilizadas para transacciones diarias, como el pago de bienes y servicios, mientras que las libretas de ahorro suelen destinarse al ahorro a largo plazo.",
        "old_text": "¿Qué es la idea básica de la economía? Vamos a imaginarnos que esto es un euro. Todos hemos claro que esto es dinero. El euro es dinero. Las monedas son dinero. Sí, eso es verdad. Y los billetes también. Y vimos también que las cuentas corrientes son dinero. ¿Os acordáis? Los depósitos monizados por cheques y toda aquella historia. Por lo tanto, podríamos definir como una primera magnitud del dinero sería el efectivo en manos del público, que es la pasta que tenemos todos, más las cuentas corrientes. Que eso lo llamamos depósitos a la vista. O también se dice depósitos monizados por cheques. Pero la verdad es que si encontramos esa magnitud, hay mucho más dinero. Del que es esto. Entonces a esto le hemos llamado la M1. Pero alguien dijo, ¿y las libretas de ahorro? ¿No son dinero las libretas? ¿Quién tiene libretas de ahorro de vosotros? ¿Seguro que tenéis libretas? ¿O no lo sabéis? ¿Tú tienes una libreta? ¿De estas la estrella? La estrella de toda la vida. Eso. ¿Quién de más tiene libretas de estrella? ¿Tenéis, no? Vale. ¿Y quién tiene cuentas corrientes? Vale, la cara de Josep es la cara interna que debéis hacer todos, ¿no? Uno no sabe qué tiene al final, ¿no? Si tiene una cuenta corriente o tiene una cuenta de ahorro. ¿Tiene una cuenta corriente? ¿Tiene una libreta de ahorro? Es más. La que utilizas todos los días para pagar con PISA es una cuenta corriente. Vale. Y ahora, atención, ¿eh? Tenemos aquí un personaje curioso que es Alejandro que tiene una cuenta corriente y tiene además una libreta de ahorro.",
        "kind": "online_video",
        "file_number": "41",
        "filename": "7 3 El concepto de dinero-wav.json",
        "url": "https://www.youtube.com/watch?v=EIK52C8KDEc&t=0s",
        "source": "7 3 El concepto de dinero-wav"
    },
    {
        "number": 2,
        "timestamp_start": "00:02:11,100",
        "timestamp_end": "00:04:11,760",
        "text": "La diferencia entre una libreta de ahorro y una cuenta corriente es lo que nos cuenta Alejandro. La libreta de ahorro nace para que, por ejemplo, vuestra abuela os abra una cuando nacéis y os ponga una cantidad de dinero cada mes o cada cumpleaños, con el objetivo de que cuando tengáis 18 años podáis comprar una moto.",
        "old_text": "Vale, entonces explícanos el por qué. ¿Por qué? No, no, no. Dinos tú. ¿Y crece? ¿No jodas? ¿Sí? ¡Qué guay! No el cartón tiro, sino la base de boleta de cartón. No, la pasta de tierra ahí dentro. La boleta de base. Vale, en tu caso la estás utilizando para ahorrar, de verdad. Se supone que es una cuenta de ahorro, ¿no? Es una libreta de ahorro. ¿Tú la estás utilizando para ahorrar? Sí. Sí. Vale. ¿Alguien más tiene una libreta de ahorro? No, no, no. Una libreta, una libretita. Es físicamente... Yo pregunto por una libreta de ahorro. No, eso no es... No. Atención. ¿Tienes una libreta? Vale, vale. Yo quiero saber los que tenéis la libreta. Eco, vale. Muy guay. Muy guay. Muy guay. Vale, vale. ¿Y hacéis lo que hace Alejandro? ¿Lo autorizáis para ahorrar? No. No. Yo sí. Tú eres el único. Quiero que lo sepas, ¿no? Vale, es que eso es muy importante. ¿Por qué? Porque, mirad, la diferencia entre una libreta de ahorro y una cuenta corriente, inicialmente, es lo que nos cuenta Alejandro. Pero eso ha pasado en la historia. Ha pasado que Alejandro es un hombre clásico, ¿no? ¿Vale? La libreta de ahorro nace, ¿vale? ¿Para qué? Para que vuestra abuela, cuando nacéis, os la hace, ¿no? Os la abre y entonces os pone 60 euros cada mes. Bueno, cada mes es un decir, ¿no? Cada cumpleaños, quizás, ¿no? Para cuando tengas 18 años te compres una moto. Ese es el objetivo de una libreta de ahorro.",
        "kind": "online_video",
        "file_number": "41",
        "filename": "7 3 El concepto de dinero-wav.json",
        "url": "https://www.youtube.com/watch?v=EIK52C8KDEc&t=131s",
        "source": "7 3 El concepto de dinero-wav"
    },
    {
        "number": 3,
        "timestamp_start": "00:04:11,760",
        "timestamp_end": "00:05:38,400",
        "text": "La evolución de las libretas de ahorro ha sido influenciada por la tecnología, lo que ha permitido su uso de manera similar a una cuenta corriente. Inicialmente, las libretas de ahorro tenían un tipo de interés más alto que las cuentas corrientes, debido a que se consideraba que el dinero depositado en ellas no se utilizaría con frecuencia. Sin embargo, con el tiempo, las entidades financieras han implementado medidas como las comisiones de mantenimiento para desincentivar el uso frecuente de las libretas. Esto ha llevado a que, en la actualidad, las diferencias entre una libreta de ahorro y una cuenta corriente sean menos significativas, ya que ambas pueden utilizarse de manera similar como medio de pago. Por lo tanto, las libretas de ahorro, a pesar de no ser consideradas cuentas de ahorro, pueden ser clasificadas dentro del concepto de dinero, dado su uso generalizado como medio de intercambio.",
        "old_text": "¿Qué ha pasado? Que la tecnología ha permitido que las libretas de ahorro las autorizamos como las utilizáis vosotros. Cada día vas allí, bup, bup, bup, bup, bup. Por lo tanto, eso es pasta. ¿Lo veis que es pasta? Entonces, las libretas de ahorro, en un principio, tenían un tipo de interés mucho mayor, mucho mayor, entre comillas, ¿no? Con la cuenta corriente. ¿Por qué? Porque, claro, como era una pasta, como hace Alejandro, ¿no? Que no la utiliza, ¿no? Con que no la utiliza, yo banco, sé que sí que la puedo usar. Mientras que vueltas cuentas corrientes, no. ¿Vale? ¿Qué ha ocurrido? Que aunque la utilizáis, ¡ostras! La casa se mosquea, ¿no? Dice, no, no era para esto, ¿no? Y entonces, ¿qué ha hecho la caja? Sigue. Los tipos de interés siguen siendo altos, pero te van a castigar. ¿No? No solo esto, ¿eh? ¿Vale? Por ejemplo, se ha inventado una comisión que se llama comisión de mantenimiento. ¿Qué dices? ¿Y esto qué es? ¿Que hay alguien que está ahí con la libreta todo el año aguantándola? ¿O qué? ¿Lo veis? ¿Vale? Y cada vez que tú haces una transferencia, crees en comisión. Y cada vez que te tiras, no, comisión. ¿Vale? ¿Qué significa eso? Que si tú mueves mucho esa libreta, no te sale la cuenta. Te convendría tener una cuenta corriente. Pero, oye, hoy en día es lo mismo. Al final es lo mismo. ¿Lo veis? Por lo tanto, las libretas de ahorro, que no son las cuentas de ahorro, las libretas de ahorro, las tendríamos que considerar dinero, porque las usáis como dinero.",
        "kind": "online_video",
        "file_number": "41",
        "filename": "7 3 El concepto de dinero-wav.json",
        "url": "https://www.youtube.com/watch?v=EIK52C8KDEc&t=251s",
        "source": "7 3 El concepto de dinero-wav"
    },
    {
        "number": 4,
        "timestamp_start": "00:05:38,400",
        "timestamp_end": "00:07:19,180",
        "text": "José tiene un depósito de ahorro con 600.000 euros que no va a tocar durante cinco años. Aunque en principio no se considera dinero porque no lo va a utilizar, el Banco de Santander utilizará ese dinero para hacer cuentas corrientes. Las cuentas corrientes, a diferencia del depósito de ahorro, sí se consideran dinero ya que están disponibles para ser utilizadas en cualquier momento. Aunque José se comprometa a no tocar su depósito durante cinco años, en realidad sí puede sacar dinero de allí, aunque con penalizaciones como comisiones. En el caso del narrador, él tiene una cuenta de ahorro y cuentas corrientes, siendo estas últimas las que a menudo terminan en números rojos debido a falta de control, pero su banco tiene un sistema de vasos comunicantes para cubrir esos descubiertos.",
        "old_text": "¿Vale? ¿Lo veis? Ahora vamos a lo que tiene Josep. Un depósito de ahorro. Esto ya es la hostia. Mirad lo que tiene Josep, ¿eh? ¿Vale? Josep tiene 30.000 euros, lo invento. ¿Vale? Bueno, ¿més? ¡Ole! 200.000 euros, ¿vale? ¿Qué? ¿Quién les ha dejado al Banco de Santander? Que es el banco, lo sabéis, ¿no? Es el banco más sostenible del mundo. ¿Vale? Han conseguido, no sé cómo lo han hecho, han comprado a alguien, ¿no? Pero han conseguido un certificado como que es el banco más guay del mundo, ¿no? Guay de buen rollo, ¿no? ¿Cómo lo ha hecho, no? Pero bueno. . Él tiene ahí 600.000 euros y les ha dicho: \"Ey, yo esto no lo voy a tocar durante cinco años. Por lo tanto, en principio veis que eso no es dinero, porque él no lo va a tocar durante cinco años\". Entonces, el Banco de Santander ese dinero lo va a utilizar para hacer cuentas corrientes, ¿no? Para dejaros pasta vosotros. Entonces, las cuentas corrientes sí son dinero, pero en principio su depósito de ahorro, aunque no lo va a tocar, no es dinero. ¿Qué ocurre? Que no es cierto. ¿Vale? Él se compromete a no tocarlo durante cinco años, pero tú puedes sacar dinero de ahí. ¿Vale? Te van a castigar ¿no? Te van a cobrar unas comisiones, pero lo puedes hacer. ¿Vale? Yo os cuento mi experiencia, ¿no? Yo tengo una cuenta de ahorro, ¿vale? Y tengo cuentas corrientes, ¿no? Mis cuentas corrientes cada mes, como mínimo cuatro o cinco veces, se ponen números rojos, ¿no? ¿Vale? Porque no las controlo, pero tienen una orden, mi banco, que es la caixa de engineers, tiene una orden que hagan vasos comunicantes.",
        "kind": "online_video",
        "file_number": "41",
        "filename": "7 3 El concepto de dinero-wav.json",
        "url": "https://www.youtube.com/watch?v=EIK52C8KDEc&t=338s",
        "source": "7 3 El concepto de dinero-wav"
    },
    {
        "number": 5,
        "timestamp_start": "00:07:19,180",
        "timestamp_end": "00:12:05,560",
        "text": "El dinero es un concepto fundamental en la economía, ya que actúa como un medio de intercambio, una unidad de cuenta y una reserva de valor. En macroeconomía, se estudian diferentes tipos de dinero, como el efectivo en manos del público y los depósitos bancarios. La M1 incluye el efectivo en manos del público y los depósitos a la vista, como las cuentas corrientes. Por otro lado, la M2 abarca la M1 más las cuentas de ahorro, conocidas como depósitos de ahorro, y los depósitos a largo plazo. Es importante entender que el dinero no se limita al efectivo físico, sino que también incluye los depósitos bancarios que pueden utilizarse para realizar transacciones.",
        "old_text": "Entonces, cuando estoy en números rojos, automáticamente transfieren dinero, ¿no? Entonces, yo recibo correos, ¿no? Mensajitos que me dicen: \"Señor, cabrí, una otra vez hasta el número de barman\". \"Vale, transfárenlo\". \"Pasemos a transfari no sé qué, no sé cuántos\". \"Vale, pues dale\". ¿Veis? Y claro, cada vez que me hacen esto, me castigan, porque me cobran una serie de comisiones, pero bueno, ya me parece bien. ¿Qué hay que decir con esto? Que el concepto de dinero, veis, es más complejo, ¿no? Lo que estábamos diciendo, ¿no? Entonces, bueno, esto es una chorrada, ¿eh? El dinero legal, no sé qué, el dinero bancario, chorrada. Esto, paso, paso, paso, paso, paso, paso. Paso, paso, paso. ¡Oh! ¿Dónde está? Voy a esperar, ¿eh? Se me ha pasado. La M1, efectivo en manos del público, más depósitos a la vista, las cuentas corrientes. La M2, la M1 más las cuentas de ahorro, que se llaman depósitos de ahorro, más lo que tiene Josep, los depósitos a largo plazo, se dicen, ¿vale? Y entonces Arturo me dice: \"¿Y a José? ¿Y yo qué? Yo tengo bonos del Estado\". Vale. Entre tú y yo. ¿Qué es dinero? ¿Dinero? ¿Dinero? ¿Dinero? ¿Dinero? ¿Dinero? ¿Dinero? ¿Dinero? ¿Dinero? ¿Dinero? ¿Dinero? ¿Dinero? ¿Dinero? ¿Dinero? ¿Dinero? ¿Dinero? ¿Dinero? ¿Dinero? ¿Dinero? ¿Dinero? ¿Dinero? ¿Dinero? ¿Dinero? ¿Dinero? ¿Dinero? ¿Dinero? ¿Dinero? ¿Dinero? ¿Dinero? ¿Dinero? ¿Dinero? ¿Dinero? ¿Dinero? ¿Dinero? ¿Dinero? ¿Dinero? ¿Dinero? ¿Dinero? ¿Dinero? ¿Dinero? ¿Dinero? ¿Dinero? ¿Dinero? ¿Dinero? ¿Dinero? ¿Dinero? ¿Dinero? ¿Dinero? ¿Dinero? ¿Dinero? ¿Dinero? ¿Dinero? ¿Dinero? ¿Dinero? ¿Dinero? ¿Dinero? ¿Dinero? ¿Dinero? ¿Dinero? ¿Dinero? ¿Dinero? ¿Dinero? ¿Dinero? ¿Dinero? ¿Dinero? ¿Dinero? ¿Dinero? ¿Dinero? ¿Dinero? ¿Dinero? ¿Dinero? ¿Dinero? ¿Dinero? ¿Dinero? ¿Dinero? ¿Dinero? ¿Dinero? ¿Dinero? ¿Dinero? ¿Dinero? ¿Dinero? ¿Dinero? ¿Dinero? ¿Dinero? ¿Dinero? ¿Dinero? ¿Dinero? ¿Dinero? ¿Dinero? ¿Dinero? ¿Dinero? ¿Dinero? ¿Dinero? ¿Dinero? ¿Dinero? ¿Dinero? ¿Dinero? ¿Dinero? ¿Dinero? ¿Dinero? ¿Dinero? ¿Dinero? ¿Dinero? ¿Dinero? ¿Dinero? ¿Dinero? ¿Dinero? ¿Dinero? ¿Dinero? ¿Dinero? ¿Dinero? ¿Dinero? ¿Dinero? ¿Dinero? ¿Dinero? ¿Dinero? ¿Dinero? ¿Dinero? ¿Dinero? ¿Dinero? ¿Dinero? ¿Dinero? ¿Dinero? ¿Dinero? ¿Dinero? ¿Dinero? ¿Dinero? ¿Dinero? ¿Dinero? ¿Dinero? ¿Dinero? ¿Dinero? ¿Dinero? ¿Dinero? ¿Dinero? ¿Dinero? ¿Dinero? ¿Dinero? ¿Dinero? ¿Dinero? ¿Dinero? ¿Dinero? ¿Dinero? ¿Dinero? ¿Dinero? ¿Dinero? ¿Dinero? ¿Dinero? ¿Dinero? ¿Dinero? ¿Dinero? ¿Dinero? ¿Dinero? ¿Dinero? ¿Dinero? ¿Dinero? ¿Dinero? ¿Dinero? ¿Dinero? ¿Dinero? ¿Dinero? ¿Dinero? ¿Dinero? ¿Dinero? ¿Dinero? ¿Dinero? ¿Dinero? ¿Dinero? ¿Dinero? ¿Dinero? ¿Dinero? ¿Dinero? ¿Dinero? ¿Dinero? ¿Dinero? ¿Dinero? ¿Dinero? ¿Dinero? ¿Dinero? ¿Dinero? ¿Dinero? ¿Dinero? ¿Dinero? ¿Dinero? ¿Dinero? ¿Dinero? ¿Dinero? ¿Dinero? ¿Dinero? ¿Dinero? ¿Dinero? ¿Dinero? ¿Dinero? ¿Dinero? ¿Dinero? ¿Dinero? ¿Dinero? ¿Dinero? ¿Dinero? ¿Dinero? ¿Dinero? ¿Dinero?",
        "kind": "online_video",
        "file_number": "41",
        "filename": "7 3 El concepto de dinero-wav.json",
        "url": "https://www.youtube.com/watch?v=EIK52C8KDEc&t=439s",
        "source": "7 3 El concepto de dinero-wav"
    }
]