[
    {
        "number": 1,
        "timestamp_start": "00:00:00,000",
        "timestamp_end": "00:01:47,000",
        "text": "De forma intuitiva, en una recesión económica, se busca impulsar la economía de un país. Para lograrlo, se suele implementar una política monetaria expansiva, que consiste en aumentar la cantidad de dinero en circulación. Por otro lado, en épocas de alta inflación, se recurre a una política monetaria restrictiva, que busca reducir la cantidad de dinero en la economía. \n\nLos monetaristas sostienen la idea de que no se debe intervenir en la economía, pero en caso de hacerlo, abogan por políticas monetarias específicas. Los instrumentos utilizados para llevar a cabo estas políticas incluyen el coeficiente de caja, que establece el porcentaje de reservas que los bancos deben mantener respecto a sus depósitos. Por ejemplo, si Eric tiene un millón de euros en el banco y el coeficiente de caja es del 20%, significa que el banco debe mantener 200.000 euros como reservas obligatorias, que no pueden ser prestadas. \n\nEn resumen, la política monetaria expansiva implica aumentar la cantidad de dinero en circulación para estimular la economía, mientras que la política monetaria restrictiva busca reducir la cantidad de dinero para controlar la inflación. Los instrumentos como el coeficiente de caja son utilizados para regular la cantidad de dinero en la economía y cumplir con los objetivos macroeconómicos establecidos.",
        "old_text": "De forma intuitiva, si en un país estamos en recesión, ¿qué pensáis que tenemos que hacer para impulsar la economía de un país? ¿Inyectar o sacar dinero de la economía? Inyectar, ¿no? Y si todo el mundo está consiguiendo como locos, pues vamos a intentar sacarle la pasta a la gente, ¿no? Sí, ¿no? Vale. Por lo tanto, aumentar la cantidad de dinero va a ser una política monetaria expansiva, ¿vale? Y intentar aspirar dinero de la gente va a ser una política monetaria restrictiva. Ya, pero ¿y esto cómo lo hacemos? Diga, Xavi. No, no, no. Bien, bien, Xavi, bien, bien. No, para nada. Vale. Los monetaristas caen en la gran contradicción del mundo, ¿vale? Y es, no tenemos que actuar en la economía, pero si actuamos, actuemos de esta manera, ¿vale? No, tienes toda razón. Ya lo sé, ya lo sé, Xavi. Olvídate, ¿vale? Es una contradicción que hay. Te olvidas. Instrumentos que tenemos. ¿Cómo lo podemos hacer? Mirad, el primer instrumento ya lo conocéis todos. El coeficiente de caja. ¿Os acordáis del coeficiente de caja? Vamos a imaginarnos que Eric tiene... en el banco de Santander, que Eric tiene un millón de euros. Y el coeficiente de caja, el coeficiente de caja, vamos a imaginarnos que el coeficiente de caja, o el encaje legal, o el encaje legal de reservas... El coeficiente de caja, vamos a imaginarnos que es del 20%. ¿Esto qué significa? Que este banco, del millón de euros de Eric, tiene que guardar aquí 200.000 que no puede tocar, ¿no? Estas son las legales, las reservas legales.",
        "kind": "online_video",
        "file_number": "42",
        "filename": "7 4 Instrumentos de Política Monetaria-wav.json",
        "url": "https://www.youtube.com/watch?v=MUN0WYelJ5c&t=0s",
        "source": "7 4 Instrumentos de Política Monetaria-wav"
    },
    {
        "number": 2,
        "timestamp_start": "00:01:47,000",
        "timestamp_end": "00:03:45,500",
        "text": "El coeficiente de caja es un concepto utilizado en macroeconomía que se refiere a la cantidad de reservas que los bancos deben mantener en relación con sus depósitos. Cuando el coeficiente de caja es del 20%, significa que los bancos deben mantener el 20% de sus depósitos como reservas. Si se reduce este coeficiente al 10%, los bancos pueden prestar más dinero, lo que a su vez puede estimular la economía al aumentar la cantidad de dinero en circulación.\n\nOtro instrumento utilizado en macroeconomía son las Operaciones de Mercado Abierto. Estas operaciones consisten en la compra y venta de deuda pública por parte de las autoridades monetarias, como el banco central. En momentos de expansión económica, cuando hay una alta demanda que puede llevar a la inflación, las autoridades pueden vender deuda pública para retirar dinero de la economía y controlar la inflación.\n\nEn resumen, tanto la manipulación del coeficiente de caja como las Operaciones de Mercado Abierto son herramientas que las autoridades monetarias pueden utilizar para influir en la cantidad de dinero en circulación y en las condiciones económicas generales. Estas medidas pueden tener efectos en los tipos de interés, la inflación y el crecimiento económico.",
        "old_text": "Pero podrá jugar con 800.000, ¿vale? Y esto lo podrá dejar y podrá hacer del millón de euros, si os acordáis, era 1 partido por, ¿no? El coeficiente de caja, ¿no? 1 partido por 0, 5, ¿no? Pues de un millón de euros podrá hacer 5 millones de euros, ¿no? Al final. ¿Veis? Que la economía va mal. ¿Y quieres inyectar dinero en la economía? Baja el coeficiente de caja, ¿vale? Del 20 lo puedes bajar al 10%. Eso significa que ahora aquí solo han de guardar 100.000, ¿vale? Pueden empezar con 900.000 y pueden llegar a crear 10 millones de euros. ¿Veis? Cuanto más dinero, ¿qué va a ocurrir con el precio de alquilar dinero? Más barato, ¿no? Por lo tanto, como efecto secundario, esto va a provocar que bajen los tipos de interés, ¿no? Que eso también va a beneficiar la economía. Esa es la idea. Vale, este es fácil, ¿no? Vamos ahora al siguiente. Mirad, el siguiente se llama... Operaciones Open Market. ¿Vale? Operaciones de mercado abierto. Operaciones de mercado abierto. Y esto consiste en... Flipar, ¿eh? Flipar lo que vais a... Porque ahora os girará un poco la cabeza, ¿vale? Esto consiste en... Comprar... Y vender... Deuda pública. ¿Vale? Entonces fijaros, ¿eh? Imaginemos que estamos en una expansión. En una euforia económica. Hay inflación de demanda. Alejandro, inflación de demanda. ¿Vale? ¿Qué tenemos que hacer? Sacar, ¿no? Dinero a la gente, ¿no? Comprar los intereses. Comprar. Vender deuda pública. Fijaros, ¿eh? Vender deuda pública. Te vendo deuda pública.",
        "kind": "online_video",
        "file_number": "42",
        "filename": "7 4 Instrumentos de Política Monetaria-wav.json",
        "url": "https://www.youtube.com/watch?v=MUN0WYelJ5c&t=107s",
        "source": "7 4 Instrumentos de Política Monetaria-wav"
    },
    {
        "number": 3,
        "timestamp_start": "00:03:45,500",
        "timestamp_end": "00:05:12,100",
        "text": "Al vender deuda pública, el gobierno está emitiendo títulos de deuda para financiar sus gastos. En este proceso, el gobierno está absorbiendo dinero del mercado, lo que tiene un impacto en la cantidad de dinero disponible en la economía. Cuando un individuo o entidad compra deuda pública, está invirtiendo su dinero en estos títulos emitidos por el gobierno, lo que significa que ese dinero ya no está disponible para ser utilizado de otras formas. Esto puede tener efectos en la economía, ya que reduce la cantidad de dinero circulante y puede influir en las tasas de interés y en la disponibilidad de crédito en el mercado. \n\nEn el contexto macroeconómico, la emisión y venta de deuda pública es una herramienta importante que los gobiernos utilizan para financiar sus operaciones y proyectos. Al mismo tiempo, esta acción puede tener implicaciones en la economía en términos de oferta monetaria, inversión y políticas fiscales.",
        "old_text": "Dame el millón de euros. Eso. ¿Lo veis o no? ¿Qué acabo de hacer? Ah, el barco que estaba comprando. Claro. Él se cree... Él se cree que lo estoy haciendo rico, pero yo me he quedado su pasta. ¿Lo veis o no? Sí. Cuando yo vendo deuda pública, estoy pasando la aspiradora. Pues estoy sacando pasta. Vale, os vendo la moto que os voy a hacer ricos, ¿no? Que es lo que crea Arturo, ¿no? Que un día sea rojo porque tiene detrás el tesoro y tal. Pero lo que es evidente es que la pasta que tú tenías ya no la tienes, ¿no? La tiene el Tesoro de España. Pero bueno, porque tú la entes a porque me la aseguras. Sí, sí. Pero es que ya no la tienes esa pasta. Vale. No, no. Yo lo único que quiero es que no la tienes, ¿no? Entonces, Erick tenía 600.000... No, un millón, perdona Erick, ¿eh? ¿Vale? Un millón en el Banco de Santander y acaba de comprar deuda pública. Acaba de desaparecer este millón. ¿Lo veis? ¡Uah! Toda capacidad de dinero acaba de desaparecer. Lo que es evidente es que yo hago que el acordeón se haga más pequeño. Que alguien me diga: \"Oye, José, largo plazo, qué mal rollo y tal\". ¿Qué importa, hombre? Que yo haga más plazo. Ahora es evidente que yo he conseguido que la deuda sea menor, ¿no? Que es lo que quería. ¿Vale? Y ahora flipar, ¿no? Porque, claro, vosotros seguro que habéis visto anuncios en la tele, en los diarios, en todos lados, ¿no? De que te venden deuda pública.",
        "kind": "online_video",
        "file_number": "42",
        "filename": "7 4 Instrumentos de Política Monetaria-wav.json",
        "url": "https://www.youtube.com/watch?v=MUN0WYelJ5c&t=225s",
        "source": "7 4 Instrumentos de Política Monetaria-wav"
    },
    {
        "number": 4,
        "timestamp_start": "00:05:12,100",
        "timestamp_end": "00:18:49,100",
        "text": "error",
        "old_text": "Pero nunca habéis visto anuncios que te dicen... O a ti te han llamado y te han dicho: \"Eh, eh, Arturo, ¿te acuerdas la deuda pública que te vendimos? Oye, que ahora te la recompramos\". Eso no ocurre. ¿Vale? Pero quiero que sepáis una cosa. Cada día, cada día, cada día, cada día, cada día, cada día, cada día, cada día, cada día, cada día, cada día, cada día, cada día, cada día, cada día, cada día, cada día, cada día, cada día, cada día, cada día, cada día, cada día, cada día, cada día, cada día, cada día, cada día, cada día, cada día, cada día, cada día, cada día, cada día, cada día, cada día, cada día, cada día, cada día, cada día, cada día, cada día, cada día, cada día, cada día, cada día, cada día, cada día, cada día, cada día, cada día, cada día, cada día, cada día, cada día, cada día, cada día, cada día, cada día, cada día, cada día, cada día, cada día, cada día, cada día, cada día, cada día, cada día, cada día, cada día, cada día, cada día, cada día, cada día, cada día, cada día, cada día, cada día, cada día, cada día, cada día, cada día, cada día, cada día, cada día, cada día, cada día, cada día, cada día, cada día, cada día, cada día, cada día, cada día, cada día, cada día, cada día, cada día, cada día, cada día, cada día, cada día, cada día, cada día, cada día, cada día, cada día, cada día, cada día, cada día, cada día, cada día, cada día, cada día, cada día, cada día, cada día, cada día, cada día, cada día, cada día, cada día, cada día, cada día, cada día, cada día, cada día, cada día, cada día, cada día, cada día, cada día, cada día, cada día, cada día, cada día, cada día, cada día, cada día, cada día, cada día, cada día, cada día, cada día, cada día, cada día día, cada día, cada día, cada día, cada día, cada día, cada día, cada día, cada día, cada día, cada día, cada día, cada día, cada día, cada día, cada día, cada día, cada día, cada día, cada día, cada día, cada día, cada día, cada día, cada día, cada día, cada día, cada día, cada día, cada día, cada día, cada día, cada día, cada día, cada día, cada día, cada día, cada día, cada día, cada día, cada día, cada día, cada día, cada día, cada día, cada día, cada día, cada día, cada día, cada día, cada día, cada día, cada día, cada día, cada día, cada día, cada día, cada día, cada día, cada día, cada día, cada día, cada día, cada día, cada día, cada día, cada día, cada día, cada día día, cada día, cada día, cada día, cada día, cada día, cada día, cada día, cada día, cada día, cada día, cada día, cada día, cada día, cada día, cada día, cada día, cada día, cada día, cada día, cada día, cada día, cada día, cada día, cada día, cada día, cada día, cada día, cada día, cada día, cada día, cada día, cada día, cada día, cada día, cada día, cada día, cada día, cada día, cada día, cada día, cada día, cada día, cada día, cada día, cada día, cada día, cada día, cada día, cada día, cada día, cada día, cada día, cada día, cada día, cada día, cada día, cada día, cada día, cada día, cada día, cada día, cada día, cada día, cada día, cada día, cada día, cada día, cada día día, cada día, cada día, cada día, cada día, cada día, cada día, cada día, cada día, cada día, cada día, cada día, cada día, cada día, cada día, cada día, cada día, cada día, cada día, cada día, cada día, cada día, cada día, cada día, cada día, cada día, cada día, cada día, cada día, cada día, cada día, cada día, cada día, cada día, cada día, cada día, cada día, cada día, cada día, cada día, cada día, cada día, cada día, cada día, cada día, cada día, cada día, cada día, cada día, cada día, cada día, cada día, cada día, cada día, cada día, cada día, cada día, cada día, cada día, cada día, cada día, cada día, cada día, cada día, cada día, cada día, cada día, cada día, cada día día, cada día, cada día, cada día, cada día, cada día, cada día, cada día, cada día, cada día, cada día, cada día, cada día, cada día, cada día, cada día, cada día, cada día, cada día, cada día, cada día, cada día, cada día, cada día, cada día, cada día, cada día, cada día, cada día, cada día, cada día, cada día, cada día, cada día, cada día, cada día, cada día, cada día, cada día, cada día, cada día, cada día, cada día, cada día, cada día, cada día, cada día, cada día, cada día, cada día, cada día, cada día, cada día, cada día, cada día, cada día, cada día, cada día, cada día, cada día, cada día, cada día, cada día, cada día, cada día, cada día, cada día, cada día, cada día día, cada día, cada día, cada día, cada día, cada día, cada día, cada día, cada día, cada día, cada día, cada día, cada día, cada día, cada día, cada día, cada día, cada día, cada día, cada día, cada día, cada día, cada día, cada día, cada día, cada día, cada día, cada día, cada día, cada día, cada día, cada día, cada día, cada día, cada día, cada día, cada día, cada día, cada día, cada día, cada día, cada día, cada día, cada día, cada día, cada día, cada día, cada día, cada día, cada día, cada día, cada día, cada día, cada día, cada día, cada día, cada día, cada día, cada día, cada día, cada día, cada día, cada día, cada día, cada día, cada día, cada día, cada día, cada día día, cada día, cada día, cada día, cada día, cada día, cada día, cada día, cada día, cada día, cada día, cada día, cada día, cada día, cada día, cada día, cada día, cada día, cada día, cada día, cada día, cada día, cada día, cada día, cada día, cada día, cada día, cada día, cada día, cada día, cada día, cada día, cada día, cada día, cada día, cada día, cada día, cada día, cada día, cada día, cada día, cada día, cada día, cada día, cada día, cada día, cada día, cada día, cada día, cada día, cada día, cada día, cada día, cada día, cada día, cada día, cada día, cada día, cada día, cada día, cada día, cada día, cada día, cada día, cada día, cada día, cada día, cada día, cada día día, cada día, cada día, cada día, cada día, cada día, cada día, cada día, cada día, cada día, cada día, cada día, cada día, cada día, cada día, cada día, cada día, cada día, cada día, cada día, cada día, cada día, cada día, cada día, cada día, cada día, cada día, cada día, cada día, cada día, cada día, cada día, cada día, cada día, cada día, cada día, cada día, cada día, cada día, cada día, cada día, cada día, cada día, cada día, cada día, cada día, cada día, cada día, cada día, cada día, cada día, cada día, cada día, cada día, cada día, cada día, cada día, cada día, cada día, cada día, cada día, cada día, cada día, cada día, cada día, cada día, cada día, cada día, cada día día, cada día, cada día, cada día, cada día, cada día, cada día, cada día, cada día, cada día, cada día, cada día, cada día, cada día, cada día, cada día, cada día, cada día, cada día, cada día, cada día, cada día, cada día, cada día, cada día, cada día, cada día, cada día, cada día, cada día, cada día, cada día, cada día, cada día, cada día, cada día, cada día, cada día, cada día, cada día, cada día, cada día, cada día, cada día, cada día, cada día, cada día, cada día, cada día, cada día, cada día, cada día, cada día, cada día, cada día, cada día, cada día, cada día, cada día, cada día, cada día, cada día, cada día, cada día, cada día, cada día, cada día, cada día, cada día día, cada día, cada día, cada día, cada día, cada día, cada día, cada día, cada día, cada día, cada día, cada día, cada día, cada día, cada día, cada día, cada día, cada día, cada día, cada día, cada día, cada día, cada día, cada día, cada día, cada día, cada día, cada día, cada día, cada día, cada día, cada día, cada día, cada día, cada día, cada día, cada día, cada día, cada día, cada día, cada día, cada día, cada día, cada día, cada día, cada día, cada día, cada día, cada día, cada día, cada día, cada día, cada día, cada día, cada día, cada día, cada día, cada día, cada día, cada día, cada día, cada día, cada día, cada día, cada día, cada día, cada día, cada día, cada día día, cada día, cada día, cada día, cada día, cada día, cada día, cada día, cada día, cada día, cada día, cada día, cada día, cada día, cada día, cada día, cada día, cada día, cada día, cada día, cada día, cada día, cada día, cada día, cada día, cada día, cada día, cada día, cada día, cada día, cada día, cada día, cada día, cada día, cada día, cada día, cada día, cada día, cada día, cada día, cada día, cada día, cada día, cada día, cada día, cada día, cada día, cada día, cada día, cada día, cada día, cada día, cada día, cada día, cada día, cada día, cada día, cada día, cada día, cada día, cada día, cada día, cada día, cada día, cada día, cada día, cada día, cada día, cada día día, cada día, cada día, cada día, cada día, cada día, cada día, cada día, cada día, cada día, cada día, cada día, cada día, cada día, cada día, cada día, cada día, cada día, cada día, cada día, cada día, cada día, cada día, cada día, cada día, cada día, cada día, cada día, cada día, cada día, cada día, cada día, cada día, cada día, cada día, cada día, cada día, cada día, cada día, cada día, cada día, cada día, cada día, cada día, cada día, cada día, cada día, cada día, cada día, cada día, cada día, cada día, cada día, cada día, cada día, cada día, cada día, cada día, cada día, cada día, cada día, cada día, cada día, cada día, cada día, cada día, cada día, cada día, cada día día, cada día, cada día, cada día, cada día, cada día, cada día, cada día, cada día, cada día, cada día, cada día, cada día, cada día, cada día, cada día, cada día, cada día, cada día, cada día, cada día, cada día, cada día, cada día, cada día, cada día, cada día, cada día, cada día, cada día, cada día, cada día, cada día, cada día, cada día, cada día, cada día, cada día, cada día, cada día, cada día, cada día, cada día, cada día, cada día, cada día, cada día, cada día, cada día, cada día, cada día, cada día, cada día, cada día, cada día, cada día, cada día, cada día, cada día, cada día, cada día, cada día, cada día, cada día, cada día, cada día, cada día, cada día, cada día día, cada día, cada día, cada día, cada día, cada día, cada día, cada día, cada día, cada día, cada día, cada día, cada día, cada día, cada día, cada día, cada día, cada día, cada día, cada día, cada día, cada día, cada día, cada día, cada día, cada día, cada día, cada día, cada día, cada día, cada día, cada día, cada día, cada día, cada día, cada día, cada día, cada día, cada día, cada día, cada día, cada día, cada día, cada día, cada día, cada día, cada día, cada día, cada día, cada día, cada día, cada día, cada día, cada día, cada día, cada día, cada día, cada día, cada día, cada día, cada día, cada día, cada día, cada día, cada día, cada día, cada día, cada día, cada día día, cada día, cada día, cada día, cada día, cada día, cada día, cada día, cada día, cada día, cada día, cada día, cada día, cada día, cada día, cada día, cada día, cada día, cada día, cada día, cada día, cada día, cada día, cada día, cada día, cada día, cada día, cada día, cada día, cada día, cada día, cada día, cada día, cada día, cada día, cada día, cada día, cada día, cada día, cada día, cada día, cada día, cada día, cada día, cada día, cada día, cada día, cada día, cada día, cada día, cada día, cada día, cada día, cada día, cada día, cada día, cada día, cada día, cada día, cada día, cada día, cada día, cada día, cada día, cada día, cada día, cada día, cada día, cada día día, cada día, cada día, cada día, cada día, cada día, cada día, cada día, cada día, cada día, cada día, cada día, cada día, cada día, cada día, cada día, cada día, cada día, cada día, cada día, cada día, cada día, cada día, cada día, cada día, cada día, cada día, cada día, cada día, cada día, cada día, cada día, cada día, cada día, cada día, cada día, cada día, cada día, cada día, cada día, cada día, cada día, cada día, cada día, cada día, cada día, cada día, cada día, cada día, cada día, cada día, cada día, cada día, cada día, cada día, cada día, cada día, cada día, cada día, cada día, cada día, cada día, cada día, cada día, cada día, cada día, cada día, cada día, cada día día, cada día, cada día, cada día, cada día, cada día, cada día, cada día, cada día, cada día, cada día, cada día, cada día, cada día, cada día, cada día, cada día, cada día, cada día, cada día, cada día, cada día, cada día, cada día, cada día, cada día, cada día, cada día, cada día, cada día, cada día, cada día, cada día, cada día, cada día, cada día, cada día, cada día, cada día, cada día, cada día, cada día, cada día, cada día, cada día, cada día, cada día, cada día, cada día, cada día, cada día, cada día, cada día, cada día, cada día, cada día, cada día, cada día, cada día, cada día, cada día, cada día, cada día, cada día, cada día, cada día, cada día, cada día, cada día día, cada día, cada día, cada día, cada día, cada día, cada día, cada día, cada día, cada día, cada día, cada día, cada día, cada día, cada día, cada día, cada día, cada día, cada día, cada día, cada día, cada día, cada día, cada día, cada día, cada día, cada día, cada día, cada día, cada día, cada día, cada día, cada día, cada día, cada día, cada día, cada día, cada día, cada día, cada día, cada día, cada día, cada día, cada día, cada día, cada día, cada día, cada día, cada día, cada día, cada día, cada día, cada día, cada día, cada día, cada día, cada día, cada día, cada día, cada día, cada día, cada día, cada día, cada día, cada día, cada día, cada día, cada día, cada día día, cada día, cada día, cada día, cada día, cada día, cada día, cada día, cada día, cada día, cada día, cada día, cada día, cada día, cada día, cada día, cada día, cada día, cada día, cada día, cada día, cada día, cada día, cada día, cada día, cada día, cada día, cada día, cada día, cada día, cada día, cada día, cada día, cada día, cada día, cada día, cada día, cada día, cada día, cada día, cada día, cada día, cada día, cada día, cada día, cada día, cada día, cada día, cada día, cada día, cada día, cada día, cada día, cada día, cada día, cada día, cada día, cada día, cada día, cada día, cada día, cada día, cada día, cada día, cada día, cada día, cada día, cada día, cada día día, cada día, cada día, cada día, cada día, cada día, cada día, cada día, cada día, cada día, cada día, cada día, cada día, cada día, cada día, cada día, cada día, cada día, cada día, cada día, cada día, cada día, cada día, cada día, cada día, cada día, cada día, cada día, cada día, cada día, cada día, cada día, cada día, cada día, cada día, cada día, cada día, cada día, cada día, cada día, cada día, cada día, cada día, cada día, cada día, cada día, cada día, cada día, cada día, cada día, cada día, cada día, cada día, cada día, cada día, cada día, cada día, cada día, cada día, cada día, cada día, cada día, cada día, cada día, cada día, cada día, cada día, cada día, cada día día, cada día, cada día, cada día, cada día, cada día, cada día, cada día, cada día, cada día, cada día, cada día, cada día, cada día, cada día, cada día, cada día, cada día, cada día, cada día, cada día, cada día, cada día, cada día, cada día, cada día, cada día, cada día, cada día, cada día, cada día, cada día, cada día, cada día, cada día, cada día, cada día, cada día, cada día, cada día, cada día, cada día, cada día, cada día, cada día, cada día, cada día, cada día, cada día, cada día, cada día, cada día, cada día, cada día, cada día, cada día, cada día, cada día, cada día, cada día, cada día, cada día, cada día, cada día, cada día, cada día, cada día, cada día, cada día día, cada día, cada día, cada día, cada día, cada día, cada día, cada día, cada día, cada día, cada día, cada día, cada día, cada día, cada día, cada día, cada día, cada día, cada día, cada día, cada día, cada día, cada día, cada día, cada día, cada día, cada día, cada día, cada día, cada día, cada día, cada día, cada día, cada día, cada día, cada día, cada día, cada día, cada día, cada día, cada día, cada día, cada día, cada día, cada día, cada día, cada día, cada día, cada día, cada día, cada día, cada día, cada día, cada día, cada día, cada día, cada día, cada día, cada día, cada día, cada día, cada día, cada día, cada día, cada día, cada día, cada día, cada día, cada día día, cada día, cada día, cada día, cada día, cada día, cada día, cada día, cada día, cada día, cada día, cada día, cada día, cada día, cada día, cada día, cada día, cada día, cada día, cada día, cada día, cada día, cada día, cada día, cada día, cada día, cada día, cada día, cada día, cada día, cada día, cada día, cada día, cada día, cada día, cada día, cada día, cada día, cada día, cada día, cada día, cada día, cada día, cada día, cada día, cada día, cada día, cada día, cada día, cada día, cada día, cada día, cada día, cada día, cada día, cada día, cada día, cada día, cada día, cada día, cada día, cada día, cada día, cada día, cada día, cada día, cada día, cada día, cada día día, cada día, cada día, cada día, cada día, cada día, cada día, cada día, cada día, cada día, cada día, cada día, cada día, cada día, cada día, cada día, cada día, cada día, cada día, cada día, cada día, cada día, cada día, cada día, cada día, cada día, cada día, cada día, cada día, cada día, cada día, cada día, cada día, cada día, cada día, cada día, cada día, cada día, cada día, cada día, cada día, cada día, cada día, cada día, cada día, cada día, cada día, cada día, cada día, cada día, cada día, cada día, cada día, cada día, cada día, cada día, cada día, cada día, cada día, cada día, cada día, cada día, cada día, cada día, cada día, cada día, cada día, cada día, cada día día, cada día, cada día, cada día, cada día, cada día, cada día, cada día, cada día, cada día, cada día, cada día, cada día, cada día, cada día, cada día, cada día, cada día, cada día, cada día, cada día, cada día, cada día, cada día, cada día, cada día, cada día, cada día, cada día, cada día, cada día, cada día, cada día, cada día, cada día, cada día, cada día, cada día, cada día, cada día, cada día, cada día, cada día, cada día, cada día, cada día, cada día, cada día, cada día, cada día, cada día, cada día, cada día, cada día, cada día, cada día, cada día, cada día, cada día, cada día, cada día, cada día, cada día, cada día, cada día, cada día, cada día, cada día, cada día día, cada día, cada día, cada día, cada día, cada día, cada día, cada día, cada día, cada día, cada día, cada día, cada día, cada día, cada día, cada día, cada día, cada día, cada día, cada día, cada día, cada día, cada día, cada día, cada día, cada día, cada día, cada día, cada día, cada día, cada día, cada día, cada día, cada día, cada día, cada día, cada día, cada día, cada día, cada día, cada día, cada día, cada día, cada día, cada día, cada día, cada día, cada día, cada día, cada día, cada día, cada día, cada día, cada día, cada día, cada día, cada día, cada día, cada día, cada día, cada día, cada día, cada día, cada día, cada día, cada día, cada día, cada día, cada día día, cada día, cada día, cada día, cada día, cada día, cada día, cada día, cada día, cada día, cada día, cada día, cada día, cada día, cada día, cada día, cada día, cada día, cada día, cada día, cada día, cada día, cada día, cada día, cada día, cada día, cada día, cada día, cada día, cada día, cada día, cada día, cada día, cada día, cada día, cada día, cada día, cada día, cada día, cada día, cada día, cada día, cada día, cada día, cada día, cada día, cada día, cada día, cada día, cada día, cada día, cada día, cada día, cada día, cada día, cada día, cada día, cada día, cada día, cada día, cada día, cada día, cada día, cada día, cada día, cada día, cada día, cada día, cada día día, cada día, cada día, cada día, cada día, cada día, cada día, cada día, cada día, cada día, cada día, cada día, cada día, cada día, cada día, cada día, cada día, cada día, cada día, cada día, cada día, cada día, cada día, cada día, cada día, cada día, cada día, cada día, cada día, cada día, cada día, cada día, cada día, cada día, cada día, cada día, cada día, cada día, cada día, cada día, cada día, cada día, cada día, cada día, cada día, cada día, cada día, cada día, cada día, cada día, cada día, cada día, cada día, cada día, cada día, cada día, cada día, cada día, cada día, cada día, cada día, cada día, cada día, cada día, cada día, cada día, cada día, cada día, cada día día, cada día, cada día, cada día, cada día, cada día, cada día, cada día, cada día, cada día, cada día, cada día, cada día, cada día, cada día, cada día, cada día, cada día, cada día, cada día, cada día, cada día, cada día, cada día, cada día, cada día, cada día, cada día, cada día, cada día, cada día, cada día, cada día, cada día, cada día, cada día, cada día, cada día, cada día, cada día, cada día, cada día, cada día, cada día, cada día, cada día, cada día, cada día, cada día, cada día, cada día, cada día, cada día, cada día, cada día, cada día, cada día, cada día, cada día, cada día, cada día, cada día, cada día, cada día, cada día, cada día, cada día, cada día, cada día día, cada día, cada día, cada día, cada día, cada día, cada día, cada día, cada día, cada día, cada día, cada día, cada día, cada día, cada día, cada día, cada día, cada día, cada día, cada día, cada día, cada día, cada día, cada día, cada día, cada día, cada día, cada día, cada día, cada día, cada día, cada día, cada día, cada día, cada día, cada día, cada día, cada día, cada día, cada día, cada día, cada día, cada día, cada día, cada día, cada día, cada día, cada día, cada día, cada día, cada día, cada día, cada día, cada día, cada día, cada día, cada día, cada día, cada día, cada día, cada día, cada día, cada día, cada día, cada día, cada día, cada día, cada día, cada día día, cada día, cada día, cada día, cada día, cada día, cada día, cada día, cada día, cada día, cada día, cada día, cada día, cada día, cada día, cada día, cada día, cada día, cada día, cada día, cada día, cada día, cada día, cada día, cada día, cada día, cada día, cada día, cada día, cada día, cada día, cada día, cada día, cada día, cada día, cada día, cada día, cada día, cada día, cada día, cada día, cada día, cada día, cada día, cada día, cada día, cada día, cada día, cada día, cada día, cada día, cada día, cada día, cada día, cada día, cada día, cada día, cada día, cada día, cada día, cada día, cada día, cada día, cada día, cada día, cada día, cada día, cada día, cada día día, cada día, cada día, cada día, cada día, cada día, cada día, cada día, cada día, cada día, cada día, cada día, cada día, cada día, cada día, cada día, cada día, cada día, cada día, cada día, cada día, cada día, cada día, cada día, cada día, cada día, cada día, cada día, cada día, cada día, cada día, cada día, cada día, cada día, cada día, cada día, cada día, cada día, cada día, cada día, cada día, cada día, cada día, cada día, cada día, cada día, cada día, cada día, cada día, cada día, cada día, cada día, cada día, cada día, cada día, cada día, cada día, cada día, cada día, cada día, cada día, cada día, cada día, cada día, cada día, cada día, cada día, cada día, cada día día, cada día, cada día, cada día, cada día, cada día, cada día, cada día, cada día, cada día, cada día, cada día, cada día, cada día, cada día, cada día, cada día, cada día, cada día, cada día, cada día, cada día, cada día, cada día, cada día, cada día, cada día, cada día, cada día, cada día, cada día, cada día, cada día, cada día, cada día, cada día, cada día, cada día, cada día, cada día, cada día, cada día, cada día, cada día, cada día, cada día, cada día, cada día, cada día, cada día, cada día, cada día, cada día, cada día, cada día, cada día, cada día, cada día, cada día, cada día, cada día, cada día, cada día, cada día, cada día, cada día, cada día, cada día, cada día día, cada día, cada día, cada día, cada día, cada día, cada día, cada día, cada día, cada día, cada día, cada día, cada día, cada día, cada día, cada día, cada día, cada día, cada día, cada día, cada día, cada día, cada día, cada día, cada día, cada día, cada día, cada día, cada día, cada día, cada día, cada día, cada día, cada día, cada día, cada día, cada día, cada día, cada día, cada día, cada día, cada día, cada día, cada día, cada día, cada día, cada día, cada día, cada día, cada día, cada día, cada día, cada día, cada día, cada día, cada día, cada día, cada día, cada día, cada día, cada día, cada día, cada día, cada día, cada día, cada día, cada día, cada día, cada día día, cada día, cada día, cada día, cada día, cada día, cada día, cada día, cada día, cada día, cada día, cada día, cada día, cada día, cada día, cada día, cada día, cada día, cada día, cada día, cada día, cada día, cada día, cada día, cada día, cada día, cada día, cada día, cada día, cada día, cada día, cada día, cada día, cada día, cada día, cada día, cada día, cada día, cada día, cada día, cada día, cada día, cada día, cada día, cada día, cada día, cada día, cada día, cada día, cada día, cada día, cada día, cada día, cada día, cada día, cada día, cada día, cada día, cada día, cada día, cada día, cada día, cada día, cada día, cada día, cada día, cada día, cada día, cada día día, cada día, cada día, cada día, cada día, cada día, cada día, cada día, cada día, cada día, cada día, cada día, cada día, cada día, cada día, cada día, cada día, cada día, cada día, cada día, cada día, cada día, cada día, cada día, cada día, cada día, cada día, cada día, cada día, cada día, cada día, cada día, cada día, cada día, cada día, cada día, cada día, cada día, cada día, cada día, cada día, cada día, cada día, cada día, cada día, cada día, cada día, cada día, cada día, cada día, cada día, cada día, cada día, cada día, cada día, cada día, cada día, cada día, cada día, cada día, cada día, cada día, cada día, cada día, cada día, cada día, cada día, cada día, cada día día, cada día, cada día, cada día, cada día, cada día, cada día, cada día, cada día, cada día, cada día, cada día, cada día, cada día, cada día, cada día, cada día, cada día, cada día, cada día, cada día, cada día, cada día, cada día, cada día, cada día, cada día, cada día, cada día, cada día, cada día, cada día, cada día, cada día, cada día, cada día, cada día, cada día, cada día, cada día, cada día, cada día, cada día, cada día, cada día, cada día, cada día, cada día, cada día, cada día, cada día, cada día, cada día, cada día, cada día, cada día, cada día, cada día, cada día, cada día, cada día, cada día, cada día, cada día, cada día, cada día, cada día, cada día, cada día día, cada día, cada día, cada día, cada día, cada día, cada día, cada día, cada día, cada día, cada día, cada día, cada día, cada día, cada día, cada día, cada día, cada día, cada día, cada día, cada día, cada día, cada día, cada día, cada día, cada día, cada día, cada día, cada día, cada día, cada día, cada día, cada día, cada día, cada día, cada día, cada día, cada día, cada día, cada día, cada día, cada día, cada día, cada día, cada día, cada día, cada día, cada día, cada día, cada día, cada día, cada día, cada día, cada día, cada día, cada día, cada día, cada día, cada día, cada día, cada día, cada día, cada día, cada día, cada día, cada día, cada día, cada día, cada día día, cada día, cada día, cada día, cada día, cada día, cada día, cada día, cada día, cada día, cada día, cada día, cada día, cada día, cada día, cada día, cada día, cada día, cada día, cada día, cada día, cada día, cada día, cada día, cada día, cada día, cada día, cada día, cada día, cada día, cada día, cada día, cada día, cada día, cada día, cada día, cada día, cada día, cada día, cada día, cada día, cada día, cada día, cada día, cada día, cada día, cada día, cada día, cada día, cada día, cada día, cada día, cada día, cada día, cada día, cada día, cada día, cada día, cada día, cada día, cada día, cada día, cada día, cada día, cada día, cada día, cada día, cada día, cada día día, cada día, cada día, cada día, cada día, cada día, cada día, cada día, cada día, cada día, cada día, cada día, cada día, cada día, cada día, cada día, cada día, cada día, cada día, cada día, cada día, cada día, cada día, cada día, cada día, cada día, cada día, cada día, cada día, cada día, cada día, cada día, cada día, cada día, cada día, cada día, cada día, cada día, cada día, cada día, cada día, cada día, cada día, cada día, cada día, cada día, cada día, cada día, cada día, cada día, cada día, cada día, cada día, cada día, cada día, cada día, cada día, cada día, cada día, cada día, cada día, cada día, cada día, cada día, cada día, cada día, cada día, cada día, cada día día, cada día, cada día, cada día, cada día, cada día, cada día, cada día, cada día, cada día, cada día, cada día, cada día, cada día, cada día, cada día, cada día, cada día, cada día, cada día, cada día, cada día, cada día, cada día, cada día, cada día, cada día, cada día, cada día, cada día, cada día, cada día, cada día, cada día, cada día, cada día, cada día, cada día, cada día, cada día, cada día, cada día, cada día, cada día, cada día, cada día, cada día, cada día, cada día, cada día, cada día, cada día, cada día, cada día, cada día, cada día, cada día, cada día, cada día, cada día, cada día, cada día, cada día, cada día, cada día, cada día, cada día, cada día, cada día día, cada día, cada día, cada día, cada día, cada día, cada día, cada día, cada día, cada día, cada día, cada día, cada día, cada día, cada día, cada día, cada día, cada día, cada día, cada día, cada día, cada día, cada día, cada día, cada día, cada día, cada día, cada día, cada día, cada día, cada día, cada día, cada día, cada día, cada día, cada día, cada día, cada día, cada día, cada día, cada día, cada día, cada día, cada día, cada día, cada día, cada día, cada día, cada día, cada día, cada día, cada día, cada día, cada día, cada día, cada día, cada día, cada día, cada día, cada día, cada día, cada día, cada día, cada día, cada día, cada día, cada día, cada día, cada día día, cada día, cada día, cada día, cada día, cada día, cada día, cada día, cada día, cada día, cada día, cada día, cada día, cada día, cada día, cada día, cada día, cada día, cada día, cada día, cada día, cada día, cada día, cada día, cada día, cada día, cada día, cada día, cada día, cada día, cada día, cada día, cada día, cada día, cada día, cada día, cada día, cada día, cada día, cada día, cada día, cada día, cada día, cada día, cada día, cada día, cada día, cada día, cada día, cada día, cada día, cada día, cada día, cada día, cada día, cada día, cada día, cada día, cada día, cada día, cada día, cada día, cada día, cada día, cada día, cada día, cada día, cada día, cada día día, cada día, cada día, cada día, cada día, cada día, cada día, cada día, cada día, cada día, cada día, cada día, cada día, cada día, cada día, cada día, cada día, cada día, cada día, cada día, cada día, cada día, cada día, cada día, cada día, cada día, cada día, cada día, cada día, cada día, cada día, cada día, cada día, cada día, cada día, cada día, cada día, cada día, cada día, cada día, cada día, cada día, cada día, cada día, cada día, cada día, cada día, cada día, cada día, cada día, cada día, cada día, cada día, cada día, cada día, cada día, cada día, cada día, cada día, cada día, cada día, cada día, cada día, cada día, cada día, cada día, cada día, cada día, cada día día, cada día, cada día, cada día, cada día, cada día, cada día, cada día, cada día, cada día, cada día, cada día, cada día, cada día, cada día, cada día, cada día, cada día, cada día, cada día, cada día, cada día, cada día, cada día, cada día, cada día, cada día, cada día, cada día, cada día, cada día, cada día, cada día, cada día, cada día, cada día, cada día, cada día, cada día, cada día, cada día, cada día, cada día, cada día, cada día, cada día, cada día, cada día, cada día, cada día, cada día, cada día, cada día, cada día, cada día, cada día, cada día, cada día, cada día, cada día, cada día, cada día, cada día, cada día, cada día, cada día, cada día, cada día, cada día día, cada día, cada día, cada día, cada día, cada día, cada día, cada día, cada día, cada día, cada día, cada día, cada día, cada día, cada día, cada día, cada día, cada día, cada día, cada día, cada día, cada día, cada día, cada día, cada día, cada día, cada día, cada día, cada día, cada día, cada día, cada día, cada día, cada día, cada día, cada día, cada día, cada día, cada día, cada día, cada día, cada día, cada día, cada día, cada día, cada día, cada día, cada día, cada día, cada día, cada día, cada día, cada día, cada día, cada día, cada día, cada día, cada día, cada día, cada día, cada día, cada día, cada día, cada día, cada día, cada día, cada día, cada día, cada día día, cada día, cada día, cada día, cada día, cada día, cada día, cada día, cada día, cada día, cada día, cada día, cada día, cada día, cada día, cada día, cada día, cada día, cada día, cada día, cada día, cada día, cada día, cada día, cada día, cada día, cada día, cada día, cada día, cada día, cada día, cada día, cada día, cada día, cada día, cada día, cada día, cada día, cada día, cada día, cada día, cada día, cada día, cada día, cada día, cada día, cada día, cada día, cada día, cada día, cada día, cada día, cada día, cada día, cada día, cada día, cada día, cada día, cada día, cada día, cada día, cada día, cada día, cada día, cada día, cada día, cada día, cada día, cada día día, cada día, cada día, cada día, cada día, cada día, cada día, cada día, cada día, cada día, cada día, cada día, cada día, cada día, cada día, cada día, cada día, cada día, cada día, cada día, cada día, cada día, cada día, cada día, cada día, cada día, cada día, cada día, cada día, cada día, cada día, cada día, cada día, cada día, cada día, cada día, cada día, cada día, cada día, cada día, cada día, cada día, cada día, cada día, cada día, cada día, cada día, cada día, cada día, cada día, cada día, cada día, cada día, cada día, cada día, cada día, cada día, cada día, cada día, cada día, cada día, cada día, cada día, cada día, cada día, cada día, cada día, cada día, cada día día, cada día, cada día, cada día, cada día, cada día, cada día, cada día, cada día, cada día, cada día, cada día, cada día, cada día, cada día, cada día, cada día, cada día, cada día, cada día, cada día, cada día, cada día, cada día, cada día, cada día, cada día, cada día, cada día, cada día, cada día, cada día, cada día, cada día, cada día, cada día, cada día, cada día, cada día, cada día, cada día, cada día, cada día, cada día, cada día, cada día, cada día, cada día, cada día, cada día, cada día, cada día, cada día, cada día, cada día, cada día, cada día, cada día, cada día, cada día, cada día, cada día, cada día, cada día, cada día, cada día, cada día, cada día, cada día día, cada día, cada día, cada día, cada día, cada día, cada día, cada día, cada día, cada día, cada día, cada día, cada día, cada día, cada día, cada día, cada día, cada día, cada día, cada día, cada día, cada día, cada día, cada día, cada día, cada día, cada día, cada día, cada día, cada día, cada día, cada día, cada día, cada día, cada día, cada día, cada día, cada día, cada día, cada día, cada día, cada día, cada día, cada día, cada día, cada día, cada día, cada día, cada día, cada día, cada día, cada día, cada día, cada día, cada día, cada día, cada día, cada día, cada día, cada día, cada día, cada día, cada día, cada día, cada día, cada día, cada día, cada día, cada día día, cada día, cada día, cada día, cada día, cada día, cada día, cada día, cada día, cada día, cada día, cada día, cada día, cada día, cada día, cada día, cada día, cada día, cada día, cada día, cada día, cada día, cada día, cada día, cada día, cada día, cada día, cada día, cada día, cada día, cada día, cada día, cada día, cada día, cada día, cada día, cada día, cada día, cada día, cada día, cada día, cada día, cada día, cada día, cada día, cada día, cada día, cada día, cada día, cada día, cada día, cada día, cada día, cada día, cada día, cada día, cada día, cada día, cada día, cada día, cada día, cada día, cada día, cada día, cada día, cada día, cada día, cada día, cada día día, cada día, cada día, cada día, cada día, cada día, cada día, cada día, cada día, cada día, cada día, cada día, cada día, cada día, cada día, cada día, cada día, cada día, cada día, cada día, cada día, cada día, cada día, cada día, cada día, cada día, cada día, cada día, cada día, cada día, cada día, cada día, cada día, cada día, cada día, cada día, cada día, cada día, cada día, cada día, cada día, cada día, cada día, cada día, cada día, cada día, cada día, cada día, cada día, cada día, cada día, cada día, cada día, cada día, cada día, cada día, cada día, cada día, cada día, cada día, cada día, cada día, cada día, cada día, cada día, cada día, cada día, cada día, cada día día, cada día, cada día, cada día, cada día, cada día, cada día, cada día, cada día, cada día, cada día, cada día, cada día, cada día, cada día, cada día, cada día, cada día, cada día, cada día, cada día, cada día, cada día, cada día, cada día, cada día, cada día, cada día, cada día, cada día, cada día, cada día, cada día, cada día, cada día, cada día, cada día, cada día, cada día, cada día, cada día, cada día, cada día, cada día, cada día, cada día, cada día, cada día, cada día, cada día, cada día, cada día, cada día, cada día, cada día, cada día, cada día, cada día, cada día, cada día, cada día, cada día, cada día, cada día, cada día, cada día, cada día, cada día, cada día día, cada día, cada día, cada día, cada día, cada día, cada día, cada día, cada día, cada día, cada día, cada día, cada día, cada día, cada día, cada día, cada día, cada día, cada día, cada día, cada día, cada día, cada día, cada día, cada día, cada día, cada día, cada día, cada día, cada día, cada día, cada día, cada día, cada día, cada día, cada día, cada día, cada día, cada día, cada día, cada día, cada día, cada día, cada día, cada día, cada día, cada día, cada día, cada día, cada día, cada día, cada día, cada día, cada día, cada día, cada día, cada día, cada día, cada día, cada día, cada día, cada día, cada día, cada día, cada día, cada día, cada día, cada día, cada día día, cada día, cada día, cada día, cada día, cada día, cada día, cada día, cada día, cada día, cada día, cada día, cada día, cada día, cada día, cada día, cada día, cada día, cada día, cada día, cada día, cada día, cada día, cada día, cada día, cada día, cada día, cada día, cada día, cada día, cada día, cada día, cada día, cada día, cada día, cada día, cada día, cada día, cada día, cada día, cada día, cada día, cada día, cada día, cada día, cada día, cada día, cada día, cada día, cada día, cada día, cada día, cada día, cada día, cada día, cada día, cada día, cada día, cada día, cada día, cada día, cada día, cada día, cada día, cada día, cada día, cada día, cada día, cada día día, cada día, cada día, cada día, cada día, cada día, cada día, cada día, cada día, cada día, cada día, cada día, cada día, cada día, cada día, cada día, cada día, cada día, cada día, cada día, cada día, cada día, cada día, cada día, cada día, cada día, cada día, cada día, cada día, cada día, cada día, cada día, cada día, cada día, cada día, cada día, cada día, cada día, cada día, cada día, cada día, cada día, cada día, cada día, cada día, cada día, cada día, cada día, cada día, cada día, cada día, cada día, cada día, cada día, cada día, cada día, cada día, cada día, cada día, cada día día, cada día, cada día, cada día, cada día, cada día, cada día, cada día, cada día, cada día, cada día, cada día, cada día, cada día, cada día, cada día, cada día, cada día, cada día, cada día, cada día, cada día, cada día, cada día, cada día, cada día, cada día, cada día, cada día, cada día, cada día, cada día, cada día, cada día, cada día, cada día, cada día, cada día, cada día, cada día, cada día, cada día, cada día, cada día, cada día, cada día, cada día, cada día, cada día, cada día, cada día, cada día, cada día, cada día, cada día, cada día, cada día, cada día, cada día, cada día, cada día, cada día, cada día, cada día, cada día, cada día, cada día, cada día, cada día día, cada día, cada día, cada día, cada día, cada día, cada día, cada día, cada día, cada día, cada día, cada día, cada día, cada día, cada día, cada día, cada día, cada día, cada día, cada día, cada día, cada día, cada día, cada día, cada día, cada día, cada día, cada día, cada día, cada día, cada día, cada día, cada día, cada día, cada día, cada día, cada día, cada día, cada día, cada día, cada día, cada día, cada día, cada día, cada día, cada día, cada día, cada día, cada día, cada día, cada día, cada día, cada día, cada día, cada día, cada día, cada día, cada día, cada día, cada día, cada día, cada día, cada día, cada día, cada día, cada día, cada día, cada día, cada día día, cada día, cada día, cada día, cada día, cada día, cada día, cada día, cada día, cada día, cada día, cada día, cada día, cada día, cada día, cada día, cada día, cada día, cada día, cada día, cada día, cada día, cada día, cada día, cada día, cada día, cada día, cada día, cada día, cada día, cada día, cada día, cada día, cada día, cada día, cada día, cada día, cada día, cada día, cada día, cada día, cada día, cada día, cada día, cada día, cada día, cada día, cada día, cada día, cada día, cada día, cada día, cada día, cada día, cada día, cada día, cada día, cada día, cada día, cada día, cada día, cada día, cada día, cada día, cada día, cada día, cada día, cada día, cada día día, cada día, cada día, cada día, cada día, cada día, cada día, cada día, cada día, cada día, cada día, cada día, cada día, cada día, cada día, cada día, cada día, cada día, cada día, cada día, cada día, cada día, cada día, cada día, cada día, cada día, cada día, cada día, cada día, cada día, cada día, cada día, cada día, cada día, cada día, cada día, cada día, cada día, cada día, cada día, cada día, cada día, cada día, cada día, cada día, cada día, cada día, cada día, cada día, cada día, cada día, cada día, cada día, cada día, cada día, cada día, cada día, cada día, cada día, cada día, cada día, cada día, cada día, cada día, cada día, cada día, cada día, cada día, cada día día, cada día, cada día, cada día, cada día, cada día, cada día, cada día, cada día, cada día, cada día, cada día, cada día, cada día, cada día, cada día, cada día, cada día, cada día, cada día, cada día, cada día, cada día, cada día, cada día, cada día, cada día, cada día, cada día, cada día, cada día, cada día, cada día, cada día, cada día, cada día, cada día, cada día, cada día, cada día, cada día, cada día, cada día, cada día, cada día, cada día, cada día, cada día, cada día, cada día, cada día, cada día, cada día, cada día, cada día, cada día, cada día, cada día, cada día, cada día, cada día, cada día, cada día, cada día, cada día, cada día, cada día, cada día, cada día día, cada día, cada día, cada día, cada día, cada día, cada día, cada día, cada día, cada día, cada día, cada día, cada día, cada día, cada día, cada día, cada día, cada día, cada día, cada día, cada día, cada día, cada día, cada día, cada día, cada día, cada día, cada día, cada día, cada día, cada día, cada día, cada día, cada día, cada día, cada día, cada día, cada día, cada día, cada día, cada día, cada día, cada día, cada día, cada día, cada día, cada día, cada día, cada día, cada día, cada día, cada día, cada día, cada día, cada día, cada día, cada día, cada día, cada día, cada día, cada día, cada día, cada día, cada día, cada día, cada día, cada día, cada día, cada día día, cada día, cada día, cada día, cada día, cada día, cada día, cada día, cada día, cada día, cada día, cada día, cada día, cada día, cada día, cada día, cada día, cada día, cada día, cada día, cada día, cada día, cada día, cada día, cada día, cada día, cada día, cada día, cada día, cada día, cada día, cada día, cada día, cada día, cada día, cada día, cada día, cada día, cada día, cada día, cada día, cada día, cada día, cada día, cada día, cada día, cada día, cada día, cada día, cada día, cada día, cada día, cada día, cada día, cada día, cada día, cada día, cada día, cada día, cada día, cada día, cada día, cada día, cada día, cada día, cada día, cada día, cada día, cada día día, cada día, cada día, cada día, cada día, cada día, cada día, cada día, cada día, cada día, cada día, cada día, cada día, cada día, cada día, cada día, cada día, cada día, cada día, cada día, cada día, cada día, cada día, cada día, cada día, cada día, cada día, cada día, cada día, cada día, cada día, cada día, cada día, cada día, cada día, cada día, cada día, cada día, cada día, cada día, cada día, cada día, cada día, cada día, cada día, cada día, cada día, cada día, cada día, cada día, cada día, cada día, cada día, cada día, cada día, cada día, cada día, cada día, cada día, cada día, cada día, cada día, cada día, cada día, cada día, cada día, cada día, cada día, cada día día, cada día, cada día, cada día, cada día, cada día, cada día, cada día, cada día, cada día, cada día, cada día, cada día, cada día, cada día, cada día, cada día, cada día, cada día, cada día, cada día, cada día, cada día, cada día, cada día, cada día, cada día, cada día, cada día, cada día, cada día, cada día, cada día, cada día, cada día, cada día, cada día, cada día, cada día, cada día, cada día, cada día, cada día, cada día, cada día, cada día, cada día, cada día, cada día, cada día, cada día, cada día, cada día, cada día, cada día, cada día, cada día, cada día, cada día, cada día, cada día, cada día, cada día, cada día, cada día, cada día, cada día, cada día, cada día día, cada día, cada día, cada día, cada día, cada día, cada día, cada día, cada día, cada día, cada día, cada día, cada día, cada día, cada día, cada día, cada día, cada día, cada día, cada día, cada día, cada día, cada día, cada día, cada día, cada día, cada día, cada día, cada día, cada día, cada día, cada día, cada día, cada día, cada día, cada día, cada día, cada día, cada día, cada día, cada día, cada día, cada día, cada día, cada día, cada día, cada día, cada día, cada día, cada día, cada día, cada día, cada día, cada día, cada día, cada día, cada día, cada día, cada día, cada día, cada día, cada día, cada día, cada día, cada día, cada día, cada día, cada día, cada día día, cada día, cada día, cada día, cada día, cada día, cada día, cada día, cada día, cada día, cada día, cada día, cada día, cada día, cada día, cada día, cada día, cada día, cada día, cada día, cada día, cada día, cada día, cada día, cada día, cada día, cada día, cada día, cada día, cada día, cada día, cada día, cada día, cada día, cada día, cada día, cada día, cada día, cada día, cada día, cada día, cada día, cada día, cada día, cada día, cada día, cada día, cada día, cada día, cada día, cada día, cada día, cada día, cada día, cada día, cada día, cada día, cada día, cada día, cada día, cada día, cada día, cada día, cada día, cada día, cada día, cada día, cada día, cada día día, cada día, cada día, cada día, cada día, cada día, cada día, cada día, cada día, cada día, cada día, cada día, cada día, cada día, cada día, cada día, cada día, cada día, cada día, cada día, cada día, cada día, cada día, cada día, cada día, cada día, cada día, cada día, cada día, cada día, cada día, cada día, cada día, cada día, cada día, cada día, cada día, cada día, cada día, cada día, cada día, cada día, cada día, cada día, cada día, cada día, cada día, cada día, cada día, cada día, cada día, cada día, cada día, cada día, cada día, cada día, cada día, cada día, cada día, cada día, cada día, cada día, cada día, cada día, cada día, cada día, cada día, cada día, cada día día, cada día, cada día, cada día, cada día, cada día, cada día, cada día, cada día, cada día, cada día, cada día, cada día, cada día, cada día, cada día, cada día, cada día, cada día, cada día, cada día, cada día, cada día, cada día, cada día, cada día, cada día, cada día, cada día, cada día, cada día, cada día, cada día, cada día, cada día, cada día, cada día, cada día, cada día, cada día, cada día, cada día, cada día, cada día, cada día, cada día, cada día, cada día, cada día, cada día, cada día, cada día, cada día, cada día, cada día, cada día, cada día, cada día, cada día, cada día, cada día, cada día, cada día, cada día, cada día, cada día, cada día, cada día, cada día día, cada día, cada día, cada día, cada día, cada día, cada día, cada día, cada día, cada día, cada día, cada día, cada día, cada día, cada día, cada día, cada día, cada día, cada día, cada día, cada día, cada día, cada día, cada día, cada día, cada día, cada día, cada día, cada día, cada día, cada día, cada día, cada día, cada día, cada día, cada día, cada día, cada día, cada día, cada día, cada día, cada día, cada día, cada día, cada día, cada día, cada día, cada día, cada día, cada día, cada día, cada día, cada día, cada día, cada día, cada día, cada día, cada día, cada día, cada día, cada día, cada día, cada día, cada día, cada día, cada día, cada día, cada día, cada día día, cada día, cada día, cada día, cada día, cada día, cada día, cada día, cada día, cada día, cada día, cada día, cada día, cada día, cada día, cada día, cada día, cada día, cada día, cada día, cada día, cada día, cada día, cada día, cada día, cada día, cada día, cada día, cada día, cada día, cada día, cada día, cada día, cada día, cada día, cada día, cada día, cada día, cada día, cada día, cada día, cada día, cada día, cada día, cada día, cada día, cada día, cada día, cada día, cada día, cada día, cada día, cada día, cada día, cada día, cada día, cada día, cada día, cada día, cada día, cada día, cada día, cada día, cada día, cada día, cada día, cada día, cada día, cada día día, cada día, cada día, cada día, cada día, cada día, cada día, cada día, cada día, cada día, cada día, cada día, cada día, cada día, cada día, cada día, cada día, cada día, cada día, cada día, cada día, cada día, cada día, cada día, cada día, cada día, cada día, cada día, cada día, cada día, cada día, cada día, cada día, cada día, cada día, cada día, cada día, cada día, cada día, cada día, cada día, cada día, cada día, cada día, cada día, cada día, cada día, cada día, cada día, cada día, cada día, cada día, cada día, cada día, cada día, cada día, cada día, cada día, cada día, cada día, cada día, cada día, cada día, cada día, cada día, cada día, cada día, cada día, cada día día, cada día, cada día, cada día, cada día, cada día, cada día, cada día, cada día, cada día, cada día, cada día, cada día, cada día, cada día, cada día, cada día, cada día, cada día, cada día, cada día, cada día, cada día, cada día, cada día, cada día, cada día, cada día, cada día, cada día, cada día, cada día, cada día, cada día, cada día, cada día, cada día, cada día, cada día, cada día, cada día, cada día, cada día, cada día, cada día, cada día, cada día, cada día, cada día, cada día, cada día, cada día, cada día, cada día, cada día, cada día, cada día, cada día, cada día, cada día, cada día, cada día, cada día, cada día, cada día, cada día, cada día, cada día, cada día día, cada día, cada día, cada día, cada día, cada día, cada día, cada día, cada día, cada día, cada día, cada día, cada día, cada día, cada día, cada día, cada día, cada día, cada día, cada día, cada día, cada día, cada día, cada día, cada día, cada día, cada día, cada día, cada día, cada día, cada día, cada día, cada día, cada día, cada día, cada día, cada día, cada día, cada día, cada día, cada día, cada día, cada día, cada día, cada día, cada día, cada día, cada día, cada día, cada día, cada día, cada día, cada día, cada día, cada día, cada día, cada día, cada día, cada día, cada día, cada día, cada día, cada día, cada día, cada día, cada día, cada día, cada día, cada día día, cada día, cada día, cada día, cada día, cada día, cada día, cada día, cada día, cada día, cada día, cada día, cada día, cada día, cada día, cada día, cada día, cada día, cada día, cada día, cada día, cada día, cada día, cada día, cada día, cada día, cada día, cada día, cada día, cada día, cada día, cada día, cada día, cada día, cada día, cada día, cada día, cada día, cada día, cada día, cada día, cada día, cada día, cada día, cada día, cada día, cada día, cada día, cada día, cada día, cada día, cada día, cada día, cada día, cada día, cada día, cada día, cada día, cada día, cada día, cada día, cada día, cada día, cada día, cada día, cada día, cada día, cada día, cada día día, cada día, cada día, cada día, cada día, cada día, cada día, cada día, cada día, cada día, cada día, cada día, cada día, cada día, cada día, cada día, cada día, cada día, cada día, cada día, cada día, cada día, cada día, cada día, cada día, cada día, cada día, cada día, cada día, cada día, cada día, cada día, cada día, cada día, cada día, cada día, cada día, cada día, cada día, cada día, cada día, cada día, cada día, cada día, cada día, cada día, cada día, cada día, cada día, cada día, cada día, cada día, cada día, cada día, cada día, cada día, cada día, cada día, cada día, cada día, cada día, cada día, cada día, cada día, cada día, cada día, cada día, cada día, cada día día, cada día, cada día, cada día, cada día, cada día, cada día, cada día, cada día, cada día, cada día, cada día, cada día, cada día, cada día, cada día, cada día, cada día, cada día, cada día, cada día, cada día, cada día, cada día, cada día, cada día, cada día, cada día, cada día, cada día, cada día, cada día, cada día, cada día, cada día, cada día, cada día, cada día, cada día, cada día, cada día, cada día, cada día, cada día, cada día, cada día, cada día, cada día, cada día, cada día, cada día, cada día, cada día, cada día, cada día, cada día, cada día, cada día, cada día, cada día, cada día, cada día, cada día, cada día, cada día, cada día, cada día, cada día, cada día día, cada día, cada día, cada día, cada día, cada día, cada día, cada día, cada día, cada día, cada día, cada día, cada día, cada día, cada día, cada día, cada día, cada día, cada día, cada día, cada día, cada día, cada día, cada día, cada día, cada día, cada día, cada día, cada día, cada día, cada día, cada día, cada día, cada día, cada día, cada día, cada día, cada día, cada día, cada día, cada día, cada día, cada día, cada día, cada día, cada día, cada día, cada día, cada día, cada día, cada día, cada día, cada día, cada día, cada día, cada día, cada día, cada día, cada día, cada día, cada día, cada día, cada día, cada día, cada día, cada día, cada día, cada día, cada día día, cada día, cada día, cada día, cada día, cada día, cada día, cada día, cada día, cada día, cada día, cada día, cada día, cada día, cada día, cada día, cada día, cada día, cada día, cada día, cada día, cada día, cada día, cada día, cada día, cada día, cada día, cada día, cada día, cada día, cada día, cada día, cada día, cada día, cada día, cada día, cada día, cada día, cada día, cada día, cada día, cada día, cada día, cada día, cada día, cada día, cada día, cada día, cada día, cada día, cada día, cada día, cada día, cada día, cada día, cada día, cada día, cada día, cada día, cada día, cada día, cada día, cada día, cada día, cada día, cada día, cada día, cada día, cada día día, cada día, cada día, cada día, cada día, cada día, cada día, cada día, cada día, cada día, cada día, cada día, cada día, cada día, cada día, cada día, cada día, cada día, cada día, cada día, cada día, cada día, cada día, cada día, cada día, cada día, cada día, cada día, cada día, cada día, cada día, cada día, cada día, cada día, cada día, cada día, cada día, cada día, cada día, cada día, cada día, cada día, cada día, cada día, cada día, cada día, cada día, cada día, cada día, cada día, cada día, cada día, cada día, cada día, cada día, cada día, cada día, cada día, cada día, cada día, cada día, cada día, cada día, cada día, cada día, cada día, cada día, cada día, cada día día, cada día, cada día, cada día, cada día, cada día, cada día, cada día, cada día, cada día, cada día, cada día, cada día, cada día, cada día, cada día, cada día, cada día, cada día, cada día, cada día, cada día, cada día, cada día, cada día, cada día, cada día, cada día, cada día, cada día, cada día, cada día, cada día, cada día, cada día, cada día, cada día, cada día, cada día, cada día, cada día, cada día, cada día, cada día, cada día, cada día, cada día, cada día, cada día, cada día, cada día, cada día, cada día, cada día, cada día, cada día, cada día, cada día, cada día, cada día, cada día, cada día, cada día, cada día, cada día, cada día, cada día, cada día, cada día día, cada día, cada día, cada día, cada día, cada día, cada día, cada día, cada día, cada día, cada día, cada día, cada día, cada día, cada día, cada día, cada día, cada día, cada día, cada día, cada día, cada día, cada día, cada día, cada día, cada día, cada día, cada día, cada día, cada día, cada día, cada día, cada día, cada día, cada día, cada día, cada día, cada día, cada día, cada día, cada día, cada día, cada día, cada día, cada día, cada día, cada día, cada día, cada día, cada día, cada día, cada día, cada día, cada día, cada día, cada día, cada día, cada día, cada día, cada día, cada día, cada día, cada día, cada día, cada día, cada día, cada día, cada día, cada día día, cada día, cada día, cada día, cada día, cada día, cada día, cada día, cada día, cada día, cada día, cada día, cada día, cada día, cada día, cada día, cada día, cada día, cada día, cada día, cada día, cada día, cada día, cada día, cada día, cada día, cada día, cada día, cada día, cada día, cada día, cada día, cada día, cada día, cada día, cada día, cada día, cada día, cada día, cada día, cada día, cada día, cada día, cada día, cada día, cada día, cada día, cada día, cada día, cada día, cada día, cada día, cada día, cada día, cada día, cada día, cada día, cada día, cada día, cada día, cada día, cada día, cada día, cada día, cada día, cada día, cada día, cada día, cada día día, cada día, cada día, cada día, cada día, cada día, cada día, cada día, cada día, cada día, cada día, cada día, cada día, cada día, cada día, cada día, cada día, cada día, cada día, cada día, cada día, cada día, cada día, cada día, cada día, cada día, cada día, cada día, cada día, cada día, cada día, cada día, cada día, cada día, cada día, cada día, cada día, cada día, cada día, cada día, cada día, cada día, cada día, cada día, cada día, cada día, cada día, cada día, cada día, cada día, cada día, cada día, cada día, cada día, cada día, cada día, cada día, cada día, cada día, cada día, cada día, cada día, cada día, cada día, cada día, cada día, cada día, cada día, cada día día, cada día, cada día, cada día, cada día, cada día, cada día, cada día, cada día, cada día, cada día, cada día, cada día, cada día, cada día, cada día, cada día, cada día, cada día, cada día, cada día, cada día, cada día, cada día, cada día, cada día, cada día, cada día, cada día, cada día, cada día, cada día, cada día, cada día, cada día, cada día, cada día, cada día, cada día, cada día, cada día, cada día, cada día, cada día, cada día, cada día, cada día, cada día, cada día, cada día, cada día, cada día, cada día, cada día, cada día, cada día, cada día, cada día, cada día, cada día, cada día, cada día, cada día, cada día, cada día, cada día, cada día, cada día, cada día día, cada día, cada día, cada día, cada día, cada día, cada día, cada día, cada día, cada día, cada día, cada día, cada día, cada día, cada día, cada día, cada día, cada día, cada día, cada día, cada día, cada día, cada día, cada día, cada día, cada día, cada día, cada día, cada día, cada día, cada día, cada día, cada día, cada día, cada día, cada día, cada día, cada día, cada día, cada día, cada día, cada día, cada día, cada día, cada día, cada día, cada día, cada día, cada día, cada día, cada día, cada día, cada día, cada día, cada día, cada día, cada día, cada día, cada día, cada día, cada día, cada día, cada día, cada día, cada día, cada día, cada día, cada día, cada día día, cada día, cada día, cada día, cada día, cada día, cada día, cada día, cada día, cada día, cada día, cada día, cada día, cada día, cada día, cada día, cada día, cada día, cada día, cada día, cada día, cada día, cada día, cada día, cada día, cada día, cada día, cada día, cada día, cada día, cada día, cada día, cada día, cada día, cada día, cada día, cada día, cada día, cada día, cada día, cada día, cada día, cada día, cada día, cada día, cada día, cada día, cada día, cada día, cada día, cada día, cada día, cada día, cada día, cada día, cada día, cada día, cada día, cada día, cada día, cada día, cada día, cada día, cada día, cada día, cada día, cada día, cada día, cada día día, cada día, cada día, cada día, cada día, cada día, cada día, cada día, cada día, cada día, cada día, cada día, cada día, cada día, cada día, cada día, cada día, cada día, cada día, cada día, cada día, cada día, cada día, cada día, cada día, cada día, cada día, cada día, cada día, cada día, cada día, cada día, cada día, cada día, cada día, cada día, cada día, cada día, cada día, cada día, cada día, cada día, cada día, cada día, cada día, cada día, cada día, cada día, cada día, cada día, cada día, cada día, cada día, cada día, cada día, cada día, cada día, cada día, cada día, cada día, cada día, cada día, cada día, cada día, cada día, cada día, cada día, cada día, cada día día, cada día, cada día, cada día, cada día, cada día, cada día, cada día, cada día, cada día, cada día, cada día, cada día, cada día, cada día, cada día, cada día, cada día, cada día, cada día, cada día, cada día, cada día, cada día, cada día, cada día, cada día, cada día, cada día, cada día, cada día, cada día, cada día, cada día, cada día, cada día, cada día, cada día, cada día, cada día, cada día, cada día, cada día, cada día, cada día, cada día, cada día, cada día, cada día, cada día, cada día, cada día, cada día, cada día, cada día, cada día, cada día, cada día, cada día, cada día, cada día, cada día, cada día, cada día, cada día, cada día, cada día, cada día, cada día día, cada día, cada día, cada día, cada día, cada día, cada día, cada día, cada día, cada día, cada día, cada día, cada día, cada día, cada día, cada día, cada día, cada día, cada día, cada día, cada día, cada día, cada día, cada día, cada día, cada día, cada día, cada día, cada día, cada día, cada día, cada día, cada día, cada día, cada día, cada día, cada día, cada día, cada día, cada día, cada día, cada día, cada día, cada día, cada día, cada día, cada día, cada día, cada día, cada día, cada día, cada día, cada día, cada día, cada día, cada día, cada día, cada día, cada día, cada día, cada día, cada día, cada día, cada día, cada día, cada día, cada día, cada día, cada día día, cada día, cada día, cada día, cada día, cada día, cada día, cada día, cada día, cada día, cada día, cada día, cada día, cada día, cada día, cada día, cada día, cada día, cada día, cada día, cada día, cada día, cada día, cada día, cada día, cada día, cada día, cada día, cada día, cada día, cada día, cada día, cada día, cada día, cada día, cada día, cada día, cada día, cada día, cada día, cada día, cada día, cada día, cada día, cada día, cada día, cada día, cada día, cada día, cada día, cada día, cada día, cada día, cada día, cada día, cada día, cada día, cada día, cada día, cada día, cada día, cada día, cada día, cada día, cada día, cada día, cada día, cada día, cada día día, cada día, cada día, cada día, cada día, cada día, cada día, cada día, cada día, cada día, cada día, cada día, cada día, cada día, cada día, cada día, cada día, cada día, cada día, cada día, cada día, cada día, cada día, cada día, cada día, cada día, cada día, cada día, cada día, cada día, cada día, cada día, cada día, cada día, cada día, cada día, cada día, cada día, cada día, cada día, cada día, cada día, cada día, cada día, cada día, cada día, cada día, cada día, cada día, cada día, cada día, cada día, cada día, cada día, cada día, cada día, cada día, cada día, cada día, cada día, cada día, cada día, cada día, cada día, cada día, cada día, cada día, cada día, cada día día, cada día, cada día, cada día, cada día, cada día, cada día, cada día, cada día, cada día, cada día, cada día, cada día, cada día, cada día, cada día, cada día, cada día, cada día, cada día, cada día, cada día, cada día, cada día, cada día, cada día, cada día, cada día, cada día, cada día, cada día, cada día, cada día, cada día, cada día, cada día, cada día, cada día, cada día, cada día, cada día, cada día, cada día, cada día, cada día, cada día, cada día, cada día, cada día, cada día, cada día, cada día, cada día, cada día, cada día, cada día, cada día, cada día, cada día, cada día, cada día, cada día, cada día, cada día, cada día, cada día, cada día, cada día, cada día día, cada día, cada día, cada día, cada día, cada día, cada día, cada día, cada día, cada día, cada día, cada día, cada día, cada día, cada día, cada día, cada día, cada día, cada día, cada día, cada día, cada día, cada día, cada día, cada día, cada día, cada día, cada día, cada día, cada día, cada día, cada día, cada día, cada día, cada día, cada día, cada día, cada día, cada día, cada día, cada día, cada día, cada día, cada día, cada día, cada día, cada día, cada día, cada día, cada día, cada día, cada día, cada día, cada día, cada día, cada día, cada día, cada día, cada día, cada día, cada día, cada día, cada día, cada día, cada día, cada día, cada día, cada día, cada día día, cada día, cada día, cada día, cada día, cada día, cada día, cada día, cada día, cada día, cada día, cada día, cada día, cada día, cada día, cada día, cada día, cada día, cada día, cada día, cada día, cada día, cada día, cada día, cada día, cada día, cada día, cada día, cada día, cada día, cada día, cada día, cada día, cada día, cada día, cada día, cada día, cada día, cada día, cada día, cada día, cada día, cada día, cada día, cada día, cada día, cada día, cada día, cada día, cada día, cada día, cada día, cada día, cada día, cada día, cada día, cada día, cada día, cada día, cada día, cada día, cada día, cada día, cada día, cada día, cada día, cada día, cada día, cada día día, cada día, cada día, cada día, cada día, cada día, cada día, cada día, cada día, cada día, cada día, cada día, cada día, cada día, cada día, cada día, cada día, cada día, cada día, cada día, cada día, cada día, cada día, cada día, cada día, cada día, cada día, cada día, cada día, cada día, cada día, cada día, cada día, cada día, cada día, cada día, cada día, cada día, cada día, cada día, cada día, cada día, cada día, cada día, cada día, cada día, cada día, cada día, cada día, cada día, cada día, cada día, cada día, cada día, cada día, cada día, cada día, cada día, cada día, cada día, cada día, cada día, cada día, cada día, cada día, cada día, cada día, cada día, cada día, cada día, cada día, cada día, cada día, cada día, cada día, cada día, cada día, cada día, cada día, cada día, cada día, cada día, cada día, cada día, cada día, cada día, cada día día, cada día, cada día, cada día, cada día, cada día, cada día, cada día, cada día, cada día, cada día, cada día, cada día, cada día, cada día, cada día, cada día, cada día, cada día, cada día, cada día, cada día, cada día, cada día, cada día, cada día, cada día, cada día, cada día, cada día, cada día, cada día, cada día, cada día, cada día, cada día, cada día, cada día, cada día, cada día, cada día, cada día, cada día, cada día, cada día, cada día, cada día, cada día, cada día, cada día, cada día, cada día, cada día, cada día, cada día, cada día, cada día, cada día, cada día, cada día, cada día, cada día, cada día, cada día, cada día, cada día, cada día, cada día, cada día día, cada día, cada día, cada día, cada día, cada día, cada día, cada día, cada día, cada día, cada día, cada día, cada día, cada día, cada día, cada día, cada día, cada día, cada día, cada día, cada día, cada día, cada día, cada día, cada día, cada día, cada día, cada día, cada día, cada día, cada día, cada día, cada día, cada día, cada día, cada día, cada día, cada día, cada día, cada día, cada día, cada día, cada día, cada día, cada día, cada día, cada día, cada día, cada día, cada día, cada día, cada día, cada día, cada día, cada día, cada día, cada día, cada día, cada día, cada día, cada día, cada día, cada día, cada día, cada día, cada día, cada día, cada día, cada día día, cada día, cada día, cada día, cada día, cada día, cada día, cada día, cada día, cada día, cada día, cada día, cada día, cada día, cada día, cada día, cada día, cada día, cada día, cada día, cada día, cada día, cada día, cada día, cada día, cada día, cada día, cada día, cada día, cada día, cada día, cada día, cada día, cada día, cada día, cada día, cada día, cada día, cada día, cada día, cada día, cada día, cada día, cada día, cada día, cada día, cada día, cada día, cada día, cada día, cada día, cada día, cada día, cada día, cada día, cada día, cada día, cada día, cada día, cada día, cada día, cada día, cada día, cada día, cada día, cada día, cada día, cada día, cada día día, cada día, cada día, cada día, cada día, cada día, cada día, cada día, cada día, cada día, cada día, cada día, cada día, cada día, cada día, cada día, cada día, cada día, cada día, cada día, cada día, cada día, cada día, cada día, cada día, cada día, cada día, cada día, cada día, cada día, cada día, cada día, cada día, cada día, cada día, cada día, cada día, cada día, cada día, cada día, cada día, cada día, cada día, cada día, cada día, cada día, cada día, cada día, cada día, cada día, cada día, cada día, cada día, cada día, cada día, cada día, cada día, cada día, cada día, cada día, cada día, cada día, cada día, cada día, cada día, cada día, cada día, cada día, cada día día, cada día, cada día, cada día, cada día, cada día, cada día, cada día, cada día, cada día, cada día, cada día, cada día, cada día, cada día, cada día, cada día, cada día, cada día, cada día, cada día, cada día, cada día, cada día, cada día, cada día, cada día, cada día, cada día, cada día, cada día, cada día, cada día, cada día, cada día, cada día, cada día, cada día, cada día, cada día, cada día, cada día, cada día, cada día, cada día, cada día, cada día, cada día, cada día, cada día, cada día, cada día, cada día, cada día, cada día, cada día, cada día, cada día, cada día, cada día, cada día, cada día, cada día, cada día, cada día, cada día, cada día, cada día, cada día día, cada día, cada día, cada día, cada día, cada día, cada día, cada día, cada día, cada día, cada día, cada día, cada día, cada día, cada día, cada día, cada día, cada día, cada día, cada día, cada día, cada día, cada día, cada día, cada día, cada día, cada día, cada día, cada día, cada día, cada día, cada día, cada día, cada día, cada día, cada día, cada día, cada día, cada día, cada día, cada día, cada día, cada día, cada día, cada día, cada día, cada día, cada día, cada día, cada día, cada día, cada día, cada día, cada día, cada día, cada día, cada día, cada día, cada día, cada día, cada día, cada día, cada día, cada día, cada día, cada día, cada día, cada día, cada día día, cada día, cada día, cada día, cada día, cada día, cada día, cada día, cada día, cada día, cada día, cada día, cada día, cada día, cada día, cada día, cada día, cada día, cada día, cada día, cada día, cada día, cada día, cada día, cada día, cada día, cada día, cada día, cada día, cada día, cada día, cada día, cada día, cada día, cada día, cada día, cada día, cada día, cada día, cada día, cada día, cada día, cada día, cada día, cada día, cada día, cada día, cada día, cada día, cada día, cada día, cada día, cada día, cada día, cada día, cada día, cada día, cada día, cada día, cada día, cada día, cada día, cada día, cada día, cada día, cada día, cada día, cada día, cada día día, cada día, cada día, cada día, cada día, cada día, cada día, cada día, cada día, cada día, cada día, cada día, cada día, cada día, cada día, cada día, cada día, cada día, cada día, cada día, cada día, cada día, cada día, cada día, cada día, cada día, cada día, cada día, cada día, cada día, cada día, cada día, cada día, cada día, cada día, cada día, cada día, cada día, cada día, cada día, cada día, cada día, cada día, cada día, cada día, cada día, cada día, cada día, cada día, cada día, cada día, cada día, cada día, cada día, cada día, cada día, cada día, cada día, cada día, cada día, cada día, cada día, cada día, cada día, cada día, cada día, cada día, cada día, cada día día, cada día, cada día, cada día, cada día, cada día, cada día, cada día, cada día, cada día, cada día, cada día, cada día, cada día, cada día, cada día, cada día, cada día, cada día, cada día, cada día, cada día, cada día, cada día, cada día, cada día, cada día, cada día, cada día, cada día, cada día, cada día, cada día, cada día, cada día, cada día, cada día, cada día, cada día, cada día, cada día, cada día, cada día, cada día, cada día, cada día, cada día, cada día, cada día, cada día, cada día, cada día, cada día, cada día, cada día, cada día, cada día, cada día, cada día, cada día, cada día, cada día, cada día, cada día, cada día, cada día, cada día, cada día, cada día día, cada día, cada día, cada día, cada día, cada día, cada día, cada día, cada día, cada día, cada día, cada día, cada día, cada día, cada día, cada día, cada día, cada día, cada día, cada día, cada día, cada día, cada día, cada día, cada día, cada día, cada día, cada día, cada día, cada día, cada día, cada día, cada día, cada día, cada día, cada día, cada día, cada día, cada día, cada día, cada día, cada día, cada día, cada día, cada día, cada día, cada día, cada día, cada día, cada día, cada día, cada día, cada día, cada día, cada día, cada día, cada día, cada día, cada día, cada día, cada día, cada día, cada día, cada día, cada día, cada día, cada día, cada día, cada día día, cada día, cada día, cada día, cada día, cada día, cada día, cada día, cada día, cada día, cada día, cada día, cada día, cada día, cada día, cada día, cada día, cada día, cada día, cada día, cada día, cada día, cada día, cada día, cada día, cada día, cada día, cada día, cada día, cada día, cada día, cada día, cada día, cada día, cada día, cada día, cada día, cada día, cada día, cada día, cada día, cada día, cada día, cada día, cada día, cada día, cada día, cada día, cada día, cada día, cada día, cada día, cada día, cada día, cada día, cada día, cada día, cada día, cada día, cada día, cada día, cada día, cada día, cada día, cada día, cada día, cada día, cada día, cada día día, cada día, cada día, cada día, cada día, cada día, cada día, cada día, cada día, cada día, cada día, cada día, cada día, cada día, cada día, cada día, cada día, cada día, cada día, cada día, cada día, cada día, cada día, cada día, cada día, cada día, cada día, cada día, cada día, cada día, cada día, cada día, cada día, cada día, cada día, cada día, cada día, cada día, cada día, cada día, cada día, cada día, cada día, cada día, cada día, cada día, cada día, cada día, cada día, cada día, cada día, cada día, cada día, cada día, cada día, cada día, cada día, cada día, cada día, cada día, cada día, cada día, cada día, cada día, cada día, cada día, cada día, cada día, cada día día, cada día, cada día, cada día, cada día, cada día, cada día, cada día, cada día, cada día, cada día, cada día, cada día, cada día, cada día, cada día, cada día, cada día, cada día, cada día, cada día, cada día, cada día, cada día, cada día, cada día, cada día, cada día, cada día, cada día, cada día, cada día, cada día, cada día, cada día, cada día, cada día, cada día, cada día, cada día, cada día, cada día, cada día, cada día, cada día, cada día, cada día, cada día, cada día, cada día, cada día, cada día, cada día, cada día, cada día, cada día, cada día, cada día, cada día, cada día, cada día, cada día, cada día, cada día, cada día, cada día, cada día, cada día, cada día día, cada día, cada día, cada día, cada día, cada día, cada día, cada día, cada día, cada día, cada día, cada día, cada día, cada día, cada día, cada día, cada día, cada día, cada día, cada día, cada día, cada día, cada día, cada día, cada día, cada día, cada día, cada día, cada día, cada día, cada día, cada día, cada día, cada día, cada día, cada día, cada día, cada día, cada día, cada día, cada día, cada día, cada día, cada día, cada día, cada día, cada día, cada día, cada día, cada día, cada día, cada día, cada día, cada día, cada día, cada día, cada día, cada día, cada día, cada día, cada día, cada día, cada día, cada",
        "kind": "online_video",
        "file_number": "42",
        "filename": "7 4 Instrumentos de Política Monetaria-wav.json",
        "url": "https://www.youtube.com/watch?v=MUN0WYelJ5c&t=312s",
        "source": "7 4 Instrumentos de Política Monetaria-wav"
    }
]