[
    {
        "number": 1,
        "timestamp_start": "00:00:00,000",
        "timestamp_end": "00:01:54,120",
        "text": "La primera crítica en macroeconomía es la trampa de la liquidez, un concepto introducido por Paul Krugman. Este fenómeno se refiere a la situación en la que los tipos de interés están tan bajos que estimular la economía a través de su reducción ya no tiene efecto. Por ejemplo, en Europa, Japón y Estados Unidos los tipos de interés se encuentran en niveles cercanos al 0%, lo que limita la capacidad de los bancos centrales para impulsar la actividad económica mediante la política monetaria. En este contexto, la trampa de la liquidez hace que la efectividad de reducir los tipos de interés sea nula, ya que no incentiva el consumo ni la inversión. Esta situación se agrava durante las recesiones, cuando los tipos de interés ya están en niveles muy bajos, lo que limita aún más las opciones de política económica disponibles para estimular la economía.\n\nOtra crítica importante proviene de los monetaristas, quienes asumen que la inversión de las empresas está directamente relacionada con los tipos de interés. Sin embargo, esta suposición no siempre se cumple en la práctica. Aunque intuitivamente se pueda pensar que a menor tipo de interés mayor inversión, la realidad es que la relación entre ambos factores no es tan directa como se podría esperar. La inversión de las empresas está influenciada por múltiples factores, como las expectativas económicas, la demanda agregada, la tecnología, entre otros, por lo que la relación con los tipos de interés no es determinante en todos los casos.",
        "old_text": "¿Cuál es la primera idea? La primera crítica es la trampa de la liquidez. ¿Os acordáis de la trampa de la liquidez? Principio del curso. Un artículo de Paul Krugman. Mirad, ¿a cuánto están los tipos de interés en Europa? O en Japón. O en Estados Unidos. Al 0%. ¿Vale? A 0,5. A 0,7. ¿Vale? Vamos a estimular la economía. Baja los tipos de interés. Y no van a estimular. ¿Entendéis? Ya está muy bajo. No van a estimular nada. No puedes jugar con esto en Brasil. ¿No? ¿Quieres estimular la economía de Brasil? Baja los tipos de interés. Ya me parece bien. ¿Vale? O en Turquía. O en Hungría. O en Islandia incluso. O en India. ¿No? ¿Vale? En Japón. ¿Qué vas a bajar? ¿Qué vas a estimular? ¿No? En Estados Unidos. ¿Qué vas a bajar? Es decir, cuando los tipos de interés están muy bajos, eso pierde toda eficacia. ¿Lo veis? Pierde toda eficacia. No tiene ningún sentido. Ninguno. Y claro, ¿qué ocurre? Que cuando hay recesión, los tipos de interés están bajos. Pues pierde su efectividad. ¿Lo veis? Pierde su efectividad. Primera crítica. ¿Vale? ¿Se entiende? ¿Vale? La trampa de la liquidez. Segunda crítica. Los monetaristas están suponiendo algo que me parece curioso. Y están suponiendo que la inversión... Claro, y es algo que intuitivamente dices, ah, pues sí, es verdad. Pero es que no es cierto. Estos tíos están suponiendo que la inversión está en función de los tipos de interés. ¿Vale? Es decir, que si yo aquí pongo tipos de interés y aquí pongo la demanda de inversión, pues que tiene una función, que tiene una correlación importante.",
        "kind": "online_video",
        "file_number": "43",
        "filename": "7 5 Críticas a la P M-wav.json",
        "url": "https://www.youtube.com/watch?v=VT7L6cUeULk&t=0s",
        "source": "7 5 Críticas a la P M-wav"
    },
    {
        "number": 2,
        "timestamp_start": "00:01:54,120",
        "timestamp_end": "00:03:30,760",
        "text": "La inversión depende del coste de las cosas o de las expectativas. En el caso de España, en los años 70, los tipos de interés eran muy bajos, alrededor del -15%. Esto se debía a que la inflación era alta, del 30%. En ese contexto, los bancos prácticamente regalaban el dinero. Es importante entender que las decisiones de inversión de las empresas y los individuos están influenciadas por las expectativas que tengan sobre la economía. Por ejemplo, si se espera que la economía crezca, es probable que aumente la inversión. Por el contrario, si las expectativas son negativas, es probable que la inversión disminuya.",
        "old_text": "Pero esto es cierto. A ver, ¿eh? ¿Dónde tiene la tienda Armani? El diseñador Armani en Barcelona. ¿Dónde la tiene? En Barcelona. ¿En Barcelona? ¿En Paseo de Gracia? ¿Es gilipollas? ¿Por qué no la tiene en mi calle? ¿No? ¿En Paseo de Gracia? Mira, a lo que le cuesta un mes de adquirir en Paseo de Gracia, en mi calle se compra un local. Es tonto perdido este tío, ¿no? No, no. ¿Por qué no tiene en Paseo de Gracia? ¿Por qué? Porque los rusos van a Paseo de Gracia y los pijos van a Paseo de Gracia, ¿no? Si lo pone en mi barrio, ¿vale? Y en mi calle... Es que no va... Nadie va... Se va a enterar... A entrar, ¿vale? Y si alguien se atreve a entrar en una tienda de estas y comprar algo, no llega a las ramblas vestido, ¿no? Lo ponen en pelotas, ¿no? ¿Entendéis? Entonces, ¿por qué Armani no monta una tienda en Santa Coloma o en Novaris o en el campo de la mina? ¿Por qué? Porque allí no hay negocio. ¿Vale? ¿Qué quiero decir? Que la inversión depende del coste de las cosas o la inversión depende de las expectativas. Es evidente, depende de las expectativas, ¿no? Mirad, España, en el año 70, en el año 75, los tipos de interés de España eran... En el año 75, sí, sí, sí, sí, sí. Eran del menos 15%. Te regalaban la pasta los bancos. Porque la inflación era del 30%, los tipos de interés estaban del 15%.",
        "kind": "online_video",
        "file_number": "43",
        "filename": "7 5 Críticas a la P M-wav.json",
        "url": "https://www.youtube.com/watch?v=VT7L6cUeULk&t=114s",
        "source": "7 5 Críticas a la P M-wav"
    },
    {
        "number": 3,
        "timestamp_start": "00:03:30,760",
        "timestamp_end": "00:05:03,500",
        "text": "La inversión en un país está estrechamente relacionada con las expectativas de negocio. En el caso de España, por ejemplo, durante un periodo de alta inflación y tipos de interés elevados, la inversión era prácticamente nula. Esto se debe a que las expectativas de rentabilidad de los negocios eran muy bajas, lo que desincentivaba la inversión. \n\nEs importante tener en cuenta que, si bien los tipos de interés son relevantes en la toma de decisiones de inversión, no son el único factor determinante. En una situación de recesión, por ejemplo, la función de inversión puede verse afectada de manera que incluso con la disminución de los tipos de interés, la inversión no se recupere si las expectativas de negocio no son favorables. \n\nPor lo tanto, las expectativas juegan un papel crucial en el comportamiento de la inversión. Es fundamental que los agentes económicos perciban un entorno propicio y rentable para llevar a cabo inversiones. En ausencia de buenas expectativas, incluso con condiciones financieras favorables, la inversión puede mantenerse baja.",
        "old_text": "Si eso está así, significa que tienes que... Que tú pides un préstamo de 100 euros y tienes que devolver menos... Piensa, piensa, Alejandro. Piensa. Te estoy diciendo que la inflación era del 30% y los tipos de interés eran del 15%. ¿Vale? Entonces tú saca las conclusiones que quieras. ¿Vale? No tenías que devolver menos. Es evidente que no. ¿Vale? Eres demasiado impulsivo. ¿Lo ves? Inversión en España, cero. Cero. Ni Dios invertía. ¿Por qué? Porque la gente estaba... De hecho, hubo un golpe de estado. ¿Vale? Gana el Felipe González. Los tipos de interés... Inversión en España. De los más altos del mundo. De los más altos del mundo. Inversión en España. ¿Por qué? Porque las expectativas de hacer negocio eran altísimas. ¿Vale? Entonces, algo que ustedes tienen que guardar en el bolsillo. La inversión está en función de las expectativas de negocio. ¿No? Por decirlo de algún modo. Eso es lo que marca realmente. ¿Los tipos de interés son importantes? Hombre, sí. ¿No? Los tienes en consideración. Pero no es lo más importante. ¿No? Es más, en una recesión posiblemente esta función sea así. Ya pueden bajar los tipos... Mira, en España. Claro. Han bajado los tipos de interés. ¿No? Aunque tú pienses que no. ¿No? Han bajado Samuel. ¿No? Y ni Dios invierte. Ni Dios invierte. ¿Por qué? Bueno. Alguien dirá. No, no. El Bill Gates. Ya, ya. Vale. Sí. Pero no es eso. ¿No? ¿Lo veis? ¿Vale? ¿Por qué? Por expectativas no son buenas. Para nada.",
        "kind": "online_video",
        "file_number": "43",
        "filename": "7 5 Críticas a la P M-wav.json",
        "url": "https://www.youtube.com/watch?v=VT7L6cUeULk&t=210s",
        "source": "7 5 Críticas a la P M-wav"
    },
    {
        "number": 4,
        "timestamp_start": "00:05:03,500",
        "timestamp_end": "00:06:58,260",
        "text": "El consumo de las personas depende de las expectativas de renta, es decir, de lo que esperan ganar en el futuro y no necesariamente de lo que ganan en el presente. Este concepto es crucial en macroeconomía ya que las decisiones de consumo de los individuos impactan en la economía en su conjunto. Por ejemplo, si una persona espera que su ingreso aumente significativamente en el futuro, es probable que comience a gastar más desde el presente. Por otro lado, si alguien prevé una disminución en sus ingresos próximamente, es probable que reduzca sus gastos desde ese momento.\n\nOtro aspecto relevante en macroeconomía es la sensibilidad de la inversión a los tipos de interés. A menudo se piensa que la inversión es altamente sensible a los cambios en los tipos de interés, sin embargo, en la práctica esto no siempre es cierto. La inversión empresarial puede depender de una variedad de factores, como las expectativas de crecimiento económico, la demanda del mercado, la tecnología disponible, entre otros. Por lo tanto, la relación entre los tipos de interés y la inversión no es tan directa como a veces se plantea.\n\nEn cuanto a la política monetaria, es importante destacar la simetría en su efectividad. Por ejemplo, durante una recesión económica, los bancos centrales suelen implementar políticas monetarias expansivas, como reducir los coeficientes de reservas bancarias o disminuir las tasas de interés para fomentar el crédito y estimular la actividad económica. Sin embargo, en ocasiones, a pesar de estas medidas, los resultados pueden no ser los esperados. Por ejemplo, si se reduce el coeficiente de caja pero los bancos deciden no prestar más dinero por motivos de prudencia o riesgo, la política monetaria expansiva no logrará su objetivo de impulsar la economía. Es decir, la efectividad de la política monetaria no siempre es simétrica a la implementación de medidas expansivas, ya que su impacto puede variar dependiendo de diversos factores y decisiones de los agentes económicos.",
        "old_text": "Otro concepto importante. ¿Vale? Lo incluyo aquí porque me va bien ahora. ¿Vale? ¿El consumo de qué depende? De las expectativas de renta. No de la renta que tienes ahora, sino de las expectativas de renta que vas a tener. Eso es muy importante. ¿Vale? Acordaros de esto y funcionará un montón de veces. Expectativas. ¿Vale? Cualquiera de vosotros. ¿Vale? Alejandro. ¿Tú trabajas, Alejandro? ¿No? Vale. Google te ficha el mes de junio. Te va a pagar 200.000 euros al año. Y ahora, ya ahora empiezas a comprarte cosas. ¿Vale? Y al revés, ¿eh? Imaginaos que tú trabajas en una empresa guay del Paraguay y tienes expectativas que te van a echar dentro de tres meses. ¡Puac! ¿No? Dejas, dejas, dejas, dejas, dejas, ¿no? ¿Vale? ¿Ok? Bueno, ya tengo la segunda crítica, ¿no? Esto se llama la sensibilidad de inversión. La inversión a los tipos sin tres. ¿Vale? Que no es verdad. La inversión no es sensible a los tipos sin tres. Tercera crítica. La simetría de la política monetaria. Mirad, ¿eh? Mirad. La economía está fastidiada. Hay una recesión. Vale. Bajo el coeficiente de caja. Por ejemplo, en Europa se ha bajado del 2 al 1%. ¿Aumentará el crédito? No. ¿Lo veis? ¿Lo veis? La política monetaria. La política monetaria expansiva no acaba de chutar. ¿Han bajado los tipos sin tres? Tampoco. ¿Lo veis? Claro, la política monetaria expansiva funciona. Si yo bajo el coeficiente de caja, permito que los bancos dejen más dinero. Permito. ¿Lo van a hacer? ¿O eres el hijo de Rockefeller? O aquí no te dejan ni un duro.",
        "kind": "online_video",
        "file_number": "43",
        "filename": "7 5 Críticas a la P M-wav.json",
        "url": "https://www.youtube.com/watch?v=VT7L6cUeULk&t=303s",
        "source": "7 5 Críticas a la P M-wav"
    },
    {
        "number": 5,
        "timestamp_start": "00:06:58,260",
        "timestamp_end": "00:08:40,360",
        "text": "La política monetaria puede ser expansiva o restrictiva. La política monetaria expansiva implica reducir las tasas de interés para fomentar el consumo y la inversión. Por otro lado, la política monetaria restrictiva implica aumentar las tasas de interés para desincentivar el gasto y la inversión. En este sentido, la política monetaria restrictiva suele ser más efectiva que la expansiva, ya que puede frenar el consumo de manera más directa. \n\nOtro aspecto importante a considerar es la velocidad de circulación del dinero, que no siempre es constante como se supone en algunos modelos económicos. Esto puede afectar la efectividad de las políticas monetarias y generar críticas desde un enfoque académico. Es fundamental tener en cuenta estos factores al analizar el impacto de las políticas monetarias en la economía.",
        "old_text": "¿Vale? Por lo tanto, la política monetaria expansiva la vamos a poner en 3. ¿Lo veis? No acaba de chutar. Pensad, ¿eh? Bajo los tipos sin tres. La gente no porque le bajen los tipos sin tres. ¿No? Aquello de... No, imagina, yo qué sé. Estás en el paro, tu familia está hecha polvo y llegas a tu casa y dices ¡Mira, mira, me he comprado un coche! ¡Madre! ¿Han bajado los tipos sin tres? No, la gente no hace esto. No, no lo hace. Bueno, hay algún talado que sí, pero no se hace eso. ¿Vale? Y en cambio, fijaros. La política monetaria restringida. ¿Vale? ¿Vale? ¿Vale? La política monetaria restrictiva. Esta sí que funciona. ¿No? La gente está consumiendo como locos. Sube los tipos sin tres. Ah, no, siguen consumiendo. Súbelos. Súbelos, pero sin coñas. Súbelos. No al 10, al 20, al 30, al 40. Verás cómo me dejan de consumir. Habrá un momento que pararán. Sube el cojiente de caja. Súbelo. ¿Vale? Restrige realmente a los bancos. Y realmente la cosa parará. ¿Vale? La política monetaria restrictiva funciona. La expansiva no. ¿Vale? Cuarta crítica. Es una chorrada, ¿no? Pero académicamente es importante. La velocidad de circulación del dinero. ¿Os acordáis que suponíamos que era constante? Y eso no es verdad. Y claro, si no es verdad, todo esto vete a saber, ¿no? Por lo tanto, no, tu crítica a veces es que no se aguanta por ningún lado aquello. Punto. ¿Vale? Bueno. Con esto, con esto, vamos toda la explicación que deseaba con vosotros.",
        "kind": "online_video",
        "file_number": "43",
        "filename": "7 5 Críticas a la P M-wav.json",
        "url": "https://www.youtube.com/watch?v=VT7L6cUeULk&t=418s",
        "source": "7 5 Críticas a la P M-wav"
    },
    {
        "number": 6,
        "timestamp_start": "00:08:40,360",
        "timestamp_end": "00:08:43,360",
        "text": "Con esto finaliza el curso. El próximo mini curso será sobre Ministros de Economía.",
        "old_text": "¿Vale? Con eso se acaba el cursillo. ¿A qué? El minicursillo va a ser Ministros de Economía.",
        "kind": "online_video",
        "file_number": "43",
        "filename": "7 5 Críticas a la P M-wav.json",
        "url": "https://www.youtube.com/watch?v=VT7L6cUeULk&t=520s",
        "source": "7 5 Críticas a la P M-wav"
    }
]