[
    {
        "number": 1,
        "timestamp_start": "00:00:00,000",
        "timestamp_end": "00:03:24,400",
        "text": "La estanflación es una situación económica en la que se presenta un estancamiento con altos niveles de desempleo y alta inflación al mismo tiempo. Esto se debe a una inflación de oferta, que también se conoce como inflación de costes. En este escenario, los costes han aumentado y la producción ha disminuido, lo que genera un desequilibrio en la economía.\n\nPara abordar la estanflación, es necesario implementar medidas que permitan reducir los costes en la economía o aumentar la oferta sin afectar la demanda, ya que manipular la demanda podría desencadenar un aumento descontrolado de la inflación.\n\nUna posible medida para aumentar la oferta y fomentar el espíritu empresarial es incentivar la creación de empresas a través de programas como Barcelona Activa, que funciona como una incubadora de empresas para aquellos emprendedores que tienen ideas de negocio pero necesitan apoyo para llevarlas a cabo. Otra opción sería recurrir a sociedades de capital riesgo, las cuales están dispuestas a invertir en nuevos proyectos empresariales.\n\nEs importante tener en cuenta que la estanflación es un fenómeno complejo que requiere de políticas económicas adecuadas y medidas específicas para lograr una recuperación económica sostenible y equilibrada.",
        "old_text": "Ahora quiero que dediquemos un rato a intentar resolver una estagflación. Es decir, quiero que penséis qué medidas como ministros de economía podríamos llevar a cabo con tal de reducir costes en una economía, porque el problema ha sido que han aumentado los costes, o aumentar la oferta. No tocar la demanda, porque si tocamos la demanda, según cómo se nos va a disparar todo, que es lo que pasó. Nos equivocamos y de golpe la inflación se dispara mogollón, etc. Es decir, la idea es, ante una estagflación, ¿qué eso significa? Que significa que en la economía hay paro, e inflación a la vez, ¿vale? Cuando esto ocurre, la economía está estancada con paro y con inflación, ¿vale? Se produce lo que se llama estagflación, ¿vale? Eso es lo mismo decir estagflación. Y esto es la consecuencia de haber tenido una inflación de oferta. También le podemos llamar una inflación de costes, ¿vale? ¿Qué es qué? ¿A lo mejor? Ha aumentado los costes y ha disminuido la oferta, la producción, ¿no? Entonces la pregunta es, ¿qué medidas se os ocurre para llevar a cabo, para solucionar esta historia? ¡Vale, va! Una cosa importante, una chorrada, pero que es importante, ¿no? Me he equivocado, ¿eh? Yo lo he puesto en catalán, hasta flasco. Pero he catalanizado algo en castellano y he puesto estagflación, no existe eso, ¿vale? En castellano es estanflación, estanflación, ¿no? Es en catalán que se dice estagflación, porque en inglés es estagflexo. Posibles medidas, ¿vale? Por ejemplo, ¿no? Programa innova de la Universidad de la Politécnica, ¿no? Tenemos un programa que si la gente, ¿no? Si la gente, los estudiantes, los profesores, tenemos un proyecto, tenemos un proyecto, tenemos un proyecto, tenemos un proyecto, si te vas al programa innova, ¿vale? Y sales mareadísimo, ¿no? ¿Vale? Pero, ¿vale? El programa innova, la intención es ayudarte a llevar a cabo ese proyecto, ¿no? Eso es bueno, ¿no? ¿Vale? Por lo tanto, una posibilidad para aumentar la oferta sería incentivar la, vamos a decirlo, si os parece, el espíritu empresarial, ¿no? ¿Vale? Entonces, por ejemplo, ¿eh? Me lo invento, ¿eh? Pero, por ejemplo, en Barcelona hay Barcelona Activa, ¿os suena? ¿Qué es esto? Esto es una incubadora de empresas, se llama, ¿no? ¿Vale? Y es que cualquier persona que tenga una idea para hacer un negocio, pero no sabe muy bien cómo hacerlo, Barcelona Activa le va a ayudar, ¿no? O montando lo que se llama en sociedades capital riesgo, que son empresas que están dispuestas a invertir contigo, no quieren ser.",
        "kind": "online_video",
        "file_number": "44",
        "filename": "8 1 Como solucionar estanflación-wav.json",
        "url": "https://www.youtube.com/watch?v=oqnCkgxSrec&t=0s",
        "source": "8 1 Como solucionar estanflación-wav"
    },
    {
        "number": 2,
        "timestamp_start": "00:03:24,400",
        "timestamp_end": "00:05:43,320",
        "text": "La flexibilización del mercado laboral es una medida que se refiere a la capacidad de ajustar las condiciones de trabajo, como salarios y horarios, de manera más ágil y sencilla. A menudo se asocia con la facilidad para contratar y despedir empleados. Por otro lado, la devaluación de la moneda es una estrategia que consiste en reducir el valor de la moneda nacional en relación con otras divisas extranjeras. Esto puede tener como objetivo aumentar la competitividad de las exportaciones de un país al abaratar sus precios en el mercado internacional.",
        "old_text": "¿Vale? Te van a ayudar, pero cuando tú ya empieces a volar, tú les vas a comprar otra vez las acciones, ¿no? O fomentar los business angels, ¿vale? Que son tipos que dicen, \"Aric, me gusta tu idea, ¿no? Meto la pasta ahí y ya está\". Y vamos a correr juntos tú y yo a partir de ahora. Esa es la idea, ¿no? De un business angel. ¿Sí? Venga, vamos. Bueno, yo había pensado en una forma de bajar los costes de producción de las cosas y, No, en general, para... Afavorecer la contratación de inmigrantes. Porque no, porque no te van a querer trabajar. Todos sabemos que nos han bajado los sueldos, a mí un 20% y sigo aquí a pie de cañón dando clase, ¿no? 20% me han bajado el sueldo. Y como yo, mogollón de gente, ¿no? Entonces, ¿entiendes? ¿Por qué no? ¿Qué decir? Más que muy nazi es muy rebuscada. Sí. Es más fácil, es más fácil bajar sueldos, ¿no? Es evidente que acaba pasando, ¿no? Pero es más fácil bajar sueldos y, fíjate, que queda muy bien, ¿eh? Fíjate. Flexibilizar el mercado laboral. ¿Tenía? ¿Sabes qué es esto, no? Despedir a la gente, ¿eh? Sí. Es eso, ¿eh? Pero queda mucho más bonito decir flexibilizar el mercado laboral que de incluso intelectual, ¿no? Decirlo. Devaluar la moneda. Devaluar la moneda, devaluar la moneda. ¿Por qué quieres devaluar la moneda? Porque así no le haces la inversión. ¿Sí? Mira, yo devalúo la moneda en un país que se llama España, que somos netamente importadores, Olvida tanto, ¿vale? No me importa.",
        "kind": "online_video",
        "file_number": "44",
        "filename": "8 1 Como solucionar estanflación-wav.json",
        "url": "https://www.youtube.com/watch?v=oqnCkgxSrec&t=204s",
        "source": "8 1 Como solucionar estanflación-wav"
    },
    {
        "number": 3,
        "timestamp_start": "00:05:43,320",
        "timestamp_end": "00:06:37,320",
        "text": "Dar ayudas a las empresas puede considerarse como una forma de incentivar el espíritu empresarial. Sin embargo, es importante tener en cuenta que otorgar ayudas a las empresas implica un aumento en los costes para el Estado. Por ejemplo, si una empresa decide reinvertir sus beneficios en lugar de distribuirlos, puede beneficiarse de ciertas ventajas fiscales, como la exención del impuesto de sociedades. Esto puede ser visto como una forma de ayuda a las empresas, pero a través de mecanismos fiscales.",
        "old_text": "No me importa. No me importa. No me importa. Venga, no pasan al micro. Vale, Capal Eric. Bueno. Dar ayudas a las empresas estaría dentro de incentivar el espíritu empresarial, ¿no? Mira, es que dar ayudas a las empresas es aumentar los costes del Estado. No, tampoco te interesa. Dar ayudas por dar ayudas, no. ¿Por qué? Porque si no te interesa, no te interesa. ¿Por qué? Porque si no te interesa, no te interesa. ¿Por qué? Porque si no te interesa, no te interesa. ¿Por qué? Porque si no te interesa, no te interesa. ¿Por qué? Porque si no te interesa, no te interesa. ¿Por qué? Sí. Vamos a negociar, entonces ya me parece bien. Por ejemplo, por ejemplo, ¿vale? Si tus beneficios los reinviertes en la empresa, no te voy a cobrar el impuesto de sociedades. Esto es dar una ayuda, ¿vale? Pero que esto sea un impuesto de sociedades. ¿Vale? Pero que esto sea un impuesto de sociedades. ¿Vale? Pero que esto sea un impuesto de sociedades. ¿Vale? Pero que esto sea un impuesto de sociedades. ¿Vale? Pero que esto sea un impuesto de sociedades. ¿Vale? Pero que esto sea un impuesto de sociedades. ¿Vale? Pero que esto sea un impuesto de sociedades. ¿Vale? Pero que esto sea un impuesto de sociedades. ¿Vale? Pero que esto sea un impuesto de sociedades. ¿Vale? Pero que esto sea un impuesto de sociedades. ¿Vale? Pero que esto sea un impuesto de sociedades. ¿Vale? Pero que esto sea un impuesto de sociedades.",
        "kind": "online_video",
        "file_number": "44",
        "filename": "8 1 Como solucionar estanflación-wav.json",
        "url": "https://www.youtube.com/watch?v=oqnCkgxSrec&t=343s",
        "source": "8 1 Como solucionar estanflación-wav"
    },
    {
        "number": 4,
        "timestamp_start": "00:06:37,320",
        "timestamp_end": "00:08:07,320",
        "text": "Un impuesto de sociedades es un tributo que recae sobre las ganancias obtenidas por las empresas en un determinado período de tiempo. Este impuesto se calcula aplicando un porcentaje a los beneficios netos de la empresa, es decir, a la diferencia entre los ingresos y los gastos deducibles. El impuesto de sociedades es una de las principales fuentes de ingresos para el Estado y suele estar regulado por la legislación de cada país. La finalidad de este impuesto es recaudar fondos para financiar el gasto público y contribuir a la redistribución de la riqueza.",
        "old_text": "¿Vale? Pero que esto sea un impuesto de sociedades. ¿Vale? Pero que esto sea un impuesto de sociedades. ¿Vale? Pero que esto sea un impuesto de sociedades. ¿Vale? Pero que esto sea un impuesto de sociedades. ¿Vale? Pero que esto sea un impuesto de sociedades. Pero que esto sea un impuesto de sociedades. ¿Vale? Pero que esto sea un impuesto de sociedades. ¿Vale? Pero que esto sea un impuesto de sociedades. ¿Vale? Pero que esto sea un impuesto de sociedades. ¿Vale? Pero que esto sea un impuesto de sociedades. ¿Vale? Pero que esto sea un impuesto de sociedades. ¿Vale? Pero que esto sea un impuesto de sociedades. ¿Vale? Pero que esto sea un impuesto de sociedades. ¿Vale? Pero que esto sea un impuesto de sociedades. ¿Vale? ¿Vale? Pero que esto sea un impuesto de sociedades. ¿Vale? Pero que esto sea un impuesto de sociedades. ¿Vale? Pero que esto sea un impuesto de sociedades. ¿Vale? Pero que esto sea un impuesto de sociedades. ¿Vale? Pero que esto sea un impuesto de sociedades. ¿Vale? Pero que esto sea un impuesto de sociedades. ¿Vale? Pero que esto sea un impuesto de sociedades. ¿Vale? Pero que esto sea un impuesto de sociedades. ¿Vale? Pero que esto sea un impuesto de sociedades. ¿Vale? Pero que esto sea un impuesto de sociedades. ¿Vale? Pero que esto sea un impuesto de sociedades. ¿Vale? Pero que esto sea un impuesto de sociedades. ¿Vale? Pero que esto sea un impuesto de sociedades. ¿Vale? Pero que esto sea un impuesto de sociedades.",
        "kind": "online_video",
        "file_number": "44",
        "filename": "8 1 Como solucionar estanflación-wav.json",
        "url": "https://www.youtube.com/watch?v=oqnCkgxSrec&t=397s",
        "source": "8 1 Como solucionar estanflación-wav"
    },
    {
        "number": 5,
        "timestamp_start": "00:08:09,320",
        "timestamp_end": "00:09:21,320",
        "text": "La imposición de sociedades es un impuesto que recae sobre los beneficios obtenidos por las empresas. Este impuesto tiene como objetivo recaudar fondos para el Estado y puede variar dependiendo de la legislación de cada país. En general, se calcula aplicando un porcentaje a los beneficios netos de la empresa. Es importante para las finanzas públicas de un país, ya que representa una fuente significativa de ingresos.",
        "old_text": "¿Vale? Pero que esto sea un impuesto de sociedades. ¿Vale? ¿Vale? Pero que esto sea un impuesto de sociedades. ¿Vale? Pero que esto sea un impuesto de sociedades. ¿Vale? Pero que esto sea un impuesto de sociedades. ¿Vale? Pero que esto sea un impuesto de sociedades. ¿Vale? Pero que esto sea un impuesto de sociedades. ¿Vale? Pero que esto sea un impuesto de sociedades. ¿Vale? Pero que esto sea un impuesto de sociedades. ¿Vale? Pero que esto sea un impuesto de sociedades. ¿Vale? Pero que esto sea un impuesto de sociedades. ¿Vale? Pero que esto sea un impuesto de sociedades. ¿Vale? Pero que esto sea un impuesto de sociedades. ¿Vale? Pero que esto sea un impuesto de sociedades. ¿Vale? Pero que esto sea un impuesto de sociedades. ¿Vale? Pero que esto sea un impuesto de sociedades. ¿Vale? Pero que esto sea un impuesto de sociedades. ¿Vale? Pero que esto sea un impuesto de sociedades. ¿Vale? Pero que esto sea un impuesto de sociedades. ¿Vale? Pero que esto sea un impuesto de sociedades. ¿Vale? Pero que esto sea un impuesto de sociedades. ¿Vale? Pero que esto sea un impuesto de sociedades. ¿Vale? Pero que esto sea un impuesto de sociedades. ¿Vale? Pero que esto sea un impuesto de sociedades. ¿Vale? Pero que esto sea un impuesto de sociedades. ¿Vale? Pero que esto sea un impuesto de sociedades. ¿Vale? Pero que esto sea un impuesto de sociedades. ¿Vale? Pero que esto sea un impuesto de sociedades. ¿Vale? Pero que esto sea un impuesto de sociedades.",
        "kind": "online_video",
        "file_number": "44",
        "filename": "8 1 Como solucionar estanflación-wav.json",
        "url": "https://www.youtube.com/watch?v=oqnCkgxSrec&t=489s",
        "source": "8 1 Como solucionar estanflación-wav"
    },
    {
        "number": 6,
        "timestamp_start": "00:09:21,320",
        "timestamp_end": "00:10:17,320",
        "text": "Un impuesto de sociedades es un tributo que grava la renta de las empresas. Este impuesto se aplica sobre los beneficios que obtienen las sociedades, es decir, sobre sus ganancias. La idea detrás de este impuesto es que las empresas contribuyan al sostenimiento de los gastos públicos en función de los beneficios que obtienen. En España, el impuesto de sociedades es uno de los principales tributos que gravan la actividad económica de las empresas.",
        "old_text": "¿Vale? Pero que esto sea un impuesto de sociedades. ¿Vale? Pero que esto sea un impuesto de sociedades. ¿Vale? Pero que esto sea un impuesto de sociedades. ¿Vale? Pero que esto sea un impuesto de sociedades. ¿Vale? Pero que esto sea un impuesto de sociedades. ¿Vale? Pero que esto sea un impuesto de sociedades. ¿Vale? Pero que esto sea un impuesto de sociedades. ¿Vale? Pero que esto sea un impuesto de sociedades. ¿Vale? Pero que esto sea un impuesto de sociedades. ¿Vale? Pero que esto sea un impuesto de sociedades. ¿Vale? Pero que esto sea un impuesto de sociedades. ¿Vale? Pero que esto sea un impuesto de sociedades. ¿Vale? Pero que esto sea un impuesto de sociedades. ¿Vale? Pero que esto sea un impuesto de sociedades. ¿Vale? Pero que esto sea un impuesto de sociedades. ¿Vale? Pero que esto sea un impuesto de sociedades. ¿Vale? Pero que esto sea un impuesto de sociedades. ¿Vale? Pero que esto sea un impuesto de sociedades. ¿Vale? Pero que esto sea un impuesto de sociedades. ¿Vale? Pero que esto sea un impuesto de sociedades. ¿Vale? Pero que esto sea un impuesto de sociedades. ¿Vale? Pero que esto sea un impuesto de sociedades. ¿Vale? Pero que esto sea un impuesto de sociedades. ¿Vale? Pero que esto sea un impuesto de sociedades. ¿Vale? Pero que esto sea un impuesto de sociedades. ¿Vale? Pero que esto sea un impuesto de sociedades. ¿Vale? Pero que esto sea un impuesto de sociedades. ¿Vale? Pero que esto sea un impuesto de sociedades.",
        "kind": "online_video",
        "file_number": "44",
        "filename": "8 1 Como solucionar estanflación-wav.json",
        "url": "https://www.youtube.com/watch?v=oqnCkgxSrec&t=561s",
        "source": "8 1 Como solucionar estanflación-wav"
    },
    {
        "number": 7,
        "timestamp_start": "00:10:17,320",
        "timestamp_end": "00:11:13,320",
        "text": "Un impuesto de sociedades es un tributo que recae sobre las ganancias obtenidas por las empresas en un determinado período de tiempo. Este impuesto se calcula aplicando un porcentaje a los beneficios netos de la empresa, es decir, a la diferencia entre los ingresos y los gastos deducibles. El objetivo principal de este impuesto es recaudar fondos para el Estado y contribuir a la redistribución de la riqueza en la sociedad.",
        "old_text": "¿Vale? Pero que esto sea un impuesto de sociedades. ¿Vale? Pero que esto sea un impuesto de sociedades. ¿Vale? Pero que esto sea un impuesto de sociedades. ¿Vale? Pero que esto sea un impuesto de sociedades. ¿Vale? Pero que esto sea un impuesto de sociedades. ¿Vale? Pero que esto sea un impuesto de sociedades. ¿Vale? Pero que esto sea un impuesto de sociedades. ¿Vale? Pero que esto sea un impuesto de sociedades. ¿Vale? Pero que esto sea un impuesto de sociedades. ¿Vale? Pero que esto sea un impuesto de sociedades. ¿Vale? Pero que esto sea un impuesto de sociedades. ¿Vale? Pero que esto sea un impuesto de sociedades. ¿Vale? Pero que esto sea un impuesto de sociedades. ¿Vale? Pero que esto sea un impuesto de sociedades. ¿Vale? Pero que esto sea un impuesto de sociedades. ¿Vale? Pero que esto sea un impuesto de sociedades. ¿Vale? Pero que esto sea un impuesto de sociedades. ¿Vale? Pero que esto sea un impuesto de sociedades. ¿Vale? Pero que esto sea un impuesto de sociedades. ¿Vale? Pero que esto sea un impuesto de sociedades. ¿Vale? Pero que esto sea un impuesto de sociedades. ¿Vale? Pero que esto sea un impuesto de sociedades. ¿Vale? Pero que esto sea un impuesto de sociedades. ¿Vale? Pero que esto sea un impuesto de sociedades. ¿Vale? Pero que esto sea un impuesto de sociedades. ¿Vale? Pero que esto sea un impuesto de sociedades. ¿Vale? Pero que esto sea un impuesto de sociedades. ¿Vale? Pero que esto sea un impuesto de sociedades.",
        "kind": "online_video",
        "file_number": "44",
        "filename": "8 1 Como solucionar estanflación-wav.json",
        "url": "https://www.youtube.com/watch?v=oqnCkgxSrec&t=617s",
        "source": "8 1 Como solucionar estanflación-wav"
    },
    {
        "number": 8,
        "timestamp_start": "00:11:13,320",
        "timestamp_end": "00:12:09,320",
        "text": "Un impuesto de sociedades es un tributo que grava la renta de las empresas. Este impuesto se aplica a los beneficios que obtienen las sociedades, es decir, las ganancias que generan después de restar los gastos deducibles. La tasa impositiva puede variar según el país y suele ser un porcentaje de los beneficios obtenidos. Es importante para el Estado recaudar impuestos de sociedades para financiar el gasto público y los servicios que ofrece a los ciudadanos.",
        "old_text": "¿Vale? Pero que esto sea un impuesto de sociedades. ¿Vale? Pero que esto sea un impuesto de sociedades. ¿Vale? Pero que esto sea un impuesto de sociedades. ¿Vale? Pero que esto sea un impuesto de sociedades. ¿Vale? Pero que esto sea un impuesto de sociedades. ¿Vale? Pero que esto sea un impuesto de sociedades. ¿Vale? Pero que esto sea un impuesto de sociedades. ¿Vale? Pero que esto sea un impuesto de sociedades. ¿Vale? Pero que esto sea un impuesto de sociedades. ¿Vale? Pero que esto sea un impuesto de sociedades. ¿Vale? Pero que esto sea un impuesto de sociedades. ¿Vale? Pero que esto sea un impuesto de sociedades. ¿Vale? Pero que esto sea un impuesto de sociedades. ¿Vale? Pero que esto sea un impuesto de sociedades. ¿Vale? Pero que esto sea un impuesto de sociedades. ¿Vale? Pero que esto sea un impuesto de sociedades. ¿Vale? Pero que esto sea un impuesto de sociedades. ¿Vale? Pero que esto sea un impuesto de sociedades. ¿Vale? Pero que esto sea un impuesto de sociedades. ¿Vale? Pero que esto sea un impuesto de sociedades. ¿Vale? Pero que esto sea un impuesto de sociedades. ¿Vale? Pero que esto sea un impuesto de sociedades. ¿Vale? Pero que esto sea un impuesto de sociedades. ¿Vale? Pero que esto sea un impuesto de sociedades. ¿Vale? Pero que esto sea un impuesto de sociedades. ¿Vale? Pero que esto sea un impuesto de sociedades. ¿Vale? Pero que esto sea un impuesto de sociedades. ¿Vale? Pero que esto sea un impuesto de sociedades.",
        "kind": "online_video",
        "file_number": "44",
        "filename": "8 1 Como solucionar estanflación-wav.json",
        "url": "https://www.youtube.com/watch?v=oqnCkgxSrec&t=673s",
        "source": "8 1 Como solucionar estanflación-wav"
    },
    {
        "number": 9,
        "timestamp_start": "00:12:09,320",
        "timestamp_end": "00:13:05,320",
        "text": "Un impuesto de sociedades es un tributo que grava la renta de las empresas. Este impuesto se aplica sobre los beneficios que obtienen las sociedades, es decir, sobre sus ganancias. La tasa impositiva puede variar dependiendo del país y del nivel de beneficios de la empresa. Es importante para el Estado recaudar impuestos de sociedades para financiar el gasto público y los servicios que ofrece a los ciudadanos.",
        "old_text": "¿Vale? Pero que esto sea un impuesto de sociedades. ¿Vale? Pero que esto sea un impuesto de sociedades. ¿Vale? Pero que esto sea un impuesto de sociedades. ¿Vale? Pero que esto sea un impuesto de sociedades. ¿Vale? Pero que esto sea un impuesto de sociedades. ¿Vale? Pero que esto sea un impuesto de sociedades. ¿Vale? Pero que esto sea un impuesto de sociedades. ¿Vale? Pero que esto sea un impuesto de sociedades. ¿Vale? Pero que esto sea un impuesto de sociedades. ¿Vale? Pero que esto sea un impuesto de sociedades. ¿Vale? Pero que esto sea un impuesto de sociedades. ¿Vale? Pero que esto sea un impuesto de sociedades. ¿Vale? Pero que esto sea un impuesto de sociedades. ¿Vale? Pero que esto sea un impuesto de sociedades. ¿Vale? Pero que esto sea un impuesto de sociedades. ¿Vale? Pero que esto sea un impuesto de sociedades. ¿Vale? Pero que esto sea un impuesto de sociedades. ¿Vale? Pero que esto sea un impuesto de sociedades. ¿Vale? Pero que esto sea un impuesto de sociedades. ¿Vale? Pero que esto sea un impuesto de sociedades. ¿Vale? Pero que esto sea un impuesto de sociedades. ¿Vale? Pero que esto sea un impuesto de sociedades. ¿Vale? Pero que esto sea un impuesto de sociedades. ¿Vale? Pero que esto sea un impuesto de sociedades. ¿Vale? Pero que esto sea un impuesto de sociedades. ¿Vale? Pero que esto sea un impuesto de sociedades. ¿Vale? Pero que esto sea un impuesto de sociedades. ¿Vale? Pero que esto sea un impuesto de sociedades.",
        "kind": "online_video",
        "file_number": "44",
        "filename": "8 1 Como solucionar estanflación-wav.json",
        "url": "https://www.youtube.com/watch?v=oqnCkgxSrec&t=729s",
        "source": "8 1 Como solucionar estanflación-wav"
    },
    {
        "number": 10,
        "timestamp_start": "00:13:05,320",
        "timestamp_end": "00:14:01,320",
        "text": "Un impuesto de sociedades es un tributo que recae sobre las ganancias que obtienen las empresas. Este impuesto se calcula aplicando un porcentaje a los beneficios netos de la compañía. Es importante para el Estado, ya que le permite recaudar fondos para financiar sus gastos y programas. La tasa de impuesto de sociedades puede variar según el país y la legislación vigente.",
        "old_text": "¿Vale? Pero que esto sea un impuesto de sociedades. ¿Vale? Pero que esto sea un impuesto de sociedades. ¿Vale? Pero que esto sea un impuesto de sociedades. ¿Vale? Pero que esto sea un impuesto de sociedades. ¿Vale? Pero que esto sea un impuesto de sociedades. Pero que esto sea un impuesto de sociedades. ¿Vale? Pero que esto sea un impuesto de sociedades. ¿Vale? Pero que esto sea un impuesto de sociedades. ¿Vale? Pero que esto sea un impuesto de sociedades. ¿Vale? Pero que esto sea un impuesto de sociedades. ¿Vale? Pero que esto sea un impuesto de sociedades. ¿Vale? Pero que esto sea un impuesto de sociedades. ¿Vale? Pero que esto sea un impuesto de sociedades. ¿Vale? Pero que esto sea un impuesto de sociedades. ¿Vale? Pero que esto sea un impuesto de sociedades. ¿Vale? Pero que esto sea un impuesto de sociedades. ¿Vale? Pero que esto sea un impuesto de sociedades. ¿Vale? Pero que esto sea un impuesto de sociedades. ¿Vale? Pero que esto sea un impuesto de sociedades. ¿Vale? Pero que esto sea un impuesto de sociedades. ¿Vale? Pero que esto sea un impuesto de sociedades. ¿Vale? Pero que esto sea un impuesto de sociedades. ¿Vale? Pero que esto sea un impuesto de sociedades. ¿Vale? Pero que esto sea un impuesto de sociedades. ¿Vale? Pero que esto sea un impuesto de sociedades. ¿Vale? Pero que esto sea un impuesto de sociedades. ¿Vale? Pero que esto sea un impuesto de sociedades. ¿Vale? Pero que esto sea un impuesto de sociedades.",
        "kind": "online_video",
        "file_number": "44",
        "filename": "8 1 Como solucionar estanflación-wav.json",
        "url": "https://www.youtube.com/watch?v=oqnCkgxSrec&t=785s",
        "source": "8 1 Como solucionar estanflación-wav"
    }
]