[
    {
        "number": 1,
        "timestamp_start": "00:00:00,000",
        "timestamp_end": "00:02:08,920",
        "text": "Mi intención es hacer diversas reflexiones sobre todo esto. Vamos a hacer un simulador de política económica. Y antes que nada, vamos a hacer dos o tres reflexiones así muy rápidas. La primera. La primera no la encontraréis en ningún libro. Pero yo la llamo la receta de la abuela. Es la conclusión que yo saco de esto. Pero acordaros, lo que yo pienso no es importante. Pero hombre, ya que hemos estado mucho tiempo juntos, os lo digo y ya está. ¿Cuál es la conclusión que yo saco de toda esta historia? Mirad. Cuando hablamos de la política fiscal, ¿en qué dijimos? Que si estábamos en una recesión, lo que teníamos que hacer era una política fiscal expansiva. Que consistía en aumentar el gasto público y bajar los impuestos. Y que esto más o menos funcionaba, ¿no? Y los posquinesianos creen que si estás en una euforia económica, que significa que la demanda agregada es superior a la oferta agregada y eso te está generando una inflación. Si hay inflación de oferta, ¿qué tenemos que hacer? Medidas que tienen que provocar esas medidas, básicamente.",
        "old_text": "Mi intención es hacer diversas reflexiones sobre todo esto. Vamos a hacer un simulador de política económica. Y antes que nada, vamos a hacer dos o tres reflexiones así muy rápidas. La primera. La primera no la encontraréis en ningún libro. ¿Vale? En ningún libro. Pero yo la llamo la receta de la abuela. ¿Vale? Es la conclusión que yo saco de esto. Pero acordaros, lo que yo pienso no es importante. Pero hombre, ya que hemos estado mucho tiempo juntos, os lo digo y ya está. ¿Vale? Pero digamos que es una conclusión off the record. No es oficial de ningún lado. Yo nunca diré que os lo he dicho. ¿Vale? ¿Cuál es la conclusión que yo saco de toda esta historia? Mirad. Cuando hablamos de la política fiscal, ¿en qué dijimos? Que... ¿En qué dijimos? Que si estábamos en una recesión, lo que teníamos que hacer era una política fiscal expansiva. Que consistía en aumentar el gasto público y bajar los impuestos. ¿Vale? Y que esto más o menos funcionaba, ¿no? Y luego os dije... Y los posquinesianos creen que si estás en una euforia económica, ¿no? ¿Vale? Que significa que la demanda agregada es superior a la oferta agregada y eso te está generando una inflación, acordaros, ¿eh? De demanda, no de oferta, de demanda, porque la oferta tenemos que trabajar de otra manera, ¿eh? ¿Os acordáis, eh? Si hay inflación de oferta, ¿qué tenemos que hacer? Medidas que tienen que provocar esas medidas, básicamente. De forma general, ¿qué tenemos que provocar? No, al revés, consumo terrible, ¿eh? Si hay inflación de oferta, ¿qué tenemos que hacer? ¿Qué tenemos que hacer? ¿Qué tenemos que hacer? ¿Qué tenemos que hacer? ¿Qué tenemos que hacer? ¿Qué tenemos que hacer? ¿Qué tenemos que hacer? ¿Qué tenemos que hacer? ¿Qué es lo que provoca? Que cae la oferta y que aumentan los costes, ¿no? Por lo tanto, tenemos que hacer medidas que provoquen, ¿qué? ¿Qué? Que bajen los costes o que...",
        "kind": "online_video",
        "file_number": "45",
        "filename": "8 2 Las recetas de la abuela-wav.json",
        "url": "https://www.youtube.com/watch?v=h6CXFp03yXY&t=0s",
        "source": "8 2 Las recetas de la abuela-wav"
    },
    {
        "number": 2,
        "timestamp_start": "00:02:08,920",
        "timestamp_end": "00:07:42,320",
        "text": "Para aumentar la oferta, la producción y el consumo, es necesario implementar políticas que fomenten el crecimiento económico. Por otro lado, si el consumo no disminuye, puede provocar un aumento en la inflación, lo cual sería perjudicial para la economía. En este sentido, se podría aplicar una política fiscal restrictiva para controlar la demanda agregada y evitar presiones inflacionarias. La política fiscal restrictiva implica reducir el gasto público y aumentar los impuestos para desincentivar el consumo y la inversión, lo que a su vez ayuda a controlar la inflación y mantener la estabilidad económica.",
        "old_text": "O que aumente la oferta, la producción, la consumo, ¿no? O toques. Si no cae el consumo, se va a disparar la inflación, va a ser terrible. ¿Vale? Bueno, lo que tendríamos que hacer era una política fiscal restrictiva, ¿os acordáis? ¿Vale? ¿Vale? ¿Vale? ¿Vale? ¿Vale? ¿Vale? ¿Vale? ¿Vale? ¿Vale? ¿Vale? ¿Vale? ¿Vale? ¿Vale? ¿Vale? ¿Vale? ¿Vale? ¿Vale? ¿Vale? ¿Vale? ¿Vale? ¿Vale? ¿Vale? ¿Vale? ¿Vale? ¿Vale? ¿Vale? ¿Vale? ¿Vale? ¿Vale? ¿Vale? ¿Vale? ¿Vale? ¿Vale? ¿Vale? ¿Vale? ¿Vale? ¿Vale? ¿Vale? ¿Vale? ¿Vale? ¿Vale? ¿Vale? ¿Vale? ¿Vale? ¿Vale? ¿Vale? ¿Vale ¿Vale? ¿Vale? ¿Vale? ¿Vale? ¿Vale? ¿Vale? ¿Vale? ¿Vale? ¿Vale? ¿Vale? ¿Vale? ¿Vale? ¿Vale? ¿Vale? ¿Vale? ¿Vale? ¿Vale? ¿Vale? ¿Vale? ¿Vale? ¿Vale? ¿Vale? ¿Vale? ¿Vale? ¿Vale? ¿Vale? ¿Vale? ¿Vale? ¿Vale? ¿Vale? ¿Vale? ¿Vale? ¿Vale? ¿Vale? ¿Vale? ¿Vale? ¿Vale? ¿Vale? ¿Vale? ¿Vale? ¿Vale? ¿Vale? ¿Vale ¿Vale? ¿Vale? ¿Vale? ¿Vale? ¿Vale? ¿Vale? ¿Vale? ¿Vale? ¿Vale? ¿Vale? ¿Vale? ¿Vale? ¿Vale? ¿Vale? ¿Vale? ¿Vale? ¿Vale? ¿Vale? ¿Vale? ¿Vale? ¿Vale? ¿Vale? ¿Vale? ¿Vale? ¿Vale? ¿Vale? ¿Vale? ¿Vale? ¿Vale? ¿Vale? ¿Vale? ¿Vale? ¿Vale? ¿Vale? ¿Vale? ¿Vale? ¿Vale? ¿Vale ¿Vale? ¿Vale? ¿Vale? para poder gastar, y en otro caso se hace para no tocar esa pasta.",
        "kind": "online_video",
        "file_number": "45",
        "filename": "8 2 Las recetas de la abuela-wav.json",
        "url": "https://www.youtube.com/watch?v=h6CXFp03yXY&t=128s",
        "source": "8 2 Las recetas de la abuela-wav"
    }
]