[
    {
        "number": 1,
        "timestamp_start": "00:00:00,000",
        "timestamp_end": "00:01:53,500",
        "text": "La inflación es el aumento sostenido y generalizado de los precios de bienes y servicios en una economía durante un periodo de tiempo. En el contexto de las políticas económicas, se pueden implementar tanto políticas fiscales como monetarias para influir en la economía. \n\nLas políticas fiscales implican acciones como aumentar el gasto público, reducir impuestos y otorgar subvenciones a la población. Por otro lado, las políticas monetarias incluyen la reducción de los tipos de interés, disminuir el encaje legal y la compra de deuda pública.\n\nA corto plazo, que se refiere a un periodo de aproximadamente un año, se espera que haya efectos en los tipos de interés, el consumo, la inversión, la demanda agregada y la ocupación. La demanda agregada se compone del consumo, la inversión y el gasto público, sin considerar las exportaciones e importaciones.\n\nA medio plazo, que abarca un periodo de dos a cuatro años, se espera observar impactos en los tipos de interés, el consumo, la inversión, la demanda agregada y la ocupación. En este análisis, se excluye la consideración de la tasa de cambio.\n\nEn resumen, las políticas fiscales y monetarias tienen como objetivo influir en la economía a corto y medio plazo, afectando variables como los tipos de interés, el consumo, la inversión, la demanda agregada y la ocupación.",
        "old_text": "¿Qué es la inflación? Vamos a llevar a cabo políticas tanto fiscales como monetarias. Políticas fiscales, pues aumentaremos el gasto público, reduciremos impuestos y daremos subvenciones a la gente. Y políticas monetarias, pues reduciremos tipos de interés, reduciremos el encaje legal y compraremos deuda pública. Ya lo sabéis esto, ¿no? Entonces, la pregunta es, ¿qué va a ocurrir a corto plazo? A corto plazo, que es de aquí a un año, eso es corto plazo, ¿vale? ¿Qué va a ocurrir con los tipos de interés? ¿Qué va a ocurrir con el consumo? ¿Qué va a ocurrir con la inversión? ¿Qué va a ocurrir con la demanda agregada? Entiendo que la demanda agregada es el consumo más la inversión más el gasto público. Y no vamos a tener en cuenta exportaciones e importaciones, pues nos vamos a complicar la vida, no vale la pena. ¿Vale? ¿Qué va a ocurrir con la ocupación? Y olvidaros de la tasa de cambio, no me interesa eso. ¿Vale? Os olvidáis, porque no vamos a entrar ahí. Y lo mismo, ¿qué va a ocurrir a medio plazo? A medio plazo. A medio plazo es dos, tres, cuatro años, es un medio plazo. ¿Vale? ¿Ok? Con los tipos de interés, con el consumo, con la inversión, con la demanda agregada y con la ocupación. ¿Vale? Va, os doy... ¿Qué hora es ahora? Uf, os doy poco, eh. Os doy como mucho siete minutos. ¿Vale? Entonces, la idea es poner una fecha para arriba, para abajo o se queda igual.",
        "kind": "online_video",
        "file_number": "46",
        "filename": "8 3 Simulador de Política Monetaria-wav.json",
        "url": "https://www.youtube.com/watch?v=jElF72c2nMs&t=0s",
        "source": "8 3 Simulador de Política Monetaria-wav"
    },
    {
        "number": 2,
        "timestamp_start": "00:01:53,500",
        "timestamp_end": "00:03:18,620",
        "text": "La importancia de comprender los conceptos macroeconómicos radica en la capacidad de razonamiento y análisis que se adquiere. No se trata simplemente de predecir si los indicadores económicos subirán, bajarán o se mantendrán estables, sino de comprender las razones detrás de estos movimientos. \n\nEn el estudio de la macroeconomía, es fundamental tener claros los conceptos y ser capaz de analizar las causas y consecuencias de los fenómenos económicos. Esto implica un proceso de aprendizaje que puede resultar en un desafío inicial, pero que con dedicación y práctica se puede superar.\n\nEs importante dedicar tiempo a asimilar los conocimientos y a reflexionar sobre ellos, en lugar de simplemente memorizar datos sin comprender su significado. La macroeconomía es una disciplina compleja, pero con paciencia y esfuerzo se pueden alcanzar sólidos conocimientos en la materia.",
        "old_text": "Un secreto. Yo al principio de hacer esto... Me llevaba una chuleta, ¿no? Claro, yo era jovencito, estaba perdonado, ¿no? ¿Vale? Entonces, para no cagarla, ¿no? Con los años me di cuenta de que aquí la chuleta la rompí. Porque depende de cómo razonemos, sube, baja o se queda igual. Entonces, lo importante aquí, ¿qué es? No decir si sube o si baja, sino ser capaz de razonar el por qué. ¿Vale? Venga, va. Vale, podemos... ¿Vale? Vamos a empezar. Una cosa que os quería decir... Eh... El curso pasado hubo un compañero vuestro que se mosqueó mogollón conmigo al final, ¿no? Y me vino un día, ya casi al final, ¿no? Un chico... Un tío súper guay, eh. Que me dijo: \"José, cuando yo empecé esto yo pensaba que sabía algo, ¿no? Y tú lo que has hecho es... Ahora tengo un lío en la cabeza que estás, ¿no? No me entero de nada, ¿no? Vale, pues eso es lo que yo deseo. ¿Vale? Claro. Lo que yo quiero es que ahora tengáis un... Un bollo aquí en la cabeza que diga: \"No hay líos en esta historia\". Porque es que es un lío. No pasa nada. ¿Vale? Entonces... Sí. Sí. Sí. Sí. Antes del lío tenéis dos alternativas. Una es que dentro de cinco días os olvidáis de esta historia para siempre, ¿no? Que es una buena alternativa, ¿por qué no? ¿No? Sí. Y la otra es que... Que lo vayáis asentando. Y que vayáis leyendo y vayáis entendiendo cosas, ¿no? ¿Vale? Haced lo que queráis.",
        "kind": "online_video",
        "file_number": "46",
        "filename": "8 3 Simulador de Política Monetaria-wav.json",
        "url": "https://www.youtube.com/watch?v=jElF72c2nMs&t=113s",
        "source": "8 3 Simulador de Política Monetaria-wav"
    },
    {
        "number": 3,
        "timestamp_start": "00:03:18,620",
        "timestamp_end": "00:05:40,920",
        "text": "Estamos ante una recesión. La pregunta es ¿Qué va a pasar jugando con una política fiscal expansiva y una política monetaria también expansiva? ¿Qué va a pasar a corto plazo con los tipos de interés? Está claro que van a bajar. ¿Por qué? Porque lo dicta la teoría económica. Por lo tanto, es evidente que bajarán. En este escenario, el consumo tiende a aumentar debido a la mayor disponibilidad de dinero en la economía, lo que a su vez impulsa las expectativas de crecimiento.",
        "old_text": "Sí. ¿Vale? Pero... Si tenéis un lío es normal, ¿vale? O sea, que no os preocupéis, ¿no? Es normal. Y si encima no habéis estudiado, entonces ya es súper normal, ¿no? ¿Vale? Muy bien. Vamos a ello. ¿Vale? Ya he conseguido, ¿no? Sí, pero... ¿Tú has estudiado, Marc, o no? Yo... lo mío. Lo tuyo, ¿no? . No, no, ya. Está bien, está bien. . . Vamos, va. . Estamos ante una recesión, ¿vale? La pregunta es... ¿Qué va a pasar... ... jugando con una política fiscal expansiva y una política monetaria también expansiva? ¿Qué va a pasar a corto plazo con los tipos IN3? . ¿Van a bajar? . ¿Estáis todos de acuerdo en que van a bajar? ¿Por qué? Porque lo dice. . Por lo tanto, es evidente que bajan porque lo bajamos, ¿no? . Vale, ya tenemos la primera, ¿no? Bajan, muy bien. ¿Qué pasa con el consumo? ¿Las expectativas? . . Claro, a ver, ¿eh? Bueno, podemos hacer toracientos del mundo. . . . . . . . . . . . . . . . . . . . . . . . . . . . . . . . . . . . . . . . . . . . . . . . . . . . . . . . . . . . . . . . . . . . . . . . . . . . . . . . . . . . . .",
        "kind": "online_video",
        "file_number": "46",
        "filename": "8 3 Simulador de Política Monetaria-wav.json",
        "url": "https://www.youtube.com/watch?v=jElF72c2nMs&t=198s",
        "source": "8 3 Simulador de Política Monetaria-wav"
    },
    {
        "number": 4,
        "timestamp_start": "00:05:40,920",
        "timestamp_end": "00:13:59,280",
        "text": "error",
        "old_text": ". . . . . . . . . . . . . . . . . . . . . . . . . . . . . . . . . . . . . . . . . . . . . . . . . . . . . . . . . . . . . . . . . . . . . . . . . . . . . . . . . . . . . . . . . . . . . . . . . . . . . . . . . . . . . . . . . . . . . . . . . . . . . . . . . . . . . . . . . . . . . . . . . . . . . . . . . . . . . . . . . . . . . . . . . . . . . . . . . . . . . . . . . . . . . . . . . . . . . . . . . . . . . . . . . . . . . . . . . . . . . . . . . . . . . . . . . . . . . . . . . . . . . . . . . .",
        "kind": "online_video",
        "file_number": "46",
        "filename": "8 3 Simulador de Política Monetaria-wav.json",
        "url": "https://www.youtube.com/watch?v=jElF72c2nMs&t=340s",
        "source": "8 3 Simulador de Política Monetaria-wav"
    },
    {
        "number": 5,
        "timestamp_start": "00:13:59,280",
        "timestamp_end": "00:14:04,760",
        "text": "Nos vemos el miércoles.",
        "old_text": ". . . . . . . . . . . . . . . . . . . . . . . . . . . . . . . . . . . . Nos vemos el miércoles.",
        "kind": "online_video",
        "file_number": "46",
        "filename": "8 3 Simulador de Política Monetaria-wav.json",
        "url": "https://www.youtube.com/watch?v=jElF72c2nMs&t=839s",
        "source": "8 3 Simulador de Política Monetaria-wav"
    }
]