[
    {
        "number": 1,
        "timestamp_start": "00:00:00,000",
        "timestamp_end": "00:02:07,300",
        "text": "La economía keynesiana se basa en las ideas del economista John Maynard Keynes, quien propuso que en el corto plazo, especialmente en situaciones de recesión, el gasto total en la economía es lo que determina el nivel de producción y empleo. Por otro lado, la inflación de oferta se refiere a un aumento generalizado en los precios debido a un incremento en los costos de producción, como por ejemplo un alza en el precio del petróleo que impacta en los costos de transporte y producción de bienes y servicios.\n\nPara salir de una inflación de oferta, es importante implementar políticas que ayuden a reducir los costos de producción, como por ejemplo incentivar la competencia en los mercados, mejorar la eficiencia en la producción, entre otras medidas. En cuanto a la política monetaria, es fundamental para regular la cantidad de dinero en circulación y controlar las tasas de interés con el objetivo de mantener la estabilidad de precios y promover el crecimiento económico.\n\nEn el caso del Banco Central Europeo, es la institución responsable de formular y ejecutar la política monetaria en la zona euro. Utiliza diferentes instrumentos, como las tasas de interés, operaciones de mercado abierto y requerimientos de reservas, para influir en las condiciones financieras y cumplir con su objetivo principal de mantener la estabilidad de precios en la eurozona.",
        "old_text": "¿Qué es la economía keynesiana? ¿Qué es una inflación de oferta? ¿Qué es lo que ocurre? Punto. Lo que yo os expliqué en clase, nada más. ¿Vale? Nada más. ¿Y cómo salirse una inflación de oferta? Punto. Todo el resto de Philips os olvidáis. Luego, de la política monetaria, que aún no la hemos visto, que hoy acabamos de verla, ¿no? ¿Vale? Hay todo un apartado que es el Banco Central Europeo. Los instrumentos que se utilizan. Olvidaros, olvidaros. Eso está ahí. Porque creo que es interesante y porque me lo ocurre. Punto. ¿Vale? Claro. Es como el Philips, ¿no? Dudo muchas veces y digo, lo saco. Pero es que si lo saco, nunca más lo voy a tener presente. ¿Sabéis? Y es lo mismo que pasa con los instrumentos del Banco Central Europeo. Si lo elimino, me olvidaré hasta yo de que existe eso, ¿no? Entonces, prefiero que estén ahí los apuntes. ¿Vale? Pero os olvidáis, os olvidáis de todo eso. ¿Ok? Vale. Ahora. Albert tiene una duda sobre la PEC. Venga, va. Es sobre la Má Invisible. La Má Invisible. Bueno, entiendo que... ¿No te oye? Y es más, mira. No. No es importante, ¿no? Vale. ¿Qué pasa con la Má Invisible? Porque la pregunta de la PEC, ¿qué es? Dice que dónde falla la Má Invisible según qué. La Má Invisible según el que hay. ¿En qué falla? ¿En qué falla? En que no saben de qué os falla y venís y yo creo que es que también...",
        "kind": "online_video",
        "file_number": "47",
        "filename": "8 4 Diversas consideraciones-wav.json",
        "url": "https://www.youtube.com/watch?v=OtAZD6E0JaI&t=0s",
        "source": "8 4 Diversas consideraciones-wav"
    },
    {
        "number": 2,
        "timestamp_start": "00:02:09,960",
        "timestamp_end": "00:03:41,180",
        "text": "La mano invisible es un concepto propuesto por el economista Adam Smith en su obra \"La riqueza de las naciones\". Smith argumentaba que, en un mercado libre, la competencia y la búsqueda del interés propio de los individuos conducirían de manera natural al beneficio de toda la sociedad, incluso sin que existiera una autoridad central que regulara la economía. La idea es que, a través de la interacción en el mercado, los individuos persiguiendo sus propios intereses contribuirían al bienestar general, como si una \"mano invisible\" guiara el proceso.\n\nEn el contexto de la economía, la mano invisible se refiere a la idea de que, en un mercado competitivo y sin intervenciones externas, la oferta y la demanda se equilibrarán por sí solas, llevando a un resultado eficiente en términos de asignación de recursos. Esto significa que los precios se ajustarán de manera que se produzca la cantidad óptima de bienes y servicios, maximizando el bienestar de la sociedad en su conjunto.\n\nEn resumen, la mano invisible de Adam Smith representa la idea de que, en un mercado libre y competitivo, las decisiones individuales de los agentes económicos, motivadas por su propio interés, pueden conducir a resultados beneficiosos para toda la sociedad.",
        "old_text": "¿Por qué? Porque tienen una responsabilidad, no si no... Vale. Esta es una posible causa, ¿no? ¿Vale? ¿Te acuerdas de la peli? El Nash. ¿Te acuerdas? Vale. ¿Sí o no? Sí, es decir, que entonces... Vivimos socialmente y, por tanto... Yo hoy tenía un dinar... ¿Un dinar? ¿Un dinar? A Malnoy, que os fará... Ya me he ido casi, pero está ahora en Kaku Unit, ¿no? Con el tío que os hará una conferencia sobre la economía social, ¿no? Y yo discutía de esto, ¿no? Claro, divertido es que él no está del todo convencido, ¿no? De lo que está trabajando, ¿no? Y yo decía, hombre, tío... ¿No? O sea, para mí es evidente, ¿no? Y para... Yo les hablaba de vosotros, ¿no? Y yo creo que tenéis esa evidencia, ¿no? O sea, si trabajáis juntos conseguimos mil veces cosas, muchas más, que si nos ponemos a competir. Hay momentos que sí que es bueno competir. Yo no digo que no. ¿Vale? Pero una cosa es competir y otra cosa es pelearse, ¿no? Que es un poco lo que hacemos en el mundo, ¿no? Eso no sirve para nada. Eso es terrible. Eso es perder energías, ¿no? Entonces, lo que nos dice Eric, ¿no? Si colaboramos es mejor. Esta es una. Y luego hay otra razón, ¿os acordáis? ¿Esto qué tiene que ver con la mano invisible? ¿Esto qué es? Ya, pero ¿de qué va? Porque los clásicos pensaban que los medios salarios eran flexibles a baja, punto. Ya está, ¿no? ¿Vale? El circuito de agua.",
        "kind": "online_video",
        "file_number": "47",
        "filename": "8 4 Diversas consideraciones-wav.json",
        "url": "https://www.youtube.com/watch?v=OtAZD6E0JaI&t=129s",
        "source": "8 4 Diversas consideraciones-wav"
    },
    {
        "number": 3,
        "timestamp_start": "00:03:41,180",
        "timestamp_end": "00:03:55,740",
        "text": "El ahorro es fundamental en la economía, ya que representa la parte de los ingresos que no se destina al consumo inmediato. Sin embargo, es importante destacar que el ahorro por sí solo no es suficiente, ya que debe convertirse en inversión para poder impulsar el crecimiento económico. Cuando el ahorro no se transforma en inversión, se generan problemas en la economía. Este es uno de los conceptos clave en la teoría macroeconómica.",
        "old_text": "El ahorro, el ahorro. Esta es la otra causa, ¿no? Si el ahorro no se convierte en inversión, mal rollo. Ese es el problema de la mano invisible. Claro, son los dos problemas de la mano invisible, ¿no?",
        "kind": "online_video",
        "file_number": "47",
        "filename": "8 4 Diversas consideraciones-wav.json",
        "url": "https://www.youtube.com/watch?v=OtAZD6E0JaI&t=221s",
        "source": "8 4 Diversas consideraciones-wav"
    }
]